pgn,name
Nh3,Amar Opening
Nh3 d5 g3 e5 f4,"Amar Opening, Paris Gambit"
Nh3 d5 g3 e5 f4 Bxh3 Bxh3 exf4 O-O fxg3 hxg3,"Amar Opening, Paris Gambit, Gent Gambit"
e3 e5 c4 d6 Nc3 Nc6 b3 Nf6,Amsterdam Attack
a3,Anderssen's Opening
a3 a5 b4,"Anderssen's Opening, Polish Gambit"
f3,Barnes Opening
f3 e5 g4 Qh4#,"Barnes Opening, Fool's Mate"
f3 d5 e4 g6 d4 dxe4 c3,"Barnes Opening, Gedult Gambit"
f3 f5 e4 fxe4 Nc3,"Barnes Opening, Gedult Gambit"
f3 e5 Kf2,"Barnes Opening, Hammerschlag"
h3,Clemenz Opening
h3 h5 g4,"Clemenz Opening, Spike Lee Gambit"
h3 d5 a3 e5,"Creepy Crawly Formation, Classical Defense"
a3 e5 b3 d5 c3 Nf6 d3 Nc6 e3 Bd6 f3 O-O g3,"Formation, Hippopotamus Attack"
a3 e5 g3 d5 Bg2 Nf6 d3 Nc6 Nd2 Bd6 e3 O-O h3,"Formation, Shy Attack"
h3 e5 a3,Global Opening
g4,Grob Opening
g4 f5,"Grob Opening, Alessi Gambit"
g4 g5,"Grob Opening, Double Grob"
g4 g5 f4,"Grob Opening, Double Grob, Coca-Cola Gambit"
g4 d5 Bg2,"Grob Opening, Grob Gambit"
g4 d5 Bg2 c6,"Grob Opening, Grob Gambit Declined"
g4 d5 Bg2 h5 gxh5,"Grob Opening, Grob Gambit, Basman Gambit"
g4 d5 Bg2 Bxg4 c4,"Grob Opening, Grob Gambit, Fritz Gambit"
g4 d5 Bg2 Bxg4 c4 d4 Bxb7 Nd7 Bxa8 Qxa8,"Grob Opening, Grob Gambit, Fritz Gambit, Romford Countergambit"
g4 d5 Bg2 e5 d4 exd4 c3,"Grob Opening, Grob Gambit, Keres Gambit"
g4 d5 Bg2 c6 c4 dxc4 b3,"Grob Opening, Grob Gambit, Richter-Grob Gambit"
g4 d5 h3 e5 Bg2 c6,"Grob Opening, Keene Defense"
g4 d5 h3 e5 Bg2 c6 d4 e4 c4 Bd6 Nc3 Ne7,"Grob Opening, Keene Defense, Main Line"
g4 e5 h3 Nc6,"Grob Opening, London Defense"
g4 d5 Bg2 Bxg4 c4 d4,"Grob Opening, Romford Countergambit"
g4 d5 Bg2 c6 g5,"Grob Opening, Spike Attack"
g4 e5 Bg2 d5 c4,"Grob Opening, Spike, Hurst Attack"
g4 d5 e4 dxe4 Nc3,"Grob Opening, Zilbermints Gambit"
g4 d5 e4 dxe4 Nc3 h5,"Grob Opening, Zilbermints Gambit, Schiller Defense"
g4 d5 e4 dxe4 Nc3 e5 d3,"Grob Opening, Zilbermints Gambit, Zilbermints-Hartlaub Gambit"
g3,Hungarian Opening
g3 Nc6 Nc3 d5 d4 e5 dxe5 d4 Ne4 f5,"Hungarian Opening, Asten Gambit"
g3 e5 a3 d5 Nf3 e4 Nh4 Be7 d3,"Hungarian Opening, Burk Gambit"
g3 d5 Bg2 e5 b4,"Hungarian Opening, Bücker Gambit"
g3 d5 Bg2 e6,"Hungarian Opening, Catalan Formation"
g3 f5,"Hungarian Opening, Dutch Defense"
g3 Nf6,"Hungarian Opening, Indian Defense"
g3 g5,"Hungarian Opening, Myers Defense"
g3 f5 e4 fxe4 Qh5+ g6,"Hungarian Opening, Pachman Gambit"
g3 e5 Nh3 d5 f4 Bxh3 Bxh3 exf4 O-O,"Hungarian Opening, Paris Gambit"
g3 e5 Nf3,"Hungarian Opening, Reversed Alekhine"
g3 e5 Nf3 e4 Ng1 Nf6 b4,"Hungarian Opening, Reversed Brooklyn Defense, Brooklyn Benko Gambit"
g3 d5 Bg2 c5,"Hungarian Opening, Reversed Modern Defense"
g3 e5 Nf3 e4 Nh4,"Hungarian Opening, Reversed Norwegian Defense"
g3 c5,"Hungarian Opening, Sicilian Invitation"
g3 d5 Bg2 c6,"Hungarian Opening, Slav Formation"
g3 g6,"Hungarian Opening, Symmetrical Variation"
g3 h5 Nf3 h4,"Hungarian Opening, Van Kuijk Gambit"
g3 d5 Bg2 e5 c4 dxc4 b3,"Hungarian Opening, Winterberg Gambit"
h4,Kádas Opening
h4 d5 Rh3,"Kádas Opening, Beginner's Trap"
h4 a5,"Kádas Opening, Koola-Koola Variation"
h4 c5 b4,"Kádas Opening, Kádas Gambit"
h4 d5 d4 c5 Nf3 cxd4 c3,"Kádas Opening, Kádas Gambit"
h4 e5 d4 exd4 c3,"Kádas Opening, Kádas Gambit"
h4 d5 d4 c5 e4,"Kádas Opening, Myers Variation"
h4 g5,"Kádas Opening, Schneider Gambit"
h4 f5 e4 fxe4 d3,"Kádas Opening, Steinbok Gambit"
g3 h5,Lasker Simul Special
d3,Mieses Opening
d3 g6 g4,"Mieses Opening, Myers Spike Attack"
d3 e5,"Mieses Opening, Reversed Rat"
d3 c5 Nc3 Nc6 g3,"Mieses Opening, Venezolana Variation"
b4,Polish Opening
b4 d5,"Polish Opening, with d5"
b4 d5 Bb2 Nf6 Nf3,"Polish Opening, with d5"
b4 d5 Bb2 Bf5,"Polish Opening, Baltic Defense"
b4 c5,"Polish Opening, Birmingham Gambit"
b4 e5 Bb2 f6 b5,"Polish Opening, Bugayev Advance Variation"
b4 e5 a3,"Polish Opening, Bugayev Attack"
b4 e5 Bb2 d6,"Polish Opening, Czech Defense"
b4 f5,"Polish Opening, Dutch Defense"
b4 d5 Bb2 Qd6,"Polish Opening, German Defense"
b4 Nc6,"Polish Opening, Grigorian Variation"
b4 Nh6,"Polish Opening, Karniewski Variation"
b4 Nf6 Bb2 g6,"Polish Opening, King's Indian Variation"
b4 Nf6 Bb2 g6 e4,"Polish Opening, King's Indian Variation, Schiffler Attack"
b4 Nf6 Bb2 g6 c4 Bg7 e3 d6 Nf3 O-O d4,"Polish Opening, King's Indian Variation, Sokolsky Attack"
b4 d5 Bb2 c6 a4,"Polish Opening, Myers Variation"
b4 c6,"Polish Opening, Outflank Variation"
b4 c6 Bb2 a5 b5,"Polish Opening, Outflank Variation, Schuehler Gambit"
b4 e6 Bb2 Nf6 b5 b6,"Polish Opening, Queen's Indian Variation"
b4 e6 Bb2 Nf6 b5 a6,"Polish Opening, Queenside Defense"
b4 e6 Bb2 Nf6 b5 a6 a4 axb5 axb5 Rxa1 Bxa1,"Polish Opening, Rooks Swap Line"
b4 e6 Bb2 Nf6 b5 d5 e3,"Polish Opening, Schiffler-Sokolsky Variation"
b4 c6 Bb2 a5 b5 cxb5 e4,"Polish Opening, Schuehler Gambit"
b4 b5,"Polish Opening, Symmetrical Variation"
b4 e5 Bb2 f6 e4,"Polish Opening, Tartakower Gambit"
b4 e5 Bb2 c5,"Polish Opening, Wolferts Gambit"
c3,Saragossa Opening
Na3,Sodium Attack
Na3 e5 d3 Bxa3 bxa3 d5 e3 c5 Rb1,"Sodium Attack, Celadon Variation"
Na3 g6 g4,"Sodium Attack, Chenoboskion Variation"
Na3 e5 Nc4 Nc6 e4 f5,"Sodium Attack, Durkin Gambit"
d3 e5 Nd2,Valencia Opening
Nc3,Van Geet Opening
a3 e5 Nc3,"Van Geet Opening, Battambang Variation"
Nc3 e5 Nf3 Bc5,"Van Geet Opening, Billockus-Johansen Gambit"
Nc3 d5 f4 e5,"Van Geet Opening, Damhaug Gambit"
Nc3 d5 e4 dxe4 f3,"Van Geet Opening, Dougherty Gambit"
Nc3 d5 e4 dxe4 d3,"Van Geet Opening, Dunst-Perrenet Gambit"
Nc3 c5 b4,"Van Geet Opening, Düsseldorf Gambit"
Nc3 e5 b3 d5 e4 dxe4 d3,"Van Geet Opening, Gladbacher Gambit"
Nc3 d5 e4 dxe4 Bc4,"Van Geet Opening, Hector Gambit"
Nc3 d6 f4 e5 fxe5 Nc6,"Van Geet Opening, Hergert Gambit"
Nc3 e5 e3 d5 Qh5 Be6,"Van Geet Opening, Hulsemann Gambit"
Nc3 d5 f4 d4 Ne4 f5 Nf2 Nf6 Nf3 c5 b4,"Van Geet Opening, Jendrossek Gambit"
Nc3 f5 e4 fxe4 d3,"Van Geet Opening, Kluever Gambit"
Nc3 b5,"Van Geet Opening, Laroche Gambit"
Nc3 e5 e3 d5 Qh5 Nf6,"Van Geet Opening, Liebig Gambit"
Nc3 d5 f4 d4 Ne4 c5,"Van Geet Opening, Melleby Gambit"
Nc3 g6 h4,"Van Geet Opening, Myers Attack"
Nc3 e5 Nf3 Nc6 d4,"Van Geet Opening, Napoleon Attack"
Nc3 c5 d4 cxd4 Qxd4 Nc6 Qh4,"Van Geet Opening, Novosibirsk Variation"
Nc3 e5 f4 exf4 e4,"Van Geet Opening, Nowokunski Gambit"
Nc3 d5 f4 d4 Ne4 e5,"Van Geet Opening, Pfeiffer Gambit"
Nc3 d5 f4 d4 Ne4 e5 Nf3,"Van Geet Opening, Pfeiffer Gambit, Sleipnir Countergambit"
Nc3 e5,"Van Geet Opening, Reversed Nimzowitsch"
Nc3 e5 d4 exd4 Qxd4 Nc6 Qa4,"Van Geet Opening, Reversed Scandinavian"
Nc3 c5 Nf3 Nc6 d4 cxd4 Nxd4,"Van Geet Opening, Sicilian Two Knights"
Nc3 d5 e3 e5 d4 Bb4,"Van Geet Opening, Sleipnir Gambit"
Nc3 c5 Rb1,"Van Geet Opening, Twyble Attack"
Nc3 Nf6 g4,"Van Geet Opening, Tübingen Gambit"
Nc3 d5 d3 Nf6 g3,"Van Geet Opening, Venezolana Variation"
Nc3 d5 f4 g5,"Van Geet Opening, Warsteiner Gambit"
e3,Van't Kruijs Opening
e3 e5 Bc4 b5 Bb3,"Van't Kruijs Opening, Bouncing Bishop Variation"
e3 e5 Nc3 Nf6 f4 exf4 Nf3,"Van't Kruijs Opening, Keoni-Hiva Gambit, Akahi Variation"
e3 e5 Nc3 Nc6 f4 exf4 Nf3,"Van't Kruijs Opening, Keoni-Hiva Gambit, Alua Variation"
e3 e5 Nc3 d5 f4 exf4 Nf3,"Van't Kruijs Opening, Keoni-Hiva Gambit, Ekolu Variation"
a4,Ware Opening
a4 b6 d4 d5 Nc3 Nd7,"Ware Opening, Cologne Gambit"
a4 e5 h4,"Ware Opening, Crab Variation"
a4 e5 Ra3,"Ware Opening, Meadow Hay Trap"
a4 a5,"Ware Opening, Symmetric Variation"
a4 e5 a5 d5 e3 f5 a6,"Ware Opening, Ware Gambit"
a4 b5 axb5 Bb7,"Ware Opening, Wing Gambit"
b3,Nimzo-Larsen Attack
b3 d5,"Nimzo-Larsen Attack, Classical Variation"
b3 f5,"Nimzo-Larsen Attack, Dutch Variation"
b3 c5,"Nimzo-Larsen Attack, English Variation"
b3 d5 Ba3,"Nimzo-Larsen Attack, Graz Attack"
b3 Nf6,"Nimzo-Larsen Attack, Indian Variation"
b3 e5,"Nimzo-Larsen Attack, Modern Variation"
b3 e5 Bb2 Nc6,"Nimzo-Larsen Attack, Modern Variation"
b3 e5 Bb2 Nc6 e3,"Nimzo-Larsen Attack, Modern Variation"
b3 e5 Bb2 Nc6 c4 Nf6,"Nimzo-Larsen Attack, Modern Variation"
b3 e5 Bb2 Nc6 f4,"Nimzo-Larsen Attack, Pachman Gambit"
b3 b5,"Nimzo-Larsen Attack, Polish Variation"
b3 f5 Bb2 e6 e4,"Nimzo-Larsen Attack, Ringelbach Gambit"
b3 Nf6 Bb2 g6 g4,"Nimzo-Larsen Attack, Spike Variation"
b3 b6,"Nimzo-Larsen Attack, Symmetrical Variation"
f4,Bird Opening
f4 Nf6 Nf3 g6 b4,"Bird Opening, Batavo-Polish Attack"
f4 f5 d4 d5,"Bird Opening, Double Duck Formation"
f4 e5,"Bird Opening, From's Gambit"
f4 e5 Nc3,"Bird Opening, From's Gambit, Bahr Gambit"
f4 e5 fxe5 d6 exd6 Nf6,"Bird Opening, From's Gambit, Langheld Gambit"
f4 e5 fxe5 d6 exd6 Bxd6 Nf3 g5,"Bird Opening, From's Gambit, Lasker Variation"
f4 e5 fxe5 d6 exd6 Bxd6 Nf3 Nh6 d4,"Bird Opening, From's Gambit, Lipke Variation"
f4 g5,"Bird Opening, Hobbs Gambit"
f4 h6 Nf3 g5,"Bird Opening, Hobbs-Zilbermints Gambit"
f4 Nh6,"Bird Opening, Horsefly Defense"
f4 e5 fxe5 f6,"Bird Opening, Lasker Gambit"
f4 Nf6 c4,"Bird Opening, Mujannah"
f4 b5,"Bird Opening, Myers Defense"
f4 e5 fxe5 Ne7,"Bird Opening, Platz Gambit"
f4 e5 fxe5 Nc6,"Bird Opening, Schlechter Gambit"
f4 e5 d4 exd4 Nf3 c5 c3,"Bird Opening, Siegener Gambit"
f4 f5 e4 fxe4 Nc3 Nf6 g4,"Bird Opening, Swiss Gambit"
f4 f5 e4,"Bird Opening, Wagner-Zwitersch Gambit"
f4 d5,"Bird Opening, Dutch Variation"
f4 d5 g4,"Bird Opening, Dutch Variation, Dudweiler Gambit"
f4 d5 Nf3 Nf6 e3 c5,"Bird Opening, Lasker Variation"
f4 d5 c4,"Bird Opening, Sturm Gambit"
f4 d5 b3 Nf6 Bb2 d4 Nf3 c5 e3,"Bird Opening, Thomas Gambit"
f4 d5 e4,"Bird Opening, Williams Gambit"
f4 d5 e4 dxe4 Nc3 Nf6 Qe2,"Bird Opening, Williams Gambit"
f4 d5 e4 dxe4 Nc3 Nf6 Nge2,"Bird Opening, Williams-Zilbermints Gambit"
Nf3 c5 e3 g6 d4 Bg7 dxc5 Qa5+,"Colle System, Rhamphorhynchus Variation"
Nf3 c5 c4 g6 d4 Bg7 e4 Qb6,"Modern Defense, Semi-Averbakh Variation, Polish Variation"
Nf3 c5 c4 g6 d4 Bg7 e4 Qa5+,"Modern Defense, Semi-Averbakh Variation, Pterodactyl Variation"
Nf3 g6 d4 Bg7 e4 d6 c4 c5 dxc5 Qa5+,"Modern Defense, Semi-Averbakh Variation, Pterodactyl Variation Accepted"
Nf3 Nh6 d4 g6,"Zukertort Defense, Kingside Variation"
Nf3 Na6 e4 c5,"Zukertort Defense, Sicilian Knight Variation"
Nf3,Zukertort Opening
Nf3 f6,"Zukertort Opening, Arctic Defense"
Nf3 f6 e4 Nh6 d4 Nf7,"Zukertort Opening, Arctic Defense, Drunken Knight Variation"
Nf3 h6,"Zukertort Opening, Basman Defense"
Nf3 Nc6,"Zukertort Opening, Black Mustang Defense"
Nf3 Na6 e4 Nh6,"Zukertort Opening, Drunken Cavalry Variation"
Nf3 f5,"Zukertort Opening, Dutch Variation"
Nf3 g5,"Zukertort Opening, Herrstrom Gambit"
Nf3 g6,"Zukertort Opening, Kingside Fianchetto"
Nf3 f5 e4,"Zukertort Opening, Lisitsyn Gambit"
Nf3 f5 d3 Nf6 e4,"Zukertort Opening, Lisitsyn Gambit Deferred"
Nf3 d6,"Zukertort Opening, Pirc Invitation"
Nf3 b5,"Zukertort Opening, Polish Defense"
Nf3 e6,"Zukertort Opening, Queen's Gambit Invitation"
Nf3 b6,"Zukertort Opening, Queenside Fianchetto Variation"
Nf3 e5,"Zukertort Opening, Ross Gambit"
Nf3 e6 c4 a6 Nc3 c5 g3 b5,"Zukertort Opening, Shabalov Gambit"
Nf3 c5,"Zukertort Opening, Sicilian Invitation"
Nf3 c6,"Zukertort Opening, Slav Invitation"
Nf3 c5 d4 cxd4 e3,"Zukertort Opening, Speelsmet Gambit"
Nf3 a6,"Zukertort Opening, St. George Defense"
Nf3 e5 Nxe5 Nc6 Nxc6 dxc6,"Zukertort Opening, The Walrus"
Nf3 d6 d4 e5,"Zukertort Opening, Vos Gambit"
Nf3 d6 e4 Bg4,"Zukertort Opening, Wade Defense"
Nf3 a5,"Zukertort Opening, Ware Defense"
Nf3 Nf6 g3 d5,King's Indian Attack
Nf3 Nf6 g3 g6 b4,"King's Indian Attack, Smyslov Variation"
Nf3 Nf6 g3 b5,"King's Indian Attack, Spassky Variation"
Nf3 Nf6 g3 g6,"King's Indian Attack, Symmetrical Defense"
Nf3 Nf6 g3 g6 Bg2 Bg7 O-O O-O d3 d5,"King's Indian Attack, Wahls Defense"
Nf3 Nf6 b4 g6 Bb2,"Polish Opening, Zukertort System"
Nf3 Nf6,Zukertort Opening
Nf3 Nf6 Nc3 Nc6,Zukertort Opening
Nf3 Nf6 g3 g6 b3 Bg7 Bb2 O-O Bg2 d6 O-O,"Zukertort Opening, Double Fianchetto Attack"
Nf3 Nf6 e4,"Zukertort Opening, Lemberger Gambit"
Nf3 Nf6 a4 g6 b4,"Zukertort Opening, Myers Polish Attack"
Nf3 Nf6 b3,"Zukertort Opening, Nimzo-Larsen Variation"
Nf3 Nf6 e3,"Zukertort Opening, Quiet System"
Nf3 d5 b3,"Nimzo-Larsen Attack, Classical Variation"
Nf3 d5 b3 c5 e4,"Nimzo-Larsen Attack, Norfolk Gambit"
Nf3 d5 b3 Nf6 Bb2 c5 e4,"Nimzo-Larsen Attack, Norfolk Gambit"
Nf3 d5,Zukertort Opening
Nf3 d5 Rg1,"Zukertort Opening, Ampel Variation"
Nf3 d5 d3,"Zukertort Opening, Old Indian Attack"
Nf3 d5 e3 c5 c4 dxc4 b3,"Zukertort Opening, Pachman Gambit"
Nf3 d5 b3 c5 c4 dxc4 Nc3,"Zukertort Opening, Regina-Nu Gambit"
Nf3 d5 Nc3,"Zukertort Opening, Reversed Mexican Defense"
b4 d5 Nf3,"Zukertort Opening, Santasiere's Folly"
e4 d5 Nf3,"Zukertort Opening, Tennison Gambit"
e4 d5 Nf3 dxe4 Ng5 Nf6 Nc3 Bf5 Qe2 Qd4,"Zukertort Opening, Tennison Gambit, Brigg's Trap"
Nf3 d5 a4,"Zukertort Opening, The Potato"
g3 d5 Nf3 g5,"Hungarian Opening, Wiedenhagen-Beta Gambit"
Nf3 d5 g3,King's Indian Attack
Nf3 Nf6 g3 d5 Bg2 c6 O-O Bf5,"King's Indian Attack, with Bf5"
Nf3 Nf6 g3 d5 Bg2 c6 O-O Bf5 d3 h6,"King's Indian Attack, with Bf5"
Nf3 Nf6 g3 d5 Bg2 c6 O-O Bf5 d3 h6 c4 dxc4,"King's Indian Attack, with Bf5"
Nf3 Nf6 g3 d5 Bg2 c6 O-O Bf5 d3 e6 Nbd2,"King's Indian Attack, with Bf5"
Nf3 Nf6 g3 d5 Bg2 c6 O-O Bf5 d3 e6 Nh4,"King's Indian Attack, with Bf5"
Nf3 Nf6 g3 d5 Bg2 e6,"King's Indian Attack, with e6"
Nf3 Nf6 g3 d5 Bg2 e6 O-O Be7,"King's Indian Attack, with e6"
Nf3 d5 g3 g6,"King's Indian Attack, Double Fianchetto"
Nf3 d5 g3 Bg4,"King's Indian Attack, Keres Variation"
Nf3 d5 g3 Bg4 Bg2 Nd7,"King's Indian Attack, Keres Variation"
Nf3 d5 g3 c6 Bg2 Bg4 O-O Nd7,"King's Indian Attack, Keres Variation"
Nf3 d5 g3 c6 Bg2 Bg4 O-O Nd7 d4 Ngf6 c4 e6 cxd5 exd5 Nc3 Bd6,"King's Indian Attack, Keres Variation"
Nf3 d5 g3 e5,"King's Indian Attack, Omega-Delta Gambit"
Nf3 d5 g3 g6 Bg2 Bg7 O-O e5 d3 Ne7,"King's Indian Attack, Pachman System"
Nf3 d5 g3 c5,"King's Indian Attack, Sicilian Variation"
Nf3 Nf6 g3 d5 Bg2 c6 O-O Bg4,"King's Indian Attack, Yugoslav Variation"
c4 e6 Nf3 d5 g3 Nf6 Bg2 b6 O-O,"King's Indian Attack, Yugoslav Variation"
Nf3 d5 g3 c5 Bg2 Nc6,"King's Indian Attack, French Variation"
e4 e6 d3 d5 Nd2 Nf6 Ngf3 c5 g3 Nc6 Bg2 Be7 O-O O-O Re1,"King's Indian Attack, Sicilian Variation"
Nf3 d5 g3 c5 Bg2,"King's Indian Attack, Sicilian Variation"
Nf3 d5 g3 c5 Bg2 Nf6 O-O e6 d3,"King's Indian Attack, Sicilian Variation"
Nf3 d5 g3 c5 Bg2 Nc6 d4,"Zukertort Opening, Reversed Grünfeld"
Nf3 d5 g3 c5 Bg2 Nc6 d4 Nf6,"Zukertort Opening, Reversed Grünfeld"
Nf3 d5 g3 c5 Bg2 Nc6 d4 Nf6 O-O,"Zukertort Opening, Reversed Grünfeld"
Nf3 d5 g3 c5 Bg2 Nc6 d4 e6 O-O,"Zukertort Opening, Reversed Grünfeld"
Nf3 d5 c4,Réti Opening
Nf3 d5 c4 d4,"Réti Opening, Advance Variation"
Nf3 d5 c4 d4 b4 c5,"Réti Opening, Advance Variation, Michel Gambit"
Nf3 d5 c4 d4 b4 g5,"Réti Opening, Advance Variation, Navara Gambit"
Nf3 d5 c4 d4 Rg1,"Réti Opening, Penguin Variation"
Nf3 d5 c4 d4 e3 c5 b4,"Réti Opening, Reversed Blumenfeld Gambit"
Nf3 d5 c4 dxc4,"Réti Opening, Réti Accepted"
Nf3 d5 c4 dxc4 e3 Be6,"Réti Opening, Réti Gambit, Keres Variation"
Nf3 d5 c4 b5,"Réti Opening, Zilbermints Gambit"
c4,English Opening
c4 Nf6 e4,"English Opening, Achilles-Omega Gambit"
c4 g6 e4 e5,"English Opening, Adorjan Defense"
c4 f5,"English Opening, Anglo-Dutch Defense"
c4 f5 e4,"English Opening, Anglo-Dutch Defense, Hickmann Gambit"
c4 f5 Nf3 d6 e4,"English Opening, Anglo-Dutch Variation, Chabanon Gambit"
c4 f5 Nc3 Nf6 e4,"English Opening, Anglo-Dutch Variation, Ferenc Gambit"
c4 Nc6,"English Opening, Anglo-Lithuanian Variation"
c4 d5,"English Opening, Anglo-Scandinavian Defense"
c4 d5 cxd5 e6,"English Opening, Anglo-Scandinavian Defense, Löhn Gambit"
c4 d5 cxd5 Qxd5 Nc3 Qa5,"English Opening, Anglo-Scandinavian Defense, Malvinas Variation"
c4 d5 cxd5 Nf6,"English Opening, Anglo-Scandinavian Defense, Schulz Gambit"
c4 g6,"English Opening, Great Snake Variation"
c4 b5,"English Opening, Jaenisch Gambit"
c4 g6 Nc3 Bg7 g3 Nf6 Bg2 O-O e4 d6 Nge2 e5 O-O c6 d3 a6,"English Opening, King's English Variation, Botvinnik System, Prickly Pawn Pass System"
c4 g5,"English Opening, Myers Defense"
c4 g5 d4 Bg7,"English Opening, Myers Gambit"
c4 f5 Nc3 Nf6 e4 fxe4 g4,"English Opening, Porcupine Variation"
c4 f5 g4,"English Opening, Wade Gambit"
c4 g5 d4 e5,"English Opening, Zilbermints Gambit"
c4 c6,"English Opening, Caro-Kann Defensive System"
c4 c6 Nf3 d5 e3,"Réti Opening, Anglo-Slav Variation, Gurevich System"
c4 c6 Nf3 d5 e3 Nf6 Qc2,"Réti Opening, Anglo-Slav Variation, Gurevich System"
c4 c6 Nf3 d5 e3 Nf6 Nc3 Nbd7 Qc2,"Réti Opening, Anglo-Slav Variation, Gurevich System"
c4 c6 Nf3 d5 e3 Nf6 Nc3 Nbd7 b3 e5,"Réti Opening, Anglo-Slav Variation, Gurevich System"
c4 c6 Nf3 d5 e3 Nf6 Nc3 e6 b3 Bd6,"Réti Opening, Anglo-Slav Variation, Gurevich System"
c4 c6 Nf3 d5 g3 Nf6 b3 g6,"Réti Opening, Anglo-Slav Variation, with g3"
c4 c6 Nf3 d5 g3 Nf6 Bg2,"Réti Opening, Anglo-Slav Variation, with g3"
c4 c6 Nf3 d5 g3 Nf6 Bg2 dxc4,"Réti Opening, Anglo-Slav Variation, with g3"
c4 c6 Nf3 d5 g3 Nf6 Bg2 Bf5,"Réti Opening, Anglo-Slav Variation, with g3"
c4 c6 Nf3 d5 g3 Nf6 Bg2 Bf5 O-O e6 d3,"Réti Opening, Anglo-Slav Variation, with g3"
Nf3 Nf6 g3 d5 Bg2 c6 O-O Bf5 d3 h6 c4 e6,"Réti Opening, Anglo-Slav Variation, with g3"
c4 Nf6 g3 c6 Nf3 d5 b3,"Réti Opening, Anglo-Slav Variation"
Nf3 d5 b3 Nf6 Bb2 g6 c4 c6,"Réti Opening, Anglo-Slav Variation, Bled Variation"
Nf3 d5 c4 c6 b3,"Réti Opening, Anglo-Slav Variation, Bogoljubow Variation"
Nf3 d5 c4 c6 b3 Bg4,"Réti Opening, Anglo-Slav Variation, Bogoljubow Variation"
Nf3 d5 c4 c6 b3 Bf5,"Réti Opening, Anglo-Slav Variation, Bogoljubow Variation"
Nf3 d5 c4 c6 b3 Bf5 Bb2,"Réti Opening, Anglo-Slav Variation, Bogoljubow Variation"
c4 Nf6 Nf3 c6 b3 d5 Bb2 Bg4,"Réti Opening, Anglo-Slav Variation, Capablanca Variation"
c4 Nf6 Nf3 c6 b3 d5 Bb2 Bg4 e3,"Réti Opening, Anglo-Slav Variation, Capablanca Variation"
c4 Nf6 Nf3 c6 b3 d5 Bb2 Bg4 d3,"Réti Opening, Anglo-Slav Variation, Capablanca Variation"
c4 Nf6 g3 c6 Nf3 d5 b3 Bf5,"Réti Opening, Anglo-Slav Variation, London Defensive System"
c4 Nf6 g3 c6 Nf3 d5 b3 Bf5 Bg2,"Réti Opening, Anglo-Slav Variation, London Defensive System"
c4 Nf6 g3 c6 Nf3 d5 b3 Bf5 Bg2 e6 Bb2,"Réti Opening, Anglo-Slav Variation, London Defensive System"
c4 Nf6 g3 c6 Nf3 d5 b3 Bf5 Bb2,"Réti Opening, Anglo-Slav Variation, London Defensive System"
Nf3 Nf6 c4 c6 b3 d5 Bb2 Bf5,"Réti Opening, Anglo-Slav Variation, New York System"
Nf3 Nf6 c4 c6 b3 d5 Bb2 Bf5 e3,"Réti Opening, Anglo-Slav Variation, New York System"
Nf3 Nf6 c4 c6 b3 d5 Bb2 Bf5 d3,"Réti Opening, Anglo-Slav Variation, New York System"
c4 Nf6 g3 c6 Nf3 d5 b3 Bg4,"Réti Opening, Anglo-Slav Variation, Torre System"
c4 Nf6 g3 c6 Nf3 d5 b3 Bg4 Bg2,"Réti Opening, Anglo-Slav Variation, Torre System"
c4 Nf6 g3 c6 Nf3 d5 b3 Bg4 Bg2 e6 Bb2,"Réti Opening, Anglo-Slav Variation, Torre System"
c4 Nf6 g3 c6 Nf3 d5 b3 Bg4 Bb2,"Réti Opening, Anglo-Slav Variation, Torre System"
c4 Nf6 g3 c6 Nf3 d5 b3 dxc4,"Réti Opening, Anglo-Slav Variation, with dxc4"
c4 e6,"English Opening, Agincourt Defense"
c4 e6 Nf3,"English Opening, Agincourt Defense"
c4 e6 Nf3 d5,"English Opening, Agincourt Defense"
c4 e6 Nf3 d5 b3 Nf6 Bb2 Be7 e3 O-O,"English Opening, Agincourt Defense"
c4 e6 Nf3 d5 b3 Nf6 Bb2 Be7 e3 O-O d4,"English Opening, Agincourt Defense"
c4 e6 Nf3 d5 g3 Nf6 Bg2 Bd6,"English Opening, Agincourt Defense, Bogoljubow Defense"
c4 e6 Nf3 d5 g3 b6 Bg2 Bb7 O-O,"English Opening, Agincourt Defense, Catalan Defense"
c4 e6 Nf3 d5 g3 c5,"English Opening, Agincourt Defense, Catalan Defense"
c4 e6 Nf3 Nf6 g3 d5 Bg2 dxc4,"English Opening, Agincourt Defense, Catalan Defense Accepted"
c4 e6 Nf3 Nf6 g3 d5 Bg2 c6,"English Opening, Agincourt Defense, Catalan Defense, Semi-Slav Defense"
c4 e6 Nf3 d5 g3 c6,"English Opening, Agincourt Defense, Kurajica Defense"
c4 e6 Nf3 d5 g3 Nf6 Bg2 c5 b3 Nc6 O-O Be7,"English Opening, Agincourt Defense, Tarrasch Defense"
c4 e6 Nf3 Nf6 b3 d5 Bb2 c5 e3,"English Opening, Agincourt Defense, Wimpy System"
c4 e6 Nf3 d5 g3 Nf6,"English Opening, Neo-Catalan"
c4 e6 Nf3 d5 g3 Nf6 Bg2 Be7,"English Opening, Neo-Catalan Declined"
c4 Nf6 Nf3 e6 g3 a6 Bg2 b5,"English Opening, Romanishin Gambit"
c4 e6 Nf3 d5 g3 Nf6 Bg2 Be7 O-O c5 cxd5 Nxd5 Nc3 Nc6,"English Opening, Agincourt Defense, Keres Defense"
c4 e6 Nf3 d5 g3 Nf6 Bg2 Be7 O-O,"English Opening, Agincourt Defense, Neo-Catalan Declined"
c4 e6 Nf3 d5 g3 Nf6 Bg2 Be7 O-O O-O b3,"English Opening, Agincourt Defense, Neo-Catalan Declined"
Nf3 d5 g3 Nf6 Bg2 e6 O-O Be7 c4 O-O b3 c5,"English Opening, Agincourt Defense, Neo-Catalan Declined"
Nf3 d5 g3 Nf6 Bg2 e6 O-O Be7 c4 O-O b3 c5 e3,"English Opening, Agincourt Defense, Neo-Catalan Declined"
Nf3 d5 g3 Nf6 Bg2 e6 O-O Be7 c4 O-O b3 c5 e3 d4,"English Opening, Agincourt Defense, Neo-Catalan Declined"
Nf3 d5 g3 Nf6 Bg2 e6 O-O Be7 c4 O-O b3 c5 e3 Nc6,"English Opening, Agincourt Defense, Neo-Catalan Declined"
c4 e6 Nf3 d5 g3 Nf6 Bg2 Be7 b3,"English Opening, Agincourt Defense, Neo-Catalan Declined, Early b3"
c4 e6 Nf3 d5 g3 Nf6 Bg2 Be7 b3 b6,"English Opening, Agincourt Defense, Neo-Catalan Declined, Early b3"
c4 e6 Nf3 d5 g3 Nf6 Bg2 Be7 b3 c5,"English Opening, Agincourt Defense, Neo-Catalan Declined, Early b3"
Nf3 d5 c4 c6 g3 Nf6 Bg2 e6 b3 Be7 Bb2,"Réti Opening, Anglo-Slav Variation"
Nf3 d5 c4 e6 g3 Nf6 Bg2 Be7 O-O O-O b3 c6 Bb2,"Réti Opening, Anglo-Slav Variation, Bogoljubow Variation, Stonewall Line"
c4 Nf6,"English Opening, Anglo-Indian Defense"
c4 Nf6 Nc3 g6 Nf3 Bg7 e4,"English Opening, Anglo-Indian Defense, Anti-Anti-Grünfeld"
c4 Nf6 Nf3 g6 g3 d5,"English Opening, Anglo-Indian Defense, Grünfeld Formation"
c4 Nf6 Nf3 g6,"English Opening, Anglo-Indian Defense, King's Indian Formation"
c4 Nf6 Nf3 g6 g3 b6 Bg2 Bb7,"English Opening, Anglo-Indian Defense, King's Indian Formation, Double Fianchetto"
c4 Nf6 Nf3,"English Opening, Anglo-Indian Defense, King's Knight Variation"
c4 Nf6 Nf3 d6,"English Opening, Anglo-Indian Defense, Old Indian Formation"
c4 Nf6 Nf3 b6,"English Opening, Anglo-Indian Defense, Queen's Indian Formation"
c4 e6 Nf3 Nf6 g3 b6 Bg2 Bb7,"English Opening, Anglo-Indian Defense, Queen's Indian Formation"
c4 e6 Nf3 Nf6 g3 a6,"English Opening, Anglo-Indian Defense, Romanishin Variation"
c4 Nf6 Nf3 d5,"English Opening, Anglo-Indian Defense, Scandinavian Defense"
c4 Nf6 Nf3 d5 cxd5 Nxd5,"English Opening, Anglo-Indian Defense, Scandinavian Defense, Exchange Variation"
c4 Nf6 Nf3 g6 g3 c6,"English Opening, Anglo-Indian Defense, Slav Formation"
c4 Nf6 b4,English Orangutan
c4 Nf6 Nf3 g6 b4,English Orangutan
c4 Nf6 Nc3 d5,"English Opening, Anglo-Grünfeld Defense"
c4 Nf6 Nc3 d5 cxd5 Nxd5 Nf3 g6 g3 Bg7 Bg2 e5,"English Opening, Anglo-Grünfeld Defense, Korchnoi Variation"
c4 Nf6 Nc3 d5 cxd5 Nxd5 Nf3,"English Opening, Anglo-Indian Defense, Anglo-Grünfeld Variation"
c4 Nf6 Nc3 d5 cxd5 Nxd5 Nf3 g6,"English Opening, Anglo-Indian Defense, Anglo-Grünfeld Variation"
c4 Nf6 Nc3 d5 cxd5 Nxd5 g3 g6 Bg2 Nb6,"English Opening, Anglo-Indian Defense, Anglo-Grünfeld Variation"
c4 Nf6 Nc3 d5 cxd5 Nxd5 g3 g6 Bg2 Nxc3,"English Opening, Anglo-Indian Defense, Anglo-Grünfeld Variation"
c4 Nf6 Nc3,"English Opening, Anglo-Indian Defense, Queen's Knight Variation"
c4 Nf6 Nc3 d5 cxd5 Nxd5 Nf3 c5 e3 e6,"English Opening, Anglo-Indian Defense"
c4 Nf6 Nc3 e6,"English Opening, Anglo-Indian Defense, Hedgehog System"
c4 Nf6 Nc3 e6 Nf3 Bb4,"English Opening, Anglo-Indian Defense, Nimzo-English"
c4 e6 Nc3 Nf6 Nf3 b6,"English Opening, Anglo-Indian Defense, Queen's Indian Formation"
c4 e6 Nc3 Nf6 Nf3 b6 e4 Bb7 Bd3,"English Opening, Anglo-Indian Defense, Queen's Indian Variation"
c4 e6 Nc3 Nf6 Nf3 Bb4 g4,"English Opening, Anglo-Indian Defense, Zvjaginsev-Krasenkow Attack"
c4 e6 Nc3 Nf6 e4,"English Opening, Mikenas-Carls Variation"
c4 e6 Nc3 Nf6 e4 Nc6,"English Opening, Mikenas-Carls Variation"
c4 e6 Nc3 Nf6 e4 d5 e5,"English Opening, Mikenas-Carls Variation"
c4 e6 Nc3 Nf6 e4 c5 e5 Ng8,"English Opening, Anglo-Indian Defense, Flohr-Mikenas-Carls Variation, Nei Gambit"
c4 e6 Nc3 Nf6 e4 c5,"English Opening, Mikenas-Carls, Sicilian"
c4 e5 g3 h5,"English Opening, Drill Variation"
c4 e5,"English Opening, King's English Variation"
c4 e5 e3 Nf6 f4 exf4 Nf3,"English Opening, King's English Variation, Kahiko-Hula Gambit"
c4 e5 Nf3,"English Opening, King's English Variation, Nimzowitsch Variation"
c4 e5 Nf3 e4,"English Opening, King's English Variation, Nimzowitsch-Flohr Variation"
c4 e5 Nc3 d6 Nf3,"English Opening, King's English Variation"
c4 e5 Nc3 d6 g3 c6,"English Opening, King's English Variation, Keres Defense"
c4 e5 Nc3 Bb4,"English Opening, King's English Variation, Kramnik-Shirov Counterattack"
c4 e5 Nc3,"English Opening, King's English Variation, Reversed Sicilian"
c4 e5 Nc3 d6 Nf3 Bg4,"English Opening, King's English Variation, Smyslov Defense"
c4 e5 Nc3 Nc6 g3 d6 Bg2 Be6,"English Opening, King's English Variation, Troger Defense"
c4 e5 Nc3 Nf6 g3,"English Opening, Carls-Bremen System"
c4 e5 Nc3 Nf6 Nf3 e4 Ng5 c6,"English Opening, King's English Variation, Adhiban Gambit"
c4 e5 Nc3 Nf6 Nf3 e4 Ng5 b5,"English Opening, King's English Variation, Bellon Gambit"
c4 e5 Nc3 Nf6,"English Opening, King's English Variation, Two Knights Variation"
c4 e5 Nc3 Nf6 g3 d5,"English Opening, King's English Variation, Two Knights Variation, Reversed Dragon"
c4 e5 Nc3 Nf6 g3 Bb4,"English Opening, King's English Variation, Two Knights Variation, Smyslov System"
c4 e5 Nc3 Nf6 Nf3 e4 Ng5 Ng4,"English Opening, King's English, Erbenheimer Gambit"
c4 e5 Nc3 Nf6 f4,"English Opening, King's English, Mazedonisch"
c4 e5 Nc3 Nf6 g3 c6,"English Opening, King's English Variation, Two Knights Variation, Keres Variation"
c4 e5 Nc3 Nf6 g3 Bc5 Bg2 c6,"English Opening, King's English Variation, Two Knights Variation, Keres Variation"
c4 e5 Nc3 Nf6 g3 g6,"English Opening, King's English Variation, Two Knights Variation, Fianchetto Line"
c4 e5 Nc3 Nc6 g3 g6 Rb1 Nh6 Bg2 Bg7,"English Opening, Closed, Taimanov Variation"
c4 e5 Nc3 Nc6 g3 g6 Bg2 Bg7 e3 d6 Nge2 Nh6,"English Opening, Closed, Taimanov Variation"
c4 e5 Nc3 Nc6 g3 g6 Bg2 Bg7 e3 d6 Nge2 Be6,"English Opening, King's English Variation, Bremen-Hort Variation"
c4 e5 Nc3 Nc6 g3 g6 Bg2 Bg7 d3,"English Opening, King's English Variation, Closed System"
c4 e5 Nc3 Nc6 g3 g6 Bg2 Bg7 Rb1,"English Opening, King's English Variation, Hungarian Attack"
c4 e5 Nc3 Nc6,"English Opening, King's English Variation, Reversed Closed Sicilian"
c4 e5 g3 Nf6 Bg2 Nc6 Nc3 Bb4 Nd5,"English Opening, King's English Variation, Reversed Closed Sicilian"
c4 e5 g3 Nf6 Bg2 Nc6 Nc3 Bb4 e4 d6 Nge2,"English Opening, King's English Variation, Reversed Closed Sicilian"
c4 e5 g3 Nf6 Bg2 Nc6 Nc3 Bb4 e4 d6 Nge2 Bg4,"English Opening, King's English Variation, Reversed Closed Sicilian"
c4 e5 Nc3 Nf6 g3 Bb4 e4 O-O Nge2 Nc6 Bg2,"English Opening, King's English Variation, Reversed Closed Sicilian"
c4 e5 Nc3 Nc6 g3 g6 Bg2 Bg7,"English Opening, King's English Variation, Taimanov Variation"
c4 e5 Nc3 Nc6 g3 g6 Bg2 Bg7 d3 d6 e4,"English Opening, King's English Variation, Botvinnik System"
c4 e5 Nc3 Nc6 g3 g6 Bg2 Bg7 d3 d6,"English Opening, King's English Variation, Closed System, Full Symmetry"
c4 e5 Nc3 Nc6 Nf3,"English Opening, King's English Variation, Three Knights System"
c4 e5 Nc3 Nf6 Nf3 Nc6 e4,"English Opening, Four Knights System, Nimzowitsch Variation"
c4 e5 Nc3 Nf6 Nf3 Nc6,"English Opening, King's English Variation, Four Knights Variation"
c4 e5 Nc3 Nf6 Nf3 Nc6 d4 exd4 Nxd4 Bb4 Bg5 h6 Bh4 Bxc3+ bxc3 Ne5,"English Opening, King's English Variation, Four Knights Variation"
c4 e5 Nc3 Nf6 Nf3 Nc6 d4 e4,"English Opening, King's English Variation, Four Knights Variation, Bradley Beach Variation"
c4 e5 Nc3 Nf6 Nf3 Nc6 d3,"English Opening, King's English Variation, Four Knights Variation, Flexible Line"
c4 e5 Nc3 Nf6 Nf3 Nc6 a3,"English Opening, King's English Variation, Four Knights Variation, Korchnoi Line"
c4 e5 Nc3 Nf6 Nf3 Nc6 e3,"English Opening, King's English Variation, Four Knights Variation, Quiet Line"
c4 e5 Nc3 Nf6 Nf3 Nc6 e3 Bb4 Qc2 Bxc3,"English Opening, King's English Variation, Four Knights Variation, Quiet Line"
c4 e5 Nc3 Nf6 Nf3 Nc6 e3 Bb4 Qc2 O-O Nd5 Re8 Qf5,"English Opening, King's English Variation, Four Knights Variation, Quiet Line"
c4 e5 Nc3 Nf6 Nf3 Nc6 g3,"English Opening, King's English Variation, Four Knights Variation, Fianchetto Line"
c4 e5 Nc3 Nf6 Nf3 Nc6 g3 Bb4,"English Opening, King's English Variation, Four Knights Variation, Fianchetto Line"
c4 e5 Nc3 Nf6 Nf3 Nc6 g3 Bb4 Bg2 Bxc3 dxc3 d6 O-O O-O,"English Opening, King's English Variation, Four Knights Variation, Fianchetto Line"
c4 e5 g3 Nf6 Bg2 d5 cxd5 Nxd5 Nf3 Nc6,"English Opening, King's English Variation, Four Knights Variation, Fianchetto Line"
c4 e5 g3 Nf6 Bg2 d5 cxd5 Nxd5 Nf3 Nc6 d3,"English Opening, King's English Variation, Four Knights Variation, Fianchetto Line"
c4 e5 g3 Nf6 Bg2 d5 cxd5 Nxd5 Nf3 Nc6 d3 Be7 O-O O-O,"English Opening, King's English Variation, Four Knights Variation, Fianchetto Line"
c4 e5 Nc3 Nf6 g3 Bb4 Bg2 O-O Nf3 Re8 O-O e4 Nd4 Nc6,"English Opening, King's English Variation, Four Knights Variation, Fianchetto Line, Delayed .. Nc6"
c4 e5 Nc3 Nf6 Nf3 Nc6 g3 Bc5 d3 d6 Bg2,"English Opening, King's English Variation, Four Knights Variation, Fianchetto Line, with .. d6"
c4 e5 Nc3 Nf6 Nf3 Nc6 g3 Bc5 d3 d6 Bg2 O-O O-O,"English Opening, King's English Variation, Four Knights Variation, Fianchetto Line, with .. d6"
c4 e5 Nc3 Nf6 g3 Nc6 Bg2 d6 d3 Be7 Nf3 O-O,"English Opening, King's English Variation, Four Knights Variation, Fianchetto Line, with .. d6, Be7"
c4 e5 Nc3 Nf6 Nf3 Nc6 g3 Bc5 d3 d6 Bg2 a6,"English Opening, King's English Variation, Four Knights Variation, Fianchetto Line, with .. d6, a6"
c4 e5 Nc3 Nf6 Nf3 Nc6 g3 Bc5 d3 d6 Bg2 h6,"English Opening, King's English Variation, Four Knights Variation, Fianchetto Line, with .. d6, h6"
c4 e5 Nc3 Nf6 Nf3 Nc6 g3 d5 cxd5 Nxd5 Bg2 Bc5,"English Opening, King's English Variation, Four Knights Variation, Fianchetto Line, with Bc5"
c4 e5 Nc3 Nf6 Nf3 Nc6 g3 d5 cxd5 Nxd5 Bg2 Nb6,"English Opening, King's English Variation, Four Knights Variation, Fianchetto Line, with Nb6"
c4 c5,"English Opening, Symmetrical Variation"
c4 c5 Nf3,"English Opening, Symmetrical Variation"
c4 e6 Nf3 Nf6 Nc3 c5 g3 b6 Bg2 Bb7 O-O Be7,"English Opening, Symmetrical Variation, Hedgehog Defense"
c4 c5 Nf3 Nf6 b4,"English Opening, Symmetrical Variation, Napolitano Gambit"
c4 e6 Nf3 c5 Nc3 Nf6 g3 b6 Bg2 Bb7 O-O Be7 d4 cxd4 Qxd4 d6 Rd1 a6 b3 Nbd7,"English Opening, Symmetrical, Hedgehog, Flexible Formation"
c4 c5 b4,"English Opening, Wing Gambit"
c4 Nf6 d4 c5 Nf3,"English Opening, Symmetrical Variation, Anti-Benoni Variation"
c4 e6 d4 c5 Nf3 cxd4 Nxd4 Nf6,"English Opening, Symmetrical Variation, Anti-Benoni Variation, Spielmann Defense"
c4 e6 Nf3 Nf6 Nc3 c5 d4 Nc6 g3 cxd4 Nxd4 Qb6,"English Opening, Symmetrical Variation, Anti-Benoni Variation, Geller Variation"
c4 e6 Nf3 Nf6 Nc3 c5 d4 cxd4 Nxd4 Nc6,"English Opening, Symmetrical Variation, Anti-Benoni Variation, Spielmann Defense"
c4 c5 Nf3 Nf6 Nc3 Nc6 g3 d5 d4 cxd4,"English Opening, Symmetrical Variation"
c4 Nf6 Nc3 c5 g3,"English Opening, Symmetrical Variation, Fianchetto Variation"
c4 c5 Nc3,"English Opening, Symmetrical Variation, Normal Variation"
c4 Nf6 Nc3 c5 g3 d5 cxd5 Nxd5 Bg2 Nc7,"English Opening, Symmetrical Variation, Rubinstein Variation"
c4 c5 Nf3 Nf6 Nc3 d5 cxd5 Nxd5 g3 Nc6 Bg2 Nc7,"English Opening, Symmetrical Variation, Rubinstein Variation"
c4 c5 Nc3 Nf6 Nf3,"English Opening, Symmetrical Variation, Three Knights Variation"
c4 c5 Nc3 Nf6 Nf3 e5,"English Opening, Symmetrical Variation"
c4 c5 Nf3 Nf6 Nc3 Nc6,"English Opening, Symmetrical Variation, Four Knights Variation"
c4 c5 Nf3 Nf6 Nc3 Nc6 g3 e6,"English Opening, Symmetrical Variation, Four Knights Variation, Keres-Parma System"
c4 c5 Nc3 Nc6,"English Opening, Symmetrical Variation, Two Knights Variation"
c4 c5 e4 Nc6 Nc3 g6 g3 Bg7 Bg2,"English Opening, Symmetrical Variation, Botvinnik System"
c4 c5 Nc3 Nc6 g3 g6 Bg2 Bg7 e3 e5,"English Opening, Symmetrical Variation, Botvinnik System Reversed, with e3"
c4 c5 Nc3 Nc6 g3,"English Opening, Symmetrical Variation, Two Knights, Fianchetto Variation"
c4 c5 g3 g6 Bg2 Bg7 Nc3 Nc6,"English Opening, Symmetrical Variation, Ultra-Symmetrical Variation"
c4 c5 Nc3 Nc6 g3 g6 Bg2 Bg7 Nf3 e5,"English Opening, Symmetrical Variation, Botvinnik System Reversed, with Nf3"
c4 c5 Nc3 Nc6 g3 g6 Bg2 Bg7 Nf3 e5 O-O d6,"English Opening, Symmetrical Variation, Botvinnik System Reversed, with Nf3"
c4 c5 Nc3 Nc6 g3 g6 Bg2 Bg7 Nf3 e5 O-O Nge7,"English Opening, Symmetrical Variation, Botvinnik System Reversed, with Nf3"
c4 c5 Nc3 Nc6 g3 g6 Bg2 Bg7 Nf3 e5 O-O Nge7 a3,"English Opening, Symmetrical Variation, Botvinnik System Reversed, with Nf3"
c4 c5 Nc3 Nc6 g3 g6 Bg2 Bg7 Nf3 e5 O-O Nge7 d3,"English Opening, Symmetrical Variation, Botvinnik System Reversed, with Nf3"
c4 c5 Nc3 Nc6 g3 g6 Bg2 Bg7 Nf3 e5 O-O Nge7 d3 d6,"English Opening, Symmetrical Variation, Botvinnik System Reversed, with Nf3"
c4 c5 Nc3 Nc6 g3 g6 Bg2 Bg7 Nf3,"English Opening, Symmetrical Variation, Three Knights, Fianchetto Variation"
c4 c5 Nf3 Nc6 g3 g6 Bg2 Bg7 O-O d6 Nc3,"English Opening, Symmetrical Variation, Three Knights, Fianchetto Variation"
c4 c5 Nf3 Nc6 g3 g6 Bg2 Bg7 O-O e6 Nc3,"English Opening, Symmetrical Variation, Three Knights, Fianchetto Variation"
c4 c5 Nc3 Nc6 g3 g6 Bg2 Bg7 Nf3 Nf6 O-O O-O b3,"English Opening, Symmetrical Variation, Double Fianchetto"
c4 Nf6 Nf3 g6 g3 Bg7 Bg2 O-O O-O c5 Nc3 Nc6 d3,"English Opening, Symmetrical Variation, Duchamp Variation"
c4 Nf6 Nf3 c5 Nc3 Nc6 g3 g6 Bg2 Bg7,"English Opening, Symmetrical Variation, Full Symmetry Line"
c4 Nf6 Nf3 c5 Nc3 Nc6 g3 g6 Bg2 Bg7 O-O O-O d4,"English Opening, Symmetrical Variation, Mecking Variation"
d4 Na6,Australian Defense
d4 e6 c4 c5 d5 exd5 cxd5 d6 Nc3 g6 e4 Bg7 Nf3 Ne7,"Benoni Defense, Franco-Sicilian Hybrid"
d4 g5,"Borg Defense, Borg Gambit"
d4 g6 Nf3 Bg7 e3 c5 Bd3 Qa5+,"Colle System, Pterodactyl Variation"
d4 g6 Nf3 Bg7 e3 c5 Bd3 cxd4 Nxd4 Qa5+,"Colle System, Siroccopteryx Variation"
d4 b6,English Defense
d4 e6 c4 b6,English Defense
d4 b6 c4 Bb7 Nc3 e5,"English Defense, Eastbourne Gambit"
c4 e6 d4 b6 Nc3 Bb7 e4 f5 exf5 Nf6,"English Defense, Hartlaub Gambit Accepted"
c4 e6 d4 b6 Nc3 Bb7 e4 f5 d5,"English Defense, Hartlaub Gambit Declined"
d4 e6 c4 b6 e4 Bb7 Bd3 Nc6,"English Defense, Perrin Variation"
d4 e6 c4 b6 e4 Bb7 f3 f5 exf5 Nh6,"English Defense, Poli Gambit"
d4 e5,Englund Gambit
d4 e5 d5,Englund Gambit Declined
d4 e5 d5 Bc5 e4 Qh4,"Englund Gambit Declined, Diemer Counterattack"
d4 e5 Nf3,"Englund Gambit Declined, Reversed Alekhine"
d4 e5 Nf3 e4 Ng1,"Englund Gambit Declined, Reversed Brooklyn"
d4 e5 e3,"Englund Gambit Declined, Reversed French"
d4 e5 Nf3 e4,"Englund Gambit Declined, Reversed Krebs"
d4 e5 Nf3 e4 Ne5,"Englund Gambit Declined, Reversed Mokele Mbembe"
d4 e5 dxe5 Nc6 Nf3 Bc5,"Englund Gambit, Felbecker Gambit"
d4 e5 dxe5 d6,"Englund Gambit, Hartlaub-Charlick Gambit"
d4 e5 dxe5 Nc6 Nf3 Qe7,"Englund Gambit, Main Line"
d4 e5 dxe5 Qh4,"Englund Gambit, Mosquito Gambit"
d4 e5 dxe5 f6,"Englund Gambit, Soller Gambit"
d4 e5 dxe5 Nc6 Nf3 f6,"Englund Gambit, Soller Gambit Deferred"
d4 e5 dxe5 Nc6 Nf3 Qe7 Qd5,"Englund Gambit, Stockholm Variation"
d4 e5 dxe5 Nc6 Nf3 Nge7,"Englund Gambit, Zilbermints Gambit"
d4 e6,Horwitz Defense
d4 e6 c4 e5,"Horwitz Defense, Zilbermints Gambit"
d4 e6 c4 Bb4+,Kangaroo Defense
d4 e6 c4 Bb4+ Nc3,"Kangaroo Defense, Keres Defense, Transpositional Variation"
d4 Nc6,Mikenas Defense
d4 Nc6 c4 e5 d5 Nd4,"Mikenas Defense, Cannstatter Variation"
d4 Nc6 c4 e5 d5 Nce7,"Mikenas Defense, Lithuanian Variation"
d4 Nc6 c4 e5 dxe5 Nxe5 Nc3 Nxc4,"Mikenas Defense, Pozarek Gambit"
d4 g6 c4 Bg7 Nc3 c5 d5 Bxc3+ bxc3 f5,"Modern Defense, Beefeater Variation"
d4 g6 h4 Nf6 h5,"Modern Defense, Lizard Defense, Pirc-Diemer Gambit"
d4 Nc6 d5 Nb8,Montevideo Defense
d4 b5,Polish Defense
d4 b5 e4 Bb7 Bxb5,"Polish Defense, Spassky Gambit Accepted"
d4 g6 c4 Bg7 Nc3 c5 d5 d6 e4 Bxc3+ bxc3 Qa5,"Pterodactyl Defense, Central, Benoni Beefeater Pterodactyl"
d4 g6 c4 Bg7 e4 c5 d5 Qa5+,"Pterodactyl Defense, Central, Benoni Pterodactyl"
d4 g6 c4 Bg7 Nc3 c5 d5 Qa5,"Pterodactyl Defense, Fianchetto, Queen Benoni Pterodactyl"
d4 g6 c4 Bg7 Nc3 c5 d5 Bxc3+ bxc3 Qa5,"Pterodactyl Defense, Fianchetto, Queen Pteranodon"
d4 g6 Nf3 Bg7 g3 c5 Bg2 Qa5+,"Pterodactyl Defense, Fianchetto, Queen Pterodactyl"
d4 g6 c4 Bg7 Nc3 c5 e3,"Pterodactyl Defense, Queen Pterodactyl, Quiet Line"
d4,Queen's Pawn Game
d4 c6 c4 d6,"Queen's Pawn Game, Anglo-Slav Opening"
d4 g6,"Queen's Pawn Game, Modern Defense"
d4 c6 Nf3 Nf6 c4 b5,"Slav Indian, Kudischewitsch Gambit"
d4 Nc6 d5 Nb8 e4 Nf6 e5 Ng8,Zaire Defense
d4 g6 c4 Bg7 Nc3 d6,Modern Defense
d4 g6 c4 Bg7 e4 e5,"Modern Defense, Neo-Modern Defense"
d4 d6 c4,Old Indian Defense
d4 d6,Queen's Pawn Game
d4 d6 Nf3 g6,"Queen's Pawn Game, Rossolimo Variation"
d4 d6 c4 e5,"Rat Defense, English Rat"
d4 d6 c4 e5 dxe5 Nc6,"Rat Defense, English Rat, Lisbon Gambit"
d4 d6 c4 e5 dxe5 Be6,"Rat Defense, English Rat, Pounds Gambit"
d4 d6 Nf3 g6 c4 Bg7 e4 Bg4,"Robatsch Defense, Rossolimo Variation"
d4 d6 Nf3 Bg4,Wade Defense
d4 d6 Nf3 Bg4 c4 Nd7 Qb3 Rb8,"Zukertort Opening, Wade Defense, Chigorin Plan"
d4 g6 c4 Bg7 Nc3 d6 e4,"Modern Defense, Averbakh System"
d4 g6 c4 Bg7 e4 d6 Be3 Nf6 f3,"Modern Defense, Averbakh Variation, Pseudo-Sämisch"
d4 g6 c4 Bg7 Nc3 d6 e4 Nc6,"Modern Defense, Kotov Variation"
d4 g6 c4 Bg7 Nc3 d6 e4 f5,"Modern Defense, Randspringer Variation"
Nf3 c5 c4 g6 d4 Bg7 e4 Qa5+ Nc3 d6,Pterodactyl Defense
d4 g6 c4 Bg7 e4 d6 Nc3 c5 Nge2 Qa5,"Pterodactyl Defense, Central, Bogolubovia"
d4 c5 dxc5,"Benoni Defense, Benoni Gambit Accepted"
d4 c5 dxc5 Na6,"Benoni Defense, Benoni Gambit, Schlenker Defense"
d4 c5 d5 Nf6,"Benoni Defense, Benoni-Indian Defense"
d4 c5 d5 Nf6 Nf3,"Benoni Defense, Benoni-Indian Defense, Kingside Move Order"
d4 c5 d5 f5 e4,"Benoni Defense, Benoni-Staunton Gambit"
d4 c5 dxc5 b6,"Benoni Defense, Cormorant Gambit"
e4 e6 d4 c5 d5,"Benoni Defense, French Benoni"
d4 Nf6 Nf3 c5 d5 c4,"Benoni Defense, Hawk Variation"
d4 c5,"Benoni Defense, Old Benoni"
d4 c5 d5,"Benoni Defense, Old Benoni"
d4 c5 d5 d6,"Benoni Defense, Old Benoni"
d4 c5 d5 f5,"Benoni Defense, Old Benoni, Mujannah Formation"
d4 c5 d5 d6 Nc3 g6,"Benoni Defense, Old Benoni, Schmid Variation"
d4 c5 d5 Na6,"Benoni Defense, Snail Variation"
d4 c5 d5 Nf6 Nc3 Qa5,"Benoni Defense, Woozle"
d4 c5 b4,"Benoni Defense, Zilbermints-Benoni Gambit"
d4 c5 Nf3 cxd4 b4,"Benoni Defense, Zilbermints-Benoni Gambit"
d4 c5 Nf3 cxd4 b4 e5,"Benoni Defense, Zilbermints-Benoni Gambit, Tamarkin Countergambit"
d4 Nf6 Nf3 c5 d5 b5,"Indian Defense, Pseudo-Benko"
d4 c5 c4 cxd4 e3,"Queen's Pawn Game, Liedmann Gambit"
d4 c5 d5 e5,"Benoni Defense, Old Benoni"
d4 c5 d5 e5 e4 d6,"Benoni Defense, Semi-Benoni"
d4 Nf6 Nc3 d5 Qd3,"Amazon Attack, Siberian Attack"
d4 Nf6 b3,Basque Opening
d4 Nf6 f4,Canard Opening
d4 Nf6,Indian Defense
d4 Nf6 Bf4,"Indian Defense, Accelerated London System"
d4 Nf6 f3 d5 g4,"Indian Defense, Gedult Attack"
d4 Nf6 g4,"Indian Defense, Gibbins-Weidenhagen Gambit"
d4 Nf6 g4 Nxg4,"Indian Defense, Gibbins-Weidenhagen Gambit Accepted"
d4 Nf6 g4 Nxg4 f3 Nf6 e4,"Indian Defense, Gibbins-Weidenhagen Gambit, Maltese Falcon"
d4 Nf6 g4 e5,"Indian Defense, Gibbins-Weidenhagen Gambit, Oshima Defense"
d4 Nf6 g4 Nxg4 e4 d6 Be2 Nf6 Nc3,"Indian Defense, Gibbins-Weidenhagen Gambit, Stummer Gambit"
d4 Nf6 Nd2 e5,"Indian Defense, Lazard Gambit"
d4 Nf6 Nc3 e5,"Indian Defense, Maddigan Gambit"
d4 Nf6 e4,"Indian Defense, Omega Gambit"
d4 Nf6 e4 Nxe4 Bd3 Nf6 Bg5,"Indian Defense, Omega Gambit, Arafat Gambit"
d4 Nf6 f3 d5 e4,"Indian Defense, Paleface Attack, Blackmar-Diemer Gambit Deferred"
d4 Nf6 d5,"Indian Defense, Pawn Push Variation"
d4 Nf6 Nc3 c5,"Indian Defense, Reversed Chigorin Defense"
d4 Nf6 g3,"Indian Defense, Tartakower Attack"
d4 Nf6 f3,Paleface Attack
d4 Nf6 Nc3 d5,"Queen's Pawn Game, Chigorin Variation"
d4 Nf6 f3 d5 Nc3,"Queen's Pawn Game, Veresov, Richter Attack"
d4 Nf6 Bg5,Trompowsky Attack
d4 Nf6 Bg5 Ne4 Bf4 g5,"Trompowsky Attack, Borg Variation"
d4 Nf6 Bg5 e6,"Trompowsky Attack, Classical Defense"
d4 Nf6 Bg5 e6 e4,"Trompowsky Attack, Classical Defense, Big Center Variation"
d4 Nf6 Bg5 Ne4 Bh4,"Trompowsky Attack, Edge Variation"
d4 Nf6 Bg5 Ne4 Bh4 c6 Nd2 Qa5 c3 Nxd2 Qxd2 d5 e4,"Trompowsky Attack, Edge Variation, Hergert Gambit"
d4 Nf6 Bg5 Ne4 Bh4 d5 f3 Nf6 Nc3 Bf5 e4,"Trompowsky Attack, Edge Variation, Hergert Gambit"
d4 Nf6 Bg5 c5 d5 Qb6 Nc3,"Trompowsky Attack, Poisoned Pawn Variation"
d4 Nf6 Bg5 Ne4 h4,"Trompowsky Attack, Raptor Variation"
d4 Nf6 Bg5 Ne4 h4 Nxg5 hxg5 e5,"Trompowsky Attack, Raptor Variation, Hergert Gambit"
d4 Nf6 Nf3 Ne4,Döry Defense
d4 Nf6 Nf3 c6,"Indian Defense, Czech-Indian"
d4 Nf6 Nf3,"Indian Defense, Knights Variation"
d4 Nf6 Nf3 a6,"Indian Defense, Knights Variation, Alburt-Miles Variation"
d4 Nf6 Nf3 e6 Bf4,"Indian Defense, London System"
d4 Nf6 Nf3 b5,"Indian Defense, Polish Variation"
d4 Nf6 Nf3 c5,"Indian Defense, Spielmann-Indian"
d4 Nf6 Nf3 d6,"Indian Defense, Wade-Tartakower Defense"
d4 Nf6 Nf3 e6 Bg5 d5 e3 c5 c3 Qb6,"Queen's Pawn Game, Torre Attack, Breyer Variation"
d4 Nf6 Nf3 e6 Nc3 d5 Bg5,"Queen's Pawn Game, Veresov Attack, Classical Defense"
d4 Nf6 Nf3 e6 Bg5,"Torre Attack, Classical Defense"
d4 Nf6 Nf3 e6 Bg5 h6,"Torre Attack, Classical Defense, Nimzowitsch Variation"
d4 Nf6 Nf3 e6 Bg5 c5 e3 b6 d5,"Torre Attack, Classical Defense, Petrosian Gambit"
d4 Nf6 Nf3 e6 Bg5 c5 e4,"Torre Attack, Wagner Gambit"
d4 Nf6 Nf3 e6 e3,Yusupov-Rubinstein System
d4 Nf6 Nf3 b6 c3 e5,"Indian Defense, Schnepper Gambit"
d4 Nf6 Nf3 b6 g3 Bb7 Bg2 c5,Marienbad System
d4 Nf6 Nf3 b6 g3 Bb7 Bg2 c5 c4 cxd4 Qxd4,"Marienbad System, Berg Variation"
d4 Nf6 Nf3 b6,Pseudo Queen's Indian Defense
d4 Nf6 Nf3 b6 e3 Bb7 Bd3 e6 Nbd2 c5 b3 Be7,Pseudo Queen's Indian Defense
d4 Nf6 Nf3 g6,East Indian Defense
d4 Nf6 Nf3 g6 e3 Bg7 Bd3 d6,"Indian Defense, Colle System, King's Indian Variation"
d4 Nf6 Nf3 g6 Bf4,London System
d4 Nf6 Nf3 g6 Bf4 Bg7 e3,London System
d4 Nf6 Nf3 g6 Bf4 Bg7 e3 d6,London System
d4 Nf6 Nf3 g6 Bf4 Bg7 e3 d6 Bd3,"London System, with Bd3"
d4 Nf6 Nf3 g6 Bf4 Bg7 e3 d6 Be2,"London System, with Be2"
d4 Nf6 Nf3 g6 Bf4 Bg7 e3 d6 Be2 O-O,"London System, with Be2"
d4 Nf6 Nf3 g6 Bf4 Bg7 e3 d6 h3 c5 Be2,"London System, with Be2"
d4 Nf6 Nf3 g6 Nc3 d5 Bf4,"Queen's Pawn Game, Barry Attack"
d4 Nf6 Nf3 g6 Nc3 d5 Bf4 Bg7,"Queen's Pawn Game, Barry Attack"
d4 Nf6 Nf3 g6 Nc3 d5 Bf4 Bg7 e3 O-O Be2,"Queen's Pawn Game, Barry Attack, Grünfeld Variation"
d4 Nf6 Nf3 g6 Nc3 d5 Bf4 Bg7 Qd2,"Queen's Pawn Game, Barry Attack, Tarzan Attack"
d4 Nf6 Nf3 g6 Bg5 Bg7 Nbd2 d5 e3 O-O,"Queen's Pawn Game, Torre Attack, Grünfeld Variation, Main Line"
d4 Nf6 Nf3 g6 Bg5,"Torre Attack, Fianchetto Defense"
d4 Nf6 Nf3 g6 Bg5 Bg7 Nbd2 c5,"Torre Attack, Fianchetto Defense, Euwe Variation"
d4 Nf6 Nf3 g6 g3,"Indian Defense, Przepiorka Variation"
d4 Nf6 c4 g5,"Indian Defense, Medusa Gambit"
d4 Nf6 c4,"Indian Defense, Normal Variation"
d4 Nf6 c4 b5,"Indian Defense, Pyrenees Gambit"
d4 Nf6 c4 Nc6,Mexican Defense
d4 Nf6 c4 Nc6 d5 Ne5 f4,"Mexican Defense, Horsefly Gambit"
d4 Nf6 c4 b6,Queen's Indian Accelerated
d4 Nf6 c4 c6,Slav Indian
d4 Nf6 c4 e5,"Indian Defense, Budapest Gambit"
d4 Nf6 c4 e5 dxe5,"Indian Defense, Budapest Gambit Accepted"
d4 Nf6 c4 e5 dxe5 Ne4,"Indian Defense, Budapest Gambit Accepted, Fajarowicz Defense"
d4 Nf6 c4 e5 dxe5 Ne4 a3,"Indian Defense, Budapest Gambit Accepted, Fajarowicz Defense, Bonsdorf Variation"
d4 Nf6 c4 e5 dxe5 Ne4 Qc2,"Indian Defense, Budapest Gambit Accepted, Fajarowicz Defense, Steiner Variation"
d4 Nf6 c4 e5 dxe5 Ng4,"Indian Defense, Budapest Gambit Accepted, Main Line"
d4 Nf6 c4 e5 dxe5 Ng4 Nf3,"Indian Defense, Budapest Gambit Accepted, Main Line, Adler Variation"
d4 Nf6 c4 e5 dxe5 Ng4 e4,"Indian Defense, Budapest Gambit Accepted, Main Line, Alekhine Variation"
d4 Nf6 c4 e5 dxe5 Ng4 e4 Nxe5,"Indian Defense, Budapest Gambit Accepted, Main Line, Alekhine Variation, Abonyi Variation"
d4 Nf6 c4 e5 dxe5 Ng4 e4 d6,"Indian Defense, Budapest Gambit Accepted, Main Line, Alekhine Variation, Tartakower Defense"
d4 Nf6 c4 e5 dxe5 Ng4 Bf4,"Indian Defense, Budapest Gambit Accepted, Main Line, Rubinstein Variation"
d4 Nf6 c4 d6,Old Indian Defense
d4 Nf6 c4 d6 g4,"Old Indian Defense, Aged Gibbon Gambit"
d4 Nf6 c4 d6 Nc3 c6,"Old Indian Defense, Czech Variation, with Nc3"
d4 Nf6 c4 d6 Nf3 c6,"Old Indian Defense, Czech Variation, with Nf3"
d4 Nf6 c4 d6 Nc3 Bf5,"Old Indian Defense, Janowski Variation"
d4 Nf6 c4 d6 Nc3 Bf5 g3,"Old Indian Defense, Janowski Variation, Fianchetto Variation"
d4 Nf6 c4 d6 Nc3 Bf5 e4,"Old Indian Defense, Janowski Variation, Grinberg Gambit"
d4 Nf6 c4 d6 Nc3 Bf5 f3,"Old Indian Defense, Janowski Variation, Main Line"
d4 Nf6 c4 d6 Nc3 e5 e3 Nbd7 Bd3,"Old Indian Defense, Duz-Khotimirsky Variation"
d4 Nf6 c4 d6 Nf3 Bg4,"Old Indian Defense, Tartakower-Indian"
d4 Nf6 c4 d6 Nc3 e5 Nf3,"Old Indian Defense, Two Knights Variation"
d4 Nf6 c4 d6 Nc3 e5,"Old Indian Defense, Ukrainian Variation"
d4 Nf6 c4 d6 Nc3 Nbd7 e4 e5 Nf3,"Old Indian Defense, Normal Variation"
d4 Nf6 c4 c5,Benoni Defense
d4 Nf6 c4 c5 d5 e5,"Benoni Defense, Czech Benoni Defense"
d4 Nf6 c4 c5 d5 d6,"Benoni Defense, Hromádka System"
d4 Nf6 c4 c5 d5 e5 Nc3 d6 e4 g6,"Benoni Defense, King's Indian System"
d4 Nf6 c4 c5 dxc5 e6,"Benoni Defense, Weenink Variation"
d4 Nf6 c4 c5 e3 g6 Nc3 Bg7 Nf3 O-O Be2 cxd4 exd4 d5 O-O Nc6,"Grünfeld Defense, Three Knights Variation, Burille Variation, Reversed Tarrasch"
d4 Nf6 c4 c5 d5 Ne4,Vulture Defense
d4 Nf6 c4 c5 d5 b5,Benko Gambit
d4 Nf6 c4 c5 d5 b5 cxb5 a6,Benko Gambit Accepted
d4 Nf6 c4 c5 d5 b5 cxb5 a6 f3,"Benko Gambit Accepted, Dlugy Variation"
d4 Nf6 c4 c5 d5 b5 cxb5 a6 e3,"Benko Gambit Accepted, Modern Variation"
d4 Nf6 c4 c5 d5 b5 cxb5 a6 b6,"Benko Gambit Accepted, Pawn Return Variation"
d4 Nf6 c4 c5 d5 b5 Bg5,"Benko Gambit Declined, Bishop Attack"
d4 Nf6 c4 c5 d5 b5 e4,"Benko Gambit Declined, Hjørring Countergambit"
d4 Nf6 c4 c5 d5 b5 Nf3,"Benko Gambit Declined, Main Line"
d4 Nf6 c4 c5 d5 b5 f3,"Benko Gambit Declined, Pseudo-Sämisch"
d4 Nf6 c4 c5 d5 b5 Nd2,"Benko Gambit Declined, Quiet Line"
d4 Nf6 c4 c5 d5 b5 a4,"Benko Gambit Declined, Sosonko Variation"
d4 Nf6 c4 c5 d5 b5 g4,"Benko Gambit, Mutkin Countergambit"
d4 Nf6 c4 c5 d5 b5 cxb5 a6 Nc3 axb5 e4 b4 Nb5 d6 Bc4,"Benko Gambit, Nescafe Frappe Attack"
d4 Nf6 c4 c5 d5 b5 cxb5 a6 Nc3,"Benko Gambit, Zaitsev System"
d4 Nf6 c4 c5 d5 b5 cxb5 a6 Nc3 axb5 e4 b4 Nb5,"Benko Gambit, Zaitsev Variation, Nescafe Frappe Attack"
d4 Nf6 c4 c5 d5 b5 cxb5 a6 bxa6 g6 Nc3 Bxa6 f4,"Benko Gambit Accepted, Central Storming Variation"
d4 Nf6 c4 c5 d5 b5 cxb5 a6 bxa6 g6 Nc3 Bxa6 g3 d6 Bg2 Bg7 Nf3,"Benko Gambit Accepted, Fianchetto Variation"
d4 Nf6 c4 c5 d5 b5 cxb5 a6 bxa6,"Benko Gambit Accepted, Fully Accepted Variation"
d4 Nf6 c4 c5 d5 b5 cxb5 a6 bxa6 Bxa6 Nc3 d6 Nf3 g6 g3,"Benko Gambit, Fianchetto Variation"
d4 Nf6 c4 c5 d5 b5 cxb5 a6 bxa6 Bxa6 Nc3 d6 Nf3 g6 Nd2,"Benko Gambit, Nd2 Variation"
d4 Nf6 c4 c5 d5 b5 cxb5 a6 bxa6 g6 Nc3 Bxa6 e4 Bxf1 Kxf1 d6 g3,Benko Gambit
d4 Nf6 c4 c5 d5 b5 cxb5 a6 bxa6 g6 Nc3 Bxa6 Nf3 d6 e4 Bxf1 Kxf1 Bg7 g3 O-O Kg2,"Benko Gambit Accepted, King Walk Variation"
d4 Nf6 c4 c5 d5 b5 cxb5 a6 bxa6 Bxa6 Nc3 d6 e4,"Benko Gambit Accepted, Yugoslav"
d4 Nf6 c4 c5 d5 b5 cxb5 a6 bxa6 g6 Nc3 Bxa6 e4 Bxf1 Kxf1 d6 Nge2,"Benko Gambit Accepted, Yugoslav"
d4 Nf6 c4 c5 d5 e6,"Benoni Defense, Modern Variation"
d4 Nf6 c4 c5 d5 e6 Nc3 exd5 cxd5 Bd6,"Benoni Defense, Modern Variation, Snake Variation"
d4 Nf6 c4 e6 Nf3 c5 d5 exd5 cxd5 d6 Nc3 g6,Benoni Defense
d4 Nf6 c4 e6 Nf3 c5 d5 exd5 cxd5 d6 Nc3 g6 g3,"Benoni Defense, Fianchetto Variation"
d4 Nf6 c4 e6 Nf3 c5 d5 exd5 cxd5 d6 Nc3 g6 Nd2,"Benoni Defense, Knight's Tour Variation"
d4 Nf6 c4 e6 Nf3 c5 d5 exd5 cxd5 d6 Nc3 g6 Bg5,"Benoni Defense, Uhlmann Variation"
d4 Nf6 c4 e6 g3 c5 d5 exd5 cxd5 d6 Nc3 g6 Bg2 Bg7 Nf3 O-O,"Benoni Defense, Fianchetto Variation"
d4 Nf6 c4 e6 g3 c5 d5 exd5 cxd5 d6 Nc3 g6 Bg2 Bg7 Nf3 O-O O-O Nbd7,"Benoni Defense, Fianchetto Variation, Hastings Defense"
d4 Nf6 c4 e6 g3 c5 d5 exd5 cxd5 d6 Nc3 g6 Bg2 Bg7 Nf3 O-O O-O a6 a4 Nbd7 Nd2 Re8,"Benoni Defense, Fianchetto Variation, Hastings Defense, Main Line"
d4 Nf6 c4 c5 d5 e6 Nc3 exd5 cxd5 d6 e4,"Benoni Defense, King's Pawn Line"
d4 Nf6 c4 c5 d5 e6 Nc3 exd5 cxd5 d6 e4 g6 f3 Bg7,"Benoni Defense, King's Pawn Line"
d4 Nf6 c4 g6 f3 c5 d5 d6 e4 Bg7 Nc3 e6 Be3 O-O Qd2 exd5 cxd5,"Benoni Defense, King's Pawn Line"
d4 Nf6 c4 c5 d5 e6 Nc3 exd5 cxd5 d6 e4 g6 f3 Bg7 Be3,"Benoni Defense, King's Pawn Line, with Be3"
d4 Nf6 c4 g6 Nc3 Bg7 e4 d6 f3 O-O Bg5 c5 d5,"Benoni Defense, King's Pawn Line, with Bg5"
d4 Nf6 c4 c5 d5 e6 Nc3 exd5 cxd5 d6 e4 g6 f3 Bg7 Bg5,"Benoni Defense, King's Pawn Line, with Bg5"
d4 Nf6 c4 g6 Nc3 Bg7 e4 d6 f3 O-O Bg5 c5 d5 e6 Qd2 exd5 exd5,"Benoni Defense, King's Pawn Line, with Bg5"
d4 Nf6 c4 c5 d5 e6 Nc3 exd5 cxd5 d6 e4 g6 f3 Bg7 Nge2,"Benoni Defense, King's Pawn Line, with Nge2"
d4 Nf6 c4 g6 Nc3 Bg7 e4 d6 f3 O-O Nge2 c5 d5 e6 Ng3 exd5 cxd5,"Benoni Defense, King's Pawn Line, with Nge2"
d4 Nf6 c4 c5 d5 e6 Nc3 exd5 cxd5 d6 e4 g6 f4 Bg7 e5,"Benoni Defense, Mikenas Variation"
d4 Nf6 c4 c5 d5 e6 Nc3 exd5 cxd5 d6 e4 g6 f4,"Benoni Defense, Pawn Storm Variation"
d4 Nf6 c4 c5 d5 e6 Nc3 exd5 cxd5 d6 e4 g6 f4 Bg7 Bb5+,"Benoni Defense, Taimanov Variation"
d4 Nf6 c4 c5 d5 e6 Nc3 exd5 cxd5 d6 e4 g6 f4 Bg7 Nf3 O-O,"Benoni Defense, Four Pawns Attack"
d4 Nf6 c4 c5 d5 e6 Nc3 exd5 cxd5 d6 e4 g6 f4 Bg7 Nf3 O-O Be2 Re8,"Benoni Defense, Four Pawns Attack, Main Line"
d4 Nf6 c4 e6 Nf3 c5 d5 exd5 cxd5 d6 Nc3 g6 e4,"Benoni Defense, Classical Variation"
d4 Nf6 c4 e6 Nf3 c5 d5 exd5 cxd5 d6 Nc3 g6 e4 Bg7 h3,"Benoni Defense, Classical Variation, New York Variation"
d4 Nf6 c4 e6 Nf3 c5 d5 exd5 cxd5 d6 Nc3 g6 e4 Bg7 Be2,"Benoni Defense, Classical Variation, Traditional Variation"
d4 Nf6 c4 e6 Nf3 c5 d5 exd5 cxd5 d6 Nc3 g6 e4 Bg7 Bg5,"Benoni Defense, Classical Variation, Averbakh-Grivas Attack"
d4 Nf6 c4 c5 d5 e6 Nc3 exd5 cxd5 d6 e4 g6 Nf3 Bg7 Be2 O-O,"Benoni Defense, Classical Variation"
d4 Nf6 c4 c5 d5 e6 Nc3 exd5 cxd5 d6 e4 g6 Nf3 Bg7 Be2 O-O O-O,"Benoni Defense, Classical Variation, Main Line"
d4 Nf6 c4 c5 d5 e6 Nc3 exd5 cxd5 d6 e4 g6 Nf3 Bg7 Be2 O-O O-O a6 a4,"Benoni Defense, Classical Variation, Full Line"
d4 Nf6 c4 e6 Nf3 c5 d5 exd5 cxd5 d6 Nc3 g6 e4 Bg7 Be2 O-O O-O a6 a4 Bg4,"Benoni Defense, Classical Variation, Argentine Counterattack"
d4 Nf6 c4 c5 d5 e6 Nc3 exd5 cxd5 d6 e4 g6 Nf3 Bg7 Be2 O-O O-O Re8,"Benoni Defense, Classical Variation, Czerniak Defense"
d4 Nf6 c4 c5 d5 e6 Nc3 exd5 cxd5 d6 e4 g6 Nf3 Bg7 Be2 O-O O-O Re8 Nd2,"Benoni Defense, Classical Variation, Czerniak Defense, Tal Line"
d4 Nf6 c4 e6 Nf3 c5 d5 exd5 cxd5 d6 Nc3 g6 e4 Bg7 Be2 O-O O-O Re8 Nd2 Na6,"Benoni Defense, Classical Variation, Czerniak Defense"
d4 Nf6 c4 c5 d5 e6 Nc3 exd5 cxd5 d6 e4 g6 Nf3 Bg7 Be2 O-O O-O Re8 Nd2 Na6 f3,"Benoni Defense, Classical Variation, Czerniak Defense"
d4 f5,Dutch Defense
d4 f5 Qd3,"Dutch Defense, Alapin Variation"
d4 f5 Nf3 Nf6 c3,"Dutch Defense, Barcza Variation"
d4 f5 g4 e5,"Dutch Defense, Hevendehl Gambit"
d4 f5 Bg5,"Dutch Defense, Hopton Attack"
d4 f5 h3 Nf6 g4,"Dutch Defense, Janzen-Korchnoi Gambit"
d4 f5 Nc3 d5 e4,"Dutch Defense, Kingfisher Gambit"
d4 f5 h3,"Dutch Defense, Korchnoi Attack"
d4 f5 g4,"Dutch Defense, Krejcik Gambit"
d4 f5 g4 fxg4 e4 d5 Nc3,"Dutch Defense, Krejcik Gambit, Tate Gambit"
d4 f5 Qd3 e6 g4,"Dutch Defense, Manhattan Gambit, Anti-Classical Line"
d4 f5 Qd3 g6 g4,"Dutch Defense, Manhattan Gambit, Anti-Leningrad"
d4 f5 Qd3 d6 g4,"Dutch Defense, Manhattan Gambit, Anti-Modern"
d4 f5 Qd3 d5 g4,"Dutch Defense, Manhattan Gambit, Anti-Stonewall"
d4 f5 Nf3 e5,"Dutch Defense, Omega-Isis Gambit"
d4 f5 Nc3,"Dutch Defense, Raphael Variation"
d4 f5 Bf4 e6 g4,"Dutch Defense, Senechaud Gambit"
d4 f5 Nc3 Nf6 g4,"Dutch Defense, Spielmann Gambit"
d4 f5 Nc3 d5,"Queen's Pawn Game, Veresov Attack, Dutch System"
d4 f5 g3 Nf6 Bg2 e6 Nh3,"Dutch Defense, Blackburne Variation"
d4 f5 g3,"Dutch Defense, Fianchetto Attack"
d4 f5 g3 g6 Bg2 Bg7 Nh3,"Dutch Defense, Leningrad Variation, Carlsbad Variation"
d4 f5 g3 c6 Bg2 g6 Nf3 Bg7 O-O Nh6,"Dutch Defense, Leningrad, Basman System"
d4 f5 g3 Nf6 Bg2 g6,"Dutch Defense, Semi-Leningrad Variation"
d4 f5 e4 fxe4 Nc3 Nf6 f3,"Dutch Defense, Blackmar's Second Gambit"
d4 f5 e4,"Dutch Defense, Staunton Gambit"
d4 f5 e4 fxe4,"Dutch Defense, Staunton Gambit Accepted"
d4 f5 e4 fxe4 Nd2,"Dutch Defense, Staunton Gambit, American Attack"
d4 f5 e4 fxe4 Nc3 Nf6 g4,"Dutch Defense, Staunton Gambit, Tartakower Variation"
e4 d6 d4 f5,"Rat Defense, Balogh Defense"
d4 f5 e4 fxe4 Nc3 Nf6 Bg5,"Dutch Defense, Staunton Gambit"
d4 f5 e4 fxe4 Nc3 Nf6 Bg5 g6 h4,"Dutch Defense, Staunton Gambit, Alekhine Variation"
d4 f5 e4 fxe4 Nc3 Nf6 Bg5 c6,"Dutch Defense, Staunton Gambit, Chigorin Variation"
d4 f5 e4 fxe4 Nc3 Nf6 Bg5 g6 f3,"Dutch Defense, Staunton Gambit, Lasker Variation"
d4 f5 e4 fxe4 Nc3 Nf6 Bg5 b6,"Dutch Defense, Staunton Gambit, Nimzowitsch Variation"
d4 f5 c4,Dutch Defense
d4 f5 c4 e6 e4,"Dutch Defense, Bellon Gambit"
d4 f5 c4 g6 Nc3 Nh6,"Dutch Defense, Bladel Variation"
d4 f5 c4 e6,"Dutch Defense, Classical Variation"
d4 f5 c4 Nf6 Nc3 d6 Nf3 Nc6,"Dutch Defense, Krause Variation"
d4 f5 c4 Nf6,"Dutch Defense, Normal Variation"
d4 f5 c4 e6 Nc3,"Dutch Defense, Rubinstein Variation"
d4 f5 c4 Nf6 Nc3,"Dutch Defense, Queen's Knight Variation"
d4 f5 c4 Nf6 g3,"Dutch Defense, Fianchetto Variation"
d4 f5 c4 Nf6 g3 d6 Bg2 c6 Nc3 Qc7,"Dutch Defense, Hort-Antoshin System"
d4 f5 c4 Nf6 g3 g6,"Dutch Defense, Leningrad Variation"
d4 f5 c4 Nf6 g3 g6 Bg2 Bg7 Nf3,"Dutch Defense, Leningrad Variation"
d4 f5 g3 Nf6 Bg2 g6 Nf3 Bg7 O-O O-O c4 d6 Nc3 c6,"Dutch Defense, Leningrad Variation, Warsaw Variation"
d4 f5 g3 Nf6 Bg2 g6 Nf3 Bg7 O-O O-O c4 d6 Nc3 Nc6,"Dutch Defense, Leningrad Variation, Matulovic Variation"
d4 f5 c4 Nf6 g3 e6 Bg2,"Dutch Defense, Classical Variation"
d4 f5 c4 Nf6 g3 e6 Bg2 d5 Nf3,"Dutch Defense, Classical Variation"
d4 f5 c4 Nf6 g3 e6 Bg2 Bb4+,"Dutch Defense, Nimzo-Dutch Variation"
d4 f5 c4 Nf6 g3 e6 Bg2 Bb4+ Bd2 Be7,"Dutch Defense, Nimzo-Dutch Variation, Alekhine Variation"
d4 f5 c4 e6 Nf3 Nf6 g3 c6 Bg2 d5 O-O Bd6,"Dutch Defense, Stonewall Variation, Modern Variation"
d4 f5 c4 Nf6 g3 e6 Bg2 Be7,"Dutch Defense, Classical Variation"
d4 f5 c4 Nf6 g3 e6 Bg2 Be7 Nh3,"Dutch Defense, Classical Variation, Blackburne Attack"
d4 f5 c4 Nf6 g3 e6 Bg2 Be7 Nf3 O-O O-O Ne4,"Dutch Defense, Alekhine Variation"
d4 f5 c4 Nf6 g3 e6 Bg2 Be7 Nf3 O-O,"Dutch Defense, Classical Variation"
d4 f5 c4 Nf6 g3 e6 Bg2 Be7 Nf3 O-O O-O d5 Nc3,"Dutch Defense, Stonewall Variation"
d4 f5 c4 Nf6 g3 e6 Bg2 Be7 Nf3 O-O O-O d5,"Dutch Defense, Stonewall Variation"
d4 f5 c4 Nf6 g3 e6 Bg2 Be7 Nf3 O-O O-O d5 b3,"Dutch Defense, Stonewall Variation, Botvinnik Variation"
d4 f5 c4 Nf6 g3 e6 Bg2 Be7 Nf3 O-O O-O d5 b3 c6 Ba3,"Dutch Defense, Stonewall Variation"
d4 f5 c4 Nf6 g3 e6 Bg2 Be7 Nf3 O-O O-O d5 Nc3 c6,"Dutch Defense, Stonewall Variation"
d4 f5 c4 Nf6 g3 e6 Bg2 Be7 Nf3 O-O O-O d5 Nc3 c6 Qc2 Qe8 Bg5,"Dutch Defense, Stonewall Variation, Chekhover Variation"
d4 f5 c4 Nf6 g3 e6 Bg2 Be7 Nf3 O-O O-O d6,"Dutch Defense, Classical Variation"
d4 f5 c4 Nf6 g3 e6 Bg2 Be7 Nf3 O-O O-O d6 Nc3 a5,"Dutch Defense, Classical Variation, Buenos Aires Variation"
d4 f5 c4 Nf6 g3 e6 Bg2 Be7 Nf3 O-O O-O d6 Nc3 Ne4,"Dutch Defense, Classical Variation, Huisl Variation"
d4 f5 c4 Nf6 g3 e6 Bg2 Be7 Nf3 O-O O-O d6 Nc3 Qe8,"Dutch Defense, Classical Variation, Ilyin-Zhenevsky Variation"
d4 f5 c4 Nf6 g3 e6 Bg2 Be7 Nf3 O-O O-O d6 Nc3 Qe8 Re1,"Dutch Defense, Classical Variation, Ilyin-Zhenevsky Variation, Winter Variation"
d4 f5 c4 Nf6 g3 e6 Bg2 Be7 Nf3 O-O O-O d6 Nc3 Qe8 Qc2,"Dutch Defense, Classical Variation, Ilyin-Zhenevsky Variation, Alatortsev-Lisitsyn Line"
d4 f5 c4 Nf6 g3 e6 Bg2 Be7 Nf3 O-O O-O d6 Nc3 Qe8 b3,"Dutch Defense, Classical Variation, Ilyin-Zhenevsky Variation, Modern Main Line"
e4 f6,Barnes Defense
e4 g5,Borg Defense
e4 g5 d4 Bg7,"Borg Defense, Borg Gambit"
e4 g5 d4 h6 h4 g4,"Borg Defense, Troon Gambit"
e4 g5 d4 e5,"Borg Defense, Zilbermints Gambit"
e4 h6,Carr Defense
e4 h6 d4 e5,"Carr Defense, Zilbermints Gambit"
e4 f5,Duras Gambit
e4 f6 d4 Kf7,Fried Fox Defense
e4 h5,Goldsmith Defense
e4 h5 d4 Nf6,"Goldsmith Defense, Picklepuss Defense"
e4 Nh6,Hippopotamus Defense
e4 Nh6 d4 g6 c4 f6,Hippopotamus Defense
e4,King's Pawn Game
e4 Na6,Lemming Defense
e4 d6 d4 Nf6 f3,"Lion Defense, Lion's Jaw"
e4 Nc6,Nimzowitsch Defense
e4 Nc6 d4,Nimzowitsch Defense
e4 Nc6 Nc3 Nf6 d4 e5,"Nimzowitsch Defense, Breyer Variation"
e4 Nc6 Nf3 f5,"Nimzowitsch Defense, Colorado Countergambit"
e4 Nc6 Nf3 f5 exf5,"Nimzowitsch Defense, Colorado Countergambit Accepted"
e4 Nc6 Nf3,"Nimzowitsch Defense, Declined Variation"
e4 Nc6 Nf3 Nf6 e5 Ng4,"Nimzowitsch Defense, El Columpio Defense"
e4 Nc6 Nf3 Nf6 e5 Ng4 d4 d6 h3 Nh6 e6,"Nimzowitsch Defense, El Columpio Defense, El Columpio Gambit"
e4 Nc6 Nf3 Nf6 e5 Ng4 d4 d6 h3 Nh6 exd6,"Nimzowitsch Defense, El Columpio Defense, Exchange Variation"
e4 Nc6 Nf3 Nf6 e5 Ng4 d4 d6 h3 Nh6 Bb5,"Nimzowitsch Defense, El Columpio Defense, Pin Variation"
e4 Nc6 Nf3 e6,"Nimzowitsch Defense, Franco-Nimzowitsch Variation"
e4 Nc6 Nc3 e6,"Nimzowitsch Defense, French Connection"
e4 Nc6 d4 d5 Be3,"Nimzowitsch Defense, Hornung Gambit"
e4 Nc6 d4 e5,"Nimzowitsch Defense, Kennedy Variation"
e4 Nc6 d4 e5 dxe5 Bc5,"Nimzowitsch Defense, Kennedy Variation, Bielefelder Gambit"
e4 Nc6 d4 e5 dxe5 f6,"Nimzowitsch Defense, Kennedy Variation, Hammer Gambit"
e4 Nc6 d4 e5 dxe5 Qh4,"Nimzowitsch Defense, Kennedy Variation, Herford Gambit"
e4 Nc6 d4 e5 dxe5 Nxe5 Nc3,"Nimzowitsch Defense, Kennedy Variation, Keres Attack"
e4 Nc6 d4 e5 d5,"Nimzowitsch Defense, Kennedy Variation, Linksspringer Variation"
e4 Nc6 d4 e5 dxe5 Nxe5 f4 Ng6,"Nimzowitsch Defense, Kennedy Variation, Main Line"
e4 Nc6 d4 e5 dxe5 Nxe5 Nf3,"Nimzowitsch Defense, Kennedy Variation, Paulsen Attack"
e4 Nc6 d4 e5 dxe5 Nxe5 f4 Nc6,"Nimzowitsch Defense, Kennedy Variation, Riemann Defense"
e4 Nc6 d4 e5 dxe5 d6,"Nimzowitsch Defense, Kennedy Variation, de Smet Gambit"
e4 Nc6 d4 d6,"Nimzowitsch Defense, Mikenas Variation"
e4 Nc6 d4 f6,"Nimzowitsch Defense, Neo-Mongoloid Defense"
e4 Nc6 Nc3 g6,"Nimzowitsch Defense, Pirc Connection"
e4 Nc6 Bb5,"Nimzowitsch Defense, Pseudo-Spanish Variation"
e4 Nc6 d4 d5,"Nimzowitsch Defense, Scandinavian Variation"
e4 Nc6 d4 d5 exd5 Nb4,"Nimzowitsch Defense, Scandinavian Variation, Aachen Gambit"
e4 Nc6 d4 d5 e5,"Nimzowitsch Defense, Scandinavian Variation, Advance Variation"
e4 Nc6 d4 d5 Nc3,"Nimzowitsch Defense, Scandinavian Variation, Bogoljubow Variation"
e4 Nc6 d4 d5 Nc3 dxe4,"Nimzowitsch Defense, Scandinavian Variation, Bogoljubow Variation"
e4 Nc6 d4 d5 Nc3 a6,"Nimzowitsch Defense, Scandinavian Variation, Bogoljubow Variation, Brandics Gambit"
e4 Nc6 d4 d5 Nc3 g6,"Nimzowitsch Defense, Scandinavian Variation, Bogoljubow Variation, Erben Gambit"
e4 Nc6 d4 d5 Nc3 e5,"Nimzowitsch Defense, Scandinavian Variation, Bogoljubow Variation, Heinola-Deppe Gambit"
e4 Nc6 d4 d5 Nc3 dxe4 d5 Ne5,"Nimzowitsch Defense, Scandinavian Variation, Bogoljubow Variation, Nimzowitsch Gambit"
e4 Nc6 d4 d5 Nc3 dxe4 d5 Nb8 f3,"Nimzowitsch Defense, Scandinavian Variation, Bogoljubow Variation, Richter Gambit"
e4 Nc6 d4 d5 Nc3 Nf6,"Nimzowitsch Defense, Scandinavian Variation, Bogoljubow Variation, Vehre Variation"
e4 Nc6 d4 d5 exd5 Qxd5,"Nimzowitsch Defense, Scandinavian Variation, Exchange Variation"
e4 Nc6 d4 d5 exd5 Qxd5 Nc3,"Nimzowitsch Defense, Scandinavian Variation, Exchange Variation, Marshall Gambit"
e4 Nc6 b4,"Nimzowitsch Defense, Wheeler Gambit"
e4 Nc6 Nf3 d6,"Nimzowitsch Defense, Williams Variation"
e4 Nc6 d4 a6,"Nimzowitsch Defense, Woodchuck Variation"
e4 b6,Owen Defense
e4 b6 d4 Ba6,"Owen Defense, Guatemala Defense"
e4 b6 d4 c5 dxc5 Nc6,"Owen Defense, Hekili-Loa Gambit"
e4 b6 d4 Bb7 Bd3 f5 exf5 Bxg2 Qh5+ g6,"Owen Defense, Matovinsky Gambit"
e4 b6 d4 Bb7 Bg5,"Owen Defense, Naselwaus Gambit"
e4 b6 d4 Bb7 Nf3,"Owen Defense, Smith Gambit"
e4 f6 d4 b6 c4 Bb7,"Owen Defense, Unicorn Variation"
e4 b6 d4 Bb7 f3 e5,"Owen Defense, Wind Gambit"
e4 d6,Pirc Defense
e4 d6 d4,Pirc Defense
e4 d6 d4 Nf6,Pirc Defense
e4 d6 d4 Nf6 Nf3,"Pirc Defense, Roscher Gambit"
e4 d6 d4 Nd7,"Rat Defense, Antal Defense"
e4 d6 f4 d5 exd5 Nf6,"Rat Defense, Fuller Gambit"
e4 d6 f4,"Rat Defense, Harmonist"
e4 d6 h4,"Rat Defense, Petruccioli Attack"
e4 d6 g4,"Rat Defense, Spike Attack"
e4 a6,St. George Defense
e4 a6 d4 b5 Nf3 Bb7 Bd3 e6,"St. George Defense, Polish Variation"
e4 a6 d4 b5 Nf3 Bb7 Bd3 d6 O-O g6 c3 Bg7,"St. George Defense, San Jorge Variation"
e4 a6 d4 e5,"St. George Defense, Zilbermints Gambit"
e4 Nc6 d4 d5 Nc3 dxe4 d5,"Van Geet Opening, Berlin Gambit"
e4 a5,Ware Defense
e4 a5 d4 Nc6,"Ware Defense, Snagglepuss Defense"
e4 d5,Scandinavian Defense
e4 d5 b3,Scandinavian Defense
e4 d5 exd5 Qxd5 Nc3 Qa5 d4 e5,"Scandinavian Defense, Anderssen Counterattack"
e4 d5 exd5 Qxd5 Nc3 Qa5 d4 e5 Nf3 Bg4,"Scandinavian Defense, Anderssen Counterattack, Collijn Variation"
e4 d5 exd5 Qxd5 Nc3 Qa5 d4 e5 Nf3,"Scandinavian Defense, Anderssen Counterattack, Goteborg System"
e4 d5 exd5 Qxd5 Nc3 Qa5 d4 e5 dxe5 Nc6 Nf3 Bb4 Bd2,"Scandinavian Defense, Anderssen Counterattack, Orthodox Attack"
e4 d5 exd5 c6 dxc6 Nxc6,"Scandinavian Defense, Blackburne Gambit"
e4 d5 exd5 c6,"Scandinavian Defense, Blackburne-Kloosterboer Gambit"
e4 d5 exd5 e5 dxe6 Bxe6,"Scandinavian Defense, Boehnke Gambit"
e4 d5 exd5 Qxd5 Nc3 Qd6 d4 Nf6 Nf3 a6,"Scandinavian Defense, Bronstein Variation"
e4 d5 exd5 Qxd5 Nc3 Qa5 d4 Nf6 Nf3 Bf5,"Scandinavian Defense, Classical Variation"
e4 d5 exd5 Qxd5 Nc3 Qa5 d4 Nf6 Nf3 Bf5 Ne5 c6 g4,"Scandinavian Defense, Grünfeld Variation"
e4 d5 exd5 Qxd5 Nc3 Qd6,"Scandinavian Defense, Gubinsky-Melts Defense"
e4 d5 exd5 Nf6 c4 e6,"Scandinavian Defense, Icelandic-Palme Gambit"
e4 d5 exd5 Nf6 d4 Nxd5 c4 Nb4,"Scandinavian Defense, Kiel Variation"
e4 d5 exd5 c6 dxc6 e5,"Scandinavian Defense, Kloosterboer Gambit"
e4 d5 exd5 Nf6 d4 c6 dxc6 e5,"Scandinavian Defense, Kádas Gambit"
e4 d5 exd5 Qxd5 Nc3 Qa5 d4 Nf6 Nf3 Bg4 h3,"Scandinavian Defense, Lasker Variation"
e4 d5 exd5 Qxd5 Nc3 Qa5,"Scandinavian Defense, Main Line"
e4 d5 exd5 Qxd5 Nc3 Qa5 b4,"Scandinavian Defense, Main Line, Leonhardt Gambit"
e4 d5 exd5 Qxd5 Nc3 Qa5 d4 Nf6,"Scandinavian Defense, Main Line, Mieses Variation"
e4 d5 exd5 Nf6 d4 Nxd5,"Scandinavian Defense, Marshall Variation"
e4 d5 exd5 Qxd5,"Scandinavian Defense, Mieses-Kotroc Variation"
e4 d5 exd5 Nf6,"Scandinavian Defense, Modern Variation"
e4 d5 exd5 Nf6 d4,"Scandinavian Defense, Modern Variation"
e4 d5 exd5 Nf6 d4 Nxd5 Nf3 Bg4,"Scandinavian Defense, Modern Variation, Gipslis Variation"
e4 d5 exd5 Nf6 d4 g6 c4 b5,"Scandinavian Defense, Modern Variation, Wing Gambit"
e4 d5 exd5 Nf6 c4 c6,"Scandinavian Defense, Panov Transfer"
e4 d5 exd5 Nf6 d4 Bg4,"Scandinavian Defense, Portuguese Gambit"
e4 d5 exd5 Nf6 d4 Bg4 f3 Bf5 c4,"Scandinavian Defense, Portuguese Gambit, Banker Variation"
e4 d5 exd5 Nf6 d4 Bg4 Nf3,"Scandinavian Defense, Portuguese Gambit, Classical Variation"
e4 d5 exd5 Nf6 d4 Bg4 f3 Bf5 g4,"Scandinavian Defense, Portuguese Gambit, Correspondence Refutation"
e4 d5 exd5 Nf6 d4 Bg4 Bb5+ c6,"Scandinavian Defense, Portuguese Gambit, Elbow Variation"
e4 d5 exd5 Nf6 d4 Bg4 f3 Bf5 Bb5+ Nbd7 c4,"Scandinavian Defense, Portuguese Gambit, Jadoul Variation"
e4 d5 exd5 Nf6 d4 Bg4 Bb5+ Nbd7 Be2,"Scandinavian Defense, Portuguese Gambit, Lusophobe Variation"
e4 d5 exd5 Nf6 d4 Bg4 f3 Bf5 Bb5+ Nbd7 Nc3,"Scandinavian Defense, Portuguese Gambit, Melbourne Shuffle Variation"
e4 d5 exd5 Nf6 d4 Bg4 Be2,"Scandinavian Defense, Portuguese Gambit, Wuss Variation"
e4 d5 exd5 Nf6 d4 Nxd5 Nf3 g6,"Scandinavian Defense, Richter Variation"
e4 d5 exd5 Nf6 d4 g6,"Scandinavian Defense, Richter Variation"
e4 d5 exd5 Qxd5 Nc3 Qd6 d4 c6,"Scandinavian Defense, Schiller-Pytel Variation"
e4 d5 exd5 Qxd5 Nc3 Qd6 d4 Nf6 Bc4 c6 Nge2 Bf5 Bf4 Qb4,"Scandinavian Defense, Schiller-Pytel Variation, Modern Variation"
e4 d5 exd5 Qxd5 Nc3 Qd8,"Scandinavian Defense, Valencian Variation"
e4 d5 exd5 Qxd5 Nc3 Qd8 d4 Nf6 Nf3 c6,"Scandinavian Defense, Valencian Variation, Ilundain Variation"
e4 d5 exd5 Qxd5 Nc3 Qd8 d4 Nf6 Nf3 Bg4,"Scandinavian Defense, Valencian Variation, Main Line"
e4 d5 b4,"Scandinavian Defense, Zilbermints Gambit"
e4 d5 Nc3 dxe4 Nxe4 e5,"Van Geet Opening, Grünfeld Defense"
e4 Nf6,Alekhine Defense
e4 Nf6 e5 Ng8,"Alekhine Defense, Brooklyn Variation"
e4 Nf6 e5 Ng8 d4 f5,"Alekhine Defense, Brooklyn Variation, Everglades Variation"
e4 Nf6 e5 Nd5 Na3,"Alekhine Defense, Buckley Attack"
e4 Nf6 e5 Nd5 c4 Nb6 c5 Nd5 Bc4 e6 Nc3,"Alekhine Defense, Hunt Variation, Lasker Simul Gambit"
e4 Nf6 e5 Nd5 c4 Nb6 c5 Nd5 Nc3 Nxc3 dxc3 d6 Bg5,"Alekhine Defense, Hunt Variation, Matsukevich Gambit"
e4 Nf6 e5 Nd5 c4 Nb6 c5 Nd5 Bc4 e6 Nc3 d6 Nxd5 exd5 Bxd5,"Alekhine Defense, Hunt Variation, Mikenas Gambit"
e4 Nf6 e5 Nd5 Bc4 Nb6 Bb3 c5 d3,"Alekhine Defense, Kmoch Variation"
e4 Nf6 Bc4,"Alekhine Defense, Krejcik Variation"
e4 Nf6 Bc4 Nxe4 Bxf7+,"Alekhine Defense, Krejcik Variation, Krejcik Gambit"
e4 Nf6 d3,"Alekhine Defense, Maróczy Variation"
e4 Nf6 e5 Ne4,"Alekhine Defense, Mokele Mbembe"
e4 Nf6 e5 Ne4 d4 f6,"Alekhine Defense, Mokele Mbembe, Modern Line"
e4 Nf6 e5 Ne4 d4 e6,"Alekhine Defense, Mokele Mbembe, Vavra Defense"
e4 Nf6 e5 Nd5,"Alekhine Defense, Normal Variation"
e4 Nf6 Nc3 d5,"Alekhine Defense, Scandinavian Variation"
e4 Nf6 Nc3 d5 exd5 c6,"Alekhine Defense, Scandinavian Variation, Geschev Gambit"
e4 Nf6 Nc3 d5 d3 dxe4 Bg5,"Alekhine Defense, Scandinavian Variation, Myers Gambit"
e4 Nf6 Nc3 d5 e5 Nfd7 e6,"Alekhine Defense, Spielmann Gambit"
e4 Nf6 e5 Nd5 c4 Nb6 b3,"Alekhine Defense, Steiner Variation"
e4 Nf6 e5 Nd5 Nc3,"Alekhine Defense, Sämisch Attack"
e4 Nf6 e5 Nd5 c4 Nf4,"Alekhine Defense, The Squirrel"
e4 Nf6 e5 Nd5 c4,"Alekhine Defense, Two Pawns Attack"
e4 Nf6 e5 Nd5 c4 Nb6 c5,"Alekhine Defense, Two Pawns Attack, Lasker Variation"
e4 Nf6 e5 Nd5 c4 Nb6 c5 Nd5 Bc4 e6 Nc3 d6,"Alekhine Defense, Two Pawns Attack, Mikenas Variation"
e4 Nf6 e5 Nd5 c4 Nb6 a4,"Alekhine Defense, Two Pawns Attack, Tate Variation"
e4 Nf6 e5 Nd5 b3,"Alekhine Defense, Welling Variation"
e4 Nf6 e5 Nd5 d4,Alekhine Defense
e4 Nf6 e5 Nd5 d4 d6,Alekhine Defense
e4 Nf6 e5 Nd5 d4 d6 c4,Alekhine Defense
e4 Nf6 e5 Nd5 d4 d6 Bc4,"Alekhine Defense, Balogh Variation"
e4 Nf6 e5 Nd5 d4 d6 c4 Nb6 exd6,"Alekhine Defense, Exchange Variation"
e4 Nf6 e5 Nd5 d4 d6 c4 Nb6 exd6 cxd6 Nc3 g6 h3 Bg7 Nf3 O-O Be2 Nc6 O-O Bf5 Bf4,"Alekhine Defense, Exchange Variation, Karpov Variation"
e4 Nf6 e5 Nd5 d4 d6 c4 Nb6 exd6 cxd6 Nc3 g6 Be3 Bg7 Rc1 O-O b3,"Alekhine Defense, Exchange Variation, Voronezh Variation"
e4 Nf6 e5 Nd5 d4 d6 c4 Nb6 f4,"Alekhine Defense, Four Pawns Attack"
e4 Nf6 e5 Nd5 d4 d6 c4 Nb6 f4 g5,"Alekhine Defense, Four Pawns Attack, Cambridge Gambit"
e4 Nf6 e5 Nd5 d4 d6 c4 Nb6 f4 g6,"Alekhine Defense, Four Pawns Attack, Fianchetto Variation"
e4 Nf6 e5 Nd5 d4 d6 c4 Nb6 f4 dxe5 fxe5 Nc6 Nf3 Bg4 e6 fxe6 c5,"Alekhine Defense, Four Pawns Attack, Ilyin-Zhenevsky Variation"
e4 Nf6 e5 Nd5 d4 d6 c4 Nb6 f4 dxe5 fxe5 Bf5 Nc3 e6 Nf3 Be7 Be2 O-O O-O f6,"Alekhine Defense, Four Pawns Attack, Korchnoi Variation"
e4 Nf6 e5 Nd5 d4 d6 c4 Nb6 f4 dxe5 fxe5 Nc6 Be3,"Alekhine Defense, Four Pawns Attack, Main Line"
e4 Nf6 e5 Nd5 d4 d6 c4 Nb6 f4 dxe5 fxe5 Nc6 Be3 Bf5 Nc3 e6 Nf3 Qd7 Be2 O-O-O O-O Be7,"Alekhine Defense, Four Pawns Attack, Tartakower Variation"
e4 Nf6 e5 Nd5 d4 d6 c4 Nb6 f4 Bf5,"Alekhine Defense, Four Pawns Attack, Trifunovic Variation"
e4 Nf6 e5 Nd5 d4 d6 c4 Nb6 c5,"Alekhine Defense, Hunt Variation"
e4 Nf6 e5 Nd5 d4 d6 c4 Nb6 Nf3 Bg4 Be2,"Alekhine Defense, Modern Variation, Alekhine Gambit"
e4 Nf6 e5 Nd5 d4 b5,"Alekhine Defense, O'Sullivan Gambit"
e4 Nf6 e5 Nd5 d4 d6 Nf3,"Alekhine Defense, Modern Variation"
e4 Nf6 e5 Nd5 d4 d6 Nf3 g6,"Alekhine Defense, Modern Variation, Alburt Variation"
e4 Nf6 e5 Nd5 d4 d6 Nf3 g6 Bc4 Nb6 Bb3 Bg7 a4,"Alekhine Defense, Modern Variation, Keres Variation"
e4 Nf6 e5 Nd5 d4 d6 Nf3 dxe5,"Alekhine Defense, Modern Variation, Larsen Variation"
e4 Nf6 e5 Nd5 d4 d6 Nf3 Nc6,"Alekhine Defense, Modern Variation, Larsen-Haakert Variation"
e4 Nf6 e5 Nd5 d4 d6 Nf3 Nb6,"Alekhine Defense, Modern Variation, Schmid Variation"
e4 Nf6 e5 Nd5 d4 d6 Nf3 Bg4 c4,"Alekhine Defense, Modern Variation, Alekhine Variation"
e4 Nf6 e5 Nd5 d4 d6 Nf3 Bg4 Be2 c6,"Alekhine Defense, Modern Variation, Flohr Variation"
e4 Nf6 e5 Nd5 d4 d6 Nf3 Bg4,"Alekhine Defense, Modern Variation, Main Line"
e4 Nf6 e5 Nd5 d4 d6 Nf3 Bg4 h3,"Alekhine Defense, Modern Variation, Panov Variation"
e4 Nf6 e5 Nd5 d4 d6 Nf3 Bg4 c4 Nb6 d5,"Alekhine Defense, Modern Variation, Vitolins Attack"
e4 g6,Modern Defense
e4 g6 d4 Bg7,Modern Defense
e4 g6 d4 Bg7 Nc3 c6 Bc4 d6 Qe2,"Modern Defense, Anti-Modern"
e4 g6 d4 Bg7 Bc4,"Modern Defense, Bishop Attack"
e4 g6 d4 Bg7 Bc4 b5,"Modern Defense, Bishop Attack, Bücker Gambit"
e4 g6 Bc4 Bg7 Qf3 e6 d4 Bxd4,"Modern Defense, Bishop Attack, Monkey's Bum"
e4 g6 d4 Bg7 c4 d5 exd5 c6 dxc6 Bxd4,"Modern Defense, Dunworthy Variation"
e4 g6 d4 f5,"Modern Defense, Fianchetto Gambit"
e4 g6 d4 Bg7 Nc3 c6 f4 d5 e5 h5,"Modern Defense, Gurgenidze Defense"
e4 g6 d4 Bg7 Nc3 d5,"Modern Defense, Lizard Defense, Mittenberger Gambit"
e4 g6 d4 Nh6 Nc3 f5 Bxh6 Bxh6 exf5 O-O,"Modern Defense, Masur Gambit"
e4 g6 d4 Bg7 Nc3 c5,"Modern Defense, Modern Pterodactyl"
e4 g6 d4 Bg7 Nc3 b6,"Modern Defense, Mongredien Defense, with Nc3"
e4 g6 d4 Bg7 Nf3 b6,"Modern Defense, Mongredien Defense, with Nf3"
e4 g6 d4 Nf6,"Modern Defense, Norwegian Defense"
e4 g6 d4 Nf6 e5 Nh5 Be2 d6,"Modern Defense, Norwegian Defense, Norwegian Gambit"
e4 g6 d4 Bg7 Nc3 d6 f4,"Modern Defense, Pseudo-Austrian Attack"
e4 g6 d4 Bg7 c4 c5 Nf3 d6 Be2 Qa5+,"Modern Defense, Semi-Averbakh Variation, Pterodactyl Variation Declined"
e4 g6 d4 Bg7 Nc3 d6,"Modern Defense, Standard Defense"
e4 g6 d4 Bg7 Nc3,"Modern Defense, Standard Line"
e4 g6 d4 Bg7 f4,"Modern Defense, Three Pawns Attack"
e4 g6 d4 Bg7 Nc3 d6 Nf3,"Modern Defense, Two Knights Variation"
e4 g6 d4 Bg7 Nc3 c6 Nf3 d6,"Modern Defense, Two Knights Variation, Suttles Variation"
e4 g6 d4 Bg7 Nc3 d6 Nf3 c6 Bg5 Qb6 Qd2 Qxb2,"Modern Defense, Two Knights Variation, Suttles Variation, Tal Gambit"
e4 g6 d4 Bg7 Bd2,"Modern Defense, Westermann Gambit"
e4 g6 d4 Bg7 Bd3,"Modern Defense, Wind Gambit"
e4 g6 d4 Bg7 f4 c5 Nf3 Qa5+,"Pterodactyl Defense, Austrian, Austriadactylus Western"
e4 g6 Nc3 Bg7 f4 c5 Nf3 Qa5,"Pterodactyl Defense, Austrian, Grand Prix Pterodactyl"
e4 g6 d4 Bg7 f4 c5 c3 Qa5,"Pterodactyl Defense, Austrian, Pteranodon"
e4 g6 d4 Bg7 c4 c5 Nc3 d6 Be3 Qa5,"Pterodactyl Defense, Central, Anhanguera"
e4 g6 d4 Bg7 c4 c5 d5 d6 Nc3 Qa5,"Pterodactyl Defense, Central, Benoni Quetzalcoatlus"
e4 g6 d4 Bg7 c4 c5 Nc3 d6 dxc5 Qa5,"Pterodactyl Defense, Central, Quetzalcoatlus Gambit"
e4 g6 d4 Bg7 Nc3 c5 Be3,"Pterodactyl Defense, Eastern, Anhanguera"
d4 g6 e4 Bg7 Nc3 c5 d5,"Pterodactyl Defense, Eastern, Benoni"
e4 g6 d4 Bg7 Nc3 c5 d5 Bxc3+ bxc3 Qa5,"Pterodactyl Defense, Eastern, Benoni Pteranodon"
d4 g6 Nc3 Bg7 e4 c5 d5 Qa5,"Pterodactyl Defense, Eastern, Benoni Pterodactyl"
e4 g6 d4 Bg7 Nc3 c5 dxc5 Bxc3+ bxc3 Qa5,"Pterodactyl Defense, Eastern, Pteranodon"
e4 g6 d4 Bg7 Nc3 c5 dxc5 Qa5,"Pterodactyl Defense, Eastern, Rhamphorhynchus"
e4 g6 d4 Bg7 g3 c5 Nf3 Qa5+,"Pterodactyl Defense, Fianchetto, King Pterodactyl"
e4 g6 d4 Bg7 g3 c5 dxc5 Qa5+,"Pterodactyl Defense, Fianchetto, Rhamphorhynchus"
e4 g6 d4 Bg7 Nc3 c5 Nf3 Qa5 Be2 d6,"Pterodactyl Defense, Sicilian, Quetzalcoatlus"
e4 g6 d4 Bg7 Nc3 c5 Nf3 Qa5 Bc4,"Pterodactyl Defense, Sicilian, Siroccopteryx"
e4 g6 d4 Bg7 Nf3 c5 Be3 Qa5+,"Pterodactyl Defense, Western, Anhanguera"
e4 g6 Nf3 Bg7 d4 c5 Bc4 cxd4 Nxd4 Qa5+,"Pterodactyl Defense, Western, Siroccopteryx"
e4 g6 d4 d6 Nc3 c6,"Rat Defense, Accelerated Gurgenidze"
e4 d6 d4 Nf6 Nc3 c6,Czech Defense
e4 d6 d4 e5,"King's Pawn Game, Maróczy Defense"
e4 d6 d4 Nf6 Nc3 Nbd7,Lion Defense
e4 d6 d4 Nf6 Nc3 Nbd7 f4,"Lion Defense, Anti-Philidor"
e4 d6 d4 Nf6 Nc3 Nbd7 f4 e5,"Lion Defense, Anti-Philidor, Lion's Cave"
e4 d6 d4 Nf6 Nc3 Nbd7 f4 e5 Nf3 exd4 Qxd4 c6 Bc4 d5,"Lion Defense, Anti-Philidor, Lion's Cave, Lion Claw Gambit"
e4 d6 d4 Nf6 Nc3 Nbd7 g4,"Lion Defense, Bayonet Attack"
e4 g6 d4 Bg7 Nf3 d6 c3,"Modern Defense, Geller's System"
e4 d6 d4 Nf6 Nc3 g6,Pirc Defense
e4 d6 d4 Nf6 Nc3 g6 Be3 c6 Qd2,"Pirc Defense, 150 Attack"
e4 d6 d4 Nf6 Nc3 g6 Be3 c6 Qd2 Bg4,"Pirc Defense, 150 Attack, Inner Doll Defense"
e4 d6 d4 Nf6 Nc3 g6 Be3 c6 h3,"Pirc Defense, 150 Attack, Sveshnikov-Jansa Attack"
e4 d6 d4 Nf6 Nc3 g6 Be2 Bg7 h4,"Pirc Defense, Bayonet Attack"
e4 d6 d4 Nf6 Nc3 g6 Bg5,"Pirc Defense, Byrne Variation"
e4 d6 d4 Nf6 Nc3 g6 Be2 Bg7 g4,"Pirc Defense, Chinese Variation"
e4 d6 d4 Nf6 Nc3 g6 Bc4,"Pirc Defense, Kholmov System"
e4 d6 d4 Nf6 Nc3 g6 g3,"Pirc Defense, Sveshnikov System"
e4 d6 d4 Nf6 Nc3 g6 Nf3,"Pirc Defense, Classical Variation"
e4 d6 d4 Nf6 Nc3 g6 Nf3 Bg7,"Pirc Defense, Classical Variation"
e4 d6 d4 Nf6 Nc3 g6 Nf3 Bg7 Be2,"Pirc Defense, Classical Variation, Quiet System"
e4 d6 d4 Nf6 Nc3 g6 Nf3 Bg7 Be2 O-O O-O Nc6,"Pirc Defense, Classical Variation, Quiet System, Chigorin Line"
e4 d6 d4 Nf6 Nc3 g6 Nf3 Bg7 Be2 O-O O-O c6,"Pirc Defense, Classical Variation, Quiet System, Czech Defense"
e4 d6 d4 Nf6 Nc3 g6 Nf3 Bg7 Be2 O-O O-O Bg4,"Pirc Defense, Classical Variation, Quiet System, Parma Defense"
e4 d6 d4 Nf6 Nc3 g6 Nf3 Bg7 h3,"Pirc Defense, Classical Variation, Schlechter Variation"
e4 d6 d4 Nf6 Nc3 g6 f4,"Pirc Defense, Austrian Attack"
e4 d6 d4 Nf6 Nc3 g6 f4 Bg7 Nf3 O-O,"Pirc Defense, Austrian Attack"
e4 d6 d4 Nf6 Nc3 g6 f4 Bg7 Nf3 c5,"Pirc Defense, Austrian Attack, Dragon Formation"
e4 d6 d4 Nf6 Nc3 g6 f4 Bg7 Nf3 O-O Be3,"Pirc Defense, Austrian Attack, Kurajica Variation"
e4 d6 d4 Nf6 Nc3 g6 f4 Bg7 Bc4,"Pirc Defense, Austrian Attack, Ljubojevic Variation"
e4 d6 d4 Nf6 Nc3 g6 f4 Bg7 Nf3 O-O e5,"Pirc Defense, Austrian Attack, Unzicker Attack"
e4 d6 d4 Nf6 Nc3 g6 f4 Bg7 Nf3 O-O e5 Nfd7 h4,"Pirc Defense, Austrian Attack, Unzicker Attack, Bronstein Variation"
e4 d6 d4 Nf6 Nc3 g6 f4 Bg7 Nf3 O-O Bd3,"Pirc Defense, Austrian Attack, Weiss Variation"
e4 c6,Caro-Kann Defense
e4 c6 Nc3,Caro-Kann Defense
e4 c6 Nc3 d5,Caro-Kann Defense
e4 c6 c4,"Caro-Kann Defense, Accelerated Panov Attack"
e4 c6 c4 d5,"Caro-Kann Defense, Accelerated Panov Attack"
e4 c6 c4 d5 exd5 cxd5 cxd5 Nf6,"Caro-Kann Defense, Accelerated Panov Attack, Modern Variation"
e4 c6 c4 e5,"Caro-Kann Defense, Accelerated Panov Attack, Open Variation"
e4 c6 c4 d5 exd5 Qxd5,"Caro-Kann Defense, Accelerated Panov Attack, Pseudo-Scandinavian"
e4 c6 c4 d5 cxd5 cxd5 Qb3,"Caro-Kann Defense, Accelerated Panov Attack, Van Weersel Attack"
e4 c6 Nf3 d5 exd5 cxd5 Ne5,"Caro-Kann Defense, Apocalypse Attack"
e4 c6 d3,"Caro-Kann Defense, Breyer Variation"
e4 c6 d3 d5 Nd2 g6 Ngf3 Bg7 g3 e5 Bg2 Ne7 O-O O-O b4,"Caro-Kann Defense, Breyer Variation, Stein Attack"
e4 c6 Nf3 d5 d3 dxe4 Ng5,"Caro-Kann Defense, Dinic Gambit"
e4 c6 Nf3 d5 d3,"Caro-Kann Defense, Endgame Offer"
e4 c6 Nf3 d5 d3 dxe4 dxe4 Qxd1+ Kxd1,"Caro-Kann Defense, Endgame Variation"
e4 c6 b3,"Caro-Kann Defense, Euwe Attack"
e4 c6 Nc3 d5 Qf3,"Caro-Kann Defense, Goldman Variation"
e4 c6 Nc3 d5 Nf3 dxe4 Ng5,"Caro-Kann Defense, Hector Gambit"
e4 c6 Bc4,"Caro-Kann Defense, Hillbilly Attack"
e4 c6 Bc4 d5 Bb3 dxe4 Qh5,"Caro-Kann Defense, Hillbilly Attack, Schaeffer Gambit"
e4 c6 b4,"Caro-Kann Defense, Labahn Attack"
e4 c6 b4 d5 b5,"Caro-Kann Defense, Labahn Attack, Double Gambit"
e4 c6 b4 e5 Bb2,"Caro-Kann Defense, Labahn Attack, Polish Variation"
e4 c6 Nc3 d5 d3 dxe4 Bg5,"Caro-Kann Defense, Scorpion-Horus Gambit"
e4 c6 g4,"Caro-Kann Defense, Spike Variation"
e4 c6 g4 d5 Nc3 dxe4 d3,"Caro-Kann Defense, Spike Variation, Scorpion-Grob Gambit"
e4 c6 Nc3 d5 h3,"Caro-Kann Defense, St. Patrick's Attack"
e4 c6 c4 d5 e5,"Caro-Kann Defense, Toikkanen Gambit"
e4 c6 Nc3 d5 Nf3,"Caro-Kann Defense, Two Knights Attack"
e4 c6 Nc3 d5 Nf3 Bg4,"Caro-Kann Defense, Two Knights Attack, Mindeno Variation"
e4 c6 Nc3 d5 Nf3 Bg4 h3 Bxf3,"Caro-Kann Defense, Two Knights Attack, Mindeno Variation, Exchange Line"
e4 c6 Nc3 d5 Nf3 Bg4 h3 Bh5,"Caro-Kann Defense, Two Knights Attack, Mindeno Variation, Retreat Line"
e4 c6 d4,Caro-Kann Defense
e4 c6 d4 d5,Caro-Kann Defense
e4 c6 d4 d5 e5,"Caro-Kann Defense, Advance Variation"
e4 c6 d4 d5 e5 Bf5 g4,"Caro-Kann Defense, Advance Variation, Bayonet Attack"
e4 c6 d4 d5 e5 c5,"Caro-Kann Defense, Advance Variation, Botvinnik-Carls Defense"
e4 c6 d4 d5 e5 Bf5 Ne2,"Caro-Kann Defense, Advance Variation, Bronstein Variation"
e4 c6 d4 d5 e5 Bf5 b4,"Caro-Kann Defense, Advance Variation, Prins Attack"
e4 c6 d4 d5 e5 Bf5 Nf3,"Caro-Kann Defense, Advance Variation, Short Variation"
e4 c6 d4 d5 e5 Bf5 h4,"Caro-Kann Defense, Advance Variation, Tal Variation"
e4 c6 d4 d5 e5 Bf5 Nc3,"Caro-Kann Defense, Advance Variation, Van der Wiel Attack"
e4 c6 d4 d5 e5 Bf5 Nc3 e6 g4 Bg6 Nge2 c5 h4,"Caro-Kann Defense, Advance Variation, Van der Wiel Attack"
e4 c6 d4 d5 e5 Bf5 Nc3 Qb6,"Caro-Kann Defense, Advance Variation, Van der Wiel Attack, Dreyev Defense"
e4 c6 d4 d5 e5 Bf5 c3 e6 Be2,"Caro-Kann Defense, Advance, Short Variation"
e4 c6 d4 Na6,"Caro-Kann Defense, De Bruycker Defense"
e4 c6 d4 Na6 Nc3 Nc7,"Caro-Kann Defense, De Bruycker Defense"
e4 c6 d4 d5 Nd2 Qb6,"Caro-Kann Defense, Edinburgh Variation"
e4 c6 d4 d5 f3,"Caro-Kann Defense, Maróczy Variation"
e4 c6 d4 d5 f3 dxe4 fxe4 e5 Nf3 exd4 Bc4,"Caro-Kann Defense, Maróczy Variation, Maróczy Gambit"
e4 c6 d4 Nf6,"Caro-Kann Defense, Masi Variation"
e4 c6 d4 f5,"Caro-Kann Defense, Massachusetts Defense"
e4 c6 d4 d5 Bd3 Nf6 e5 Nfd7 e6,"Caro-Kann Defense, Mieses Attack, Landau Gambit"
e4 c6 d4 d5 Be3,"Caro-Kann Defense, Mieses Gambit"
e4 c6 d4 d5 Nd2,"Caro-Kann Defense, Modern Variation"
e4 c6 d4 d5 Nf3 dxe4 Ng5,"Caro-Kann Defense, Ulysses Gambit"
e4 c6 d4 d5 exd5,"Caro-Kann Defense, Exchange Variation"
e4 c6 d4 d5 exd5 cxd5,"Caro-Kann Defense, Exchange Variation"
e4 c6 d4 d5 exd5 cxd5 Bf4,"Caro-Kann Defense, Exchange Variation"
e4 c6 d4 d5 exd5 cxd5 Nf3 Nc6,"Caro-Kann Defense, Exchange Variation"
e4 c6 d4 d5 exd5 cxd5 g4,"Caro-Kann Defense, Exchange Variation, Bulla Attack"
e4 c6 d4 d5 exd5 cxd5 Bd3 Nc6 c3 Nf6 Bf4,"Caro-Kann Defense, Exchange Variation, Rubinstein Variation"
e4 c6 d4 d5 exd5 cxd5 c4,"Caro-Kann Defense, Panov Attack"
e4 c6 d4 d5 exd5 cxd5 c4 Nf6 Nc3,"Caro-Kann Defense, Panov Attack"
e4 c6 d4 d5 exd5 cxd5 c4 Nf6 c5,"Caro-Kann Defense, Panov Attack, Gunderam Attack"
e4 c6 d4 d5 exd5 cxd5 c4 Nf6 Nc3 Nc6,"Caro-Kann Defense, Panov Attack, Modern Defense"
e4 c6 d4 d5 exd5 cxd5 c4 Nf6 Nc3 Nc6 Bg5 e6,"Caro-Kann Defense, Panov Attack, Modern Defense, Carlsbad Line"
e4 c6 d4 d5 exd5 cxd5 c4 Nf6 Nc3 Nc6 Bg5 Qa5,"Caro-Kann Defense, Panov Attack, Modern Defense, Czerniak Line"
e4 c6 d4 d5 exd5 cxd5 c4 Nf6 Nc3 Nc6 Nf3 Bg4,"Caro-Kann Defense, Panov Attack, Modern Defense, Mieses Line"
e4 c6 d4 d5 exd5 cxd5 c4 Nf6 Nc3 Nc6 Bg5 Qb6,"Caro-Kann Defense, Panov Attack, Modern Defense, Reifir-Spielmann Line"
e4 c6 d4 d5 exd5 cxd5 c4 Nf6 Nc3 Nc6 Bg5 dxc4 d5 Na5,"Caro-Kann Defense, Panov-Botvinnik, Herzog Defense"
e4 c6 d4 d5 exd5 cxd5 c4 Nf6 Nc3 e6,"Caro-Kann Defense, Panov Attack"
e4 c6 d4 d5 exd5 cxd5 c4 Nc6 Nc3 Nf6 Nf3 e6 cxd5 exd5 Bb5 Bg4,"Caro-Kann Defense, Panov Attack"
e4 c6 d4 d5 exd5 cxd5 c4 Nc6 Nc3 Nf6 Nf3 e6 cxd5 exd5 Bb5 Bd6 Bg5 O-O O-O,"Caro-Kann Defense, Panov Attack"
e4 c6 d4 d5 exd5 cxd5 c4 Nf6 Nc3 Nc6 Nf3 e6 c5,"Caro-Kann Defense, Panov Attack"
e4 c6 d4 d5 exd5 cxd5 c4 Nf6 Nc3 g6,"Caro-Kann Defense, Panov Attack, Fianchetto Defense"
e4 c6 d4 d5 exd5 cxd5 c4 Nf6 Nc3 g6 cxd5 Bg7,"Caro-Kann Defense, Panov Attack, Fianchetto Defense, Fianchetto Gambit"
e4 c6 d4 d5 exd5 cxd5 c4 Nf6 Nc3 e6 Nf3 Bb4,"Caro-Kann Defense, Panov Attack, Main Line"
e4 c6 d4 d5 Nc3,Caro-Kann Defense
e4 c6 d4 d5 Nc3 dxe4,Caro-Kann Defense
e4 c6 d4 d5 Nc3 dxe4 Nxe4 Nf6 Bd3,"Caro-Kann Defense, Alekhine Gambit"
e4 c6 d4 d5 Nc3 dxe4 Nxe4 Nf6 Ng5 h6 Nxf7,"Caro-Kann Defense, Alien Gambit"
e4 c6 d4 d5 Nc3 Nf6,"Caro-Kann Defense, Campomanes Attack"
e4 c6 d4 d5 Nc3 dxe4 Nxe4 Nf6 Nxf6+ exf6 Bc4,"Caro-Kann Defense, Forgacs Variation"
e4 c6 d4 d5 Nc3 b5,"Caro-Kann Defense, Gurgenidze Counterattack"
e4 c6 d4 d5 Nc3 g6,"Caro-Kann Defense, Gurgenidze System"
e4 c6 d4 d5 Nd2 dxe4 Nxe4,"Caro-Kann Defense, Main Line"
e4 c6 d4 d5 Nc3 dxe4 f3,"Caro-Kann Defense, Rasa-Studier Gambit"
e4 c6 d4 d5 Nc3 dxe4 Nxe4 Nf6 Nxf6+ exf6,"Caro-Kann Defense, Tartakower Variation"
e4 c6 d4 d5 Nc3 dxe4 Nxe4 Nf6 Nxf6+ exf6 c3 Bd6 Bd3 O-O Qc2 h6,"Caro-Kann Defense, Tartakower Variation, Perlis Line"
e4 c6 d4 d5 Nc3 dxe4 Bc4,"Caro-Kann Defense, von Hennig Gambit"
e4 c6 d4 d5 Nc3 dxe4 Nxe4 Nf6 Nxf6+ gxf6,"Caro-Kann Defense, Bronstein-Larsen Variation"
e4 c6 d4 d5 Nd2 dxe4 Nxe4 h6,"Caro-Kann Defense, Finnish Variation"
e4 c6 d4 d5 Nd2 dxe4 Nxe4 Nd7,"Caro-Kann Defense, Karpov Variation"
e4 c6 d4 d5 Nd2 dxe4 Nxe4 Nd7 Ng5 Ngf6 Bd3 e6 N1f3 Bd6 Qe2 h6 Ne4 Nxe4 Qxe4,"Caro-Kann Defense, Karpov Variation, Modern Main Line"
e4 c6 d4 d5 Nd2 dxe4 Nxe4 Nd7 Ng5,"Caro-Kann Defense, Karpov Variation, Modern Variation"
e4 c6 d4 d5 Nd2 dxe4 Nxe4 Nd7 Ng5 Ndf6,"Caro-Kann Defense, Karpov Variation, Modern Variation, Ivanchuk Defense"
e4 c6 d4 d5 Nc3 dxe4 Nxe4 Nd7 Nf3 Ngf6 Ng3,"Caro-Kann Defense, Karpov Variation, Modern Variation, Kasparov Attack"
e4 c6 d4 d5 Nd2 dxe4 Nxe4 Nd7 Bc4 Ngf6 Ng5 e6 Qe2 Nb6,"Caro-Kann Defense, Karpov Variation, Smyslov Variation"
e4 c6 d4 d5 Nd2 dxe4 Nxe4 Nd7 Bc4 Ngf6 Ng5 e6 Qe2 Nb6 Bb3,"Caro-Kann Defense, Karpov Variation, Smyslov Variation, Main Line"
e4 c6 d4 d5 Nd2 dxe4 Nxe4 Nd7 Bc4 Ngf6 Nxf6+ Nxf6,"Caro-Kann Defense, Karpov Variation, Tiviakov-Fischer Attack"
e4 c6 d4 d5 Nd2 dxe4 Nxe4 Bf5,"Caro-Kann Defense, Classical Variation"
e4 c6 d4 d5 Nd2 dxe4 Nxe4 Bf5 Ng3 Bg6 Nh3,"Caro-Kann Defense, Classical Variation, Flohr Variation"
e4 c6 d4 d5 Nd2 dxe4 Nxe4 Bf5 Ng3 Bg6 h4,"Caro-Kann Defense, Classical Variation, Main Line"
e4 c6 d4 d5 Nd2 dxe4 Nxe4 Bf5 Ng3 Bg6 f4,"Caro-Kann Defense, Classical Variation, Maróczy Attack"
e4 c6 d4 d5 Nd2 dxe4 Nxe4 Bf5 Ng5 Bg6 N1f3 h6 Ne6,"Caro-Kann Defense, Martian Gambit"
e4 c6 d4 d5 Nd2 dxe4 Nxe4 Bf5 Ng3 Bg6 h4 h6 Nf3 Nd7,"Caro-Kann Defense, Classical Variation"
e4 c6 d4 d5 Nd2 dxe4 Nxe4 Bf5 Ng3 Bg6 h4 h6 Nf3 Nd7 h5 Bh7 Bd3 Bxd3 Qxd3 e6 Bd2 Ngf6 O-O-O Be7,"Caro-Kann Defense, Classical Variation, Lobron System"
e4 c6 d4 d5 Nd2 dxe4 Nxe4 Bf5 Ng3 Bg6 h4 h6 Nf3 Nd7 h5 Bh7 Bd3 Bxd3 Qxd3 Ngf6 Bd2 e6 O-O-O Bd6,"Caro-Kann Defense, Classical Variation, Seirawan Variation"
e4 c6 d4 d5 Nd2 dxe4 Nxe4 Bf5 Ng3 Bg6 h4 h6 Nf3 Nd7 h5,"Caro-Kann Defense, Classical Variation, Spassky Variation"
e4 c5,Sicilian Defense
e4 c5 Qg4,"Sicilian Defense, Amazon Attack"
e4 c5 d3 Nc6 c3 d6 f4,"Sicilian Defense, Big Clamp Formation"
e4 c5 Bc4,"Sicilian Defense, Bowdler Attack"
e4 c5 Nh3,"Sicilian Defense, Brick Variation"
e4 c5 b3,"Sicilian Defense, Czerniak Attack"
e4 c5 b3 b6,"Sicilian Defense, Czerniak Attack, Queen Fianchetto Variation"
e4 c5 b3 d5 Bb2,"Sicilian Defense, Euwe Attack, Prins Gambit"
e4 c5 c4 d6 Nc3 Nc6 g3 h5,"Sicilian Defense, Gloria Variation"
e4 c5 g4,"Sicilian Defense, Grob Variation"
e4 c5 Ne2,"Sicilian Defense, Keres Variation"
e4 c5 Ke2,"Sicilian Defense, King David's Opening"
e4 c5 Na3,"Sicilian Defense, Kronberger Variation"
e4 c5 Na3 Nc6 d4 cxd4 Bc4,"Sicilian Defense, Kronberger Variation, Nemeth Gambit"
e4 c5 g3,"Sicilian Defense, Lasker-Dunne Attack"
e4 c5 a3,"Sicilian Defense, Mengarini Variation"
e4 c5 a4,"Sicilian Defense, Myers Attack, with a4"
e4 c5 h4,"Sicilian Defense, Myers Attack, with h4"
e4 c5 c4,"Sicilian Defense, Staunton-Cochrane Variation"
e4 c5 b4,"Sicilian Defense, Wing Gambit"
e4 c5 b4 cxb4 Bb2,"Sicilian Defense, Wing Gambit, Abrahams Variation"
e4 c5 b4 cxb4 a3 bxa3,"Sicilian Defense, Wing Gambit, Carlsbad Variation"
e4 c5 b4 cxb4 a3 d5 exd5 Qxd5 Bb2,"Sicilian Defense, Wing Gambit, Marienbad Variation"
e4 c5 b4 cxb4 a3,"Sicilian Defense, Wing Gambit, Marshall Variation"
e4 c5 b4 cxb4 a3 d5 exd5 Qxd5 Nf3 e5 c4 Qe6 Bd3,"Sicilian Defense, Wing Gambit, Nanu Gambit"
e4 c5 b4 cxb4 a3 d5 exd5 Qxd5 Nf3 e5 Bb2 Nc6 c4 Qe6,"Sicilian Defense, Wing Gambit, Romanian Defense"
e4 c5 b4 cxb4 c4,"Sicilian Defense, Wing Gambit, Santasiere Variation"
e4 c5 f4 d5 Nf3 dxe4,"Bird Opening, Dutch Variation, Batavo Gambit"
e4 c5 d4 cxd4 Qxd4 Nc6 Qd1 Nf6 Bc4,"Sicilian Defense, Coles Sicilian Gambit"
e4 c5 d4 cxd4 f4,"Sicilian Defense, Halasz Gambit"
e4 c5 f4,"Sicilian Defense, McDonnell Attack"
e4 c5 f4 d5 exd5 Nf6,"Sicilian Defense, McDonnell Attack, Tal Gambit"
e4 c5 f4 d5 Nc3,"Sicilian Defense, McDonnell Attack, Toilet Variation"
e4 c5 d4 cxd4 Nf3,"Sicilian Defense, Morphy Gambit"
e4 c5 d4 cxd4 Nf3 e5 c3,"Sicilian Defense, Morphy Gambit, Andreaschek Gambit"
e4 c5 d4,"Sicilian Defense, Smith-Morra Gambit"
e4 c5 d4 cxd4 c3,"Sicilian Defense, Smith-Morra Gambit"
e4 c5 d4 cxd4 c3 dxc3,"Sicilian Defense, Smith-Morra Gambit Accepted"
e4 c5 d4 cxd4 c3 dxc3 Nxc3 Nc6 Bc4 e6 Nf3 d6 O-O a6 Qe2 b5 Bb3 Ra7,"Sicilian Defense, Smith-Morra Gambit Accepted, Chicago Defense"
e4 c5 d4 cxd4 c3 dxc3 Nxc3 d6 Nf3 e6 Bc4 Nf6 O-O a6,"Sicilian Defense, Smith-Morra Gambit Accepted, Chicago Defense"
e4 c5 d4 cxd4 c3 dxc3 Nxc3 Nc6 Nf3 d6 Bc4 a6 O-O Nf6,"Sicilian Defense, Smith-Morra Gambit Accepted, Classical Formation"
e4 c5 d4 cxd4 c3 dxc3 Nf3,"Sicilian Defense, Smith-Morra Gambit Accepted, Danish Variation"
e4 c5 d4 cxd4 c3 dxc3 Nxc3 g6,"Sicilian Defense, Smith-Morra Gambit Accepted, Fianchetto Defense"
e4 c5 d4 cxd4 c3 dxc3 Nxc3 Nc6 Nf3 g6,"Sicilian Defense, Smith-Morra Gambit Accepted, Fianchetto Defense"
e4 c5 d4 cxd4 c3 dxc3 Nxc3 Nc6 Nf3 d6 Bc4 g6,"Sicilian Defense, Smith-Morra Gambit Accepted, Fianchetto Defense"
e4 c5 d4 cxd4 c3 dxc3 Nxc3 d6 Nf3 g6,"Sicilian Defense, Smith-Morra Gambit Accepted, Fianchetto Defense"
e4 c5 d4 cxd4 c3 dxc3 Nxc3 e6 Nf3 d6 Bc4 a6 O-O Be7 Qe2 Nf6,"Sicilian Defense, Smith-Morra Gambit Accepted, Finegold Defense"
e4 c5 d4 cxd4 c3 dxc3 Nxc3 e6 Nf3 a6,"Sicilian Defense, Smith-Morra Gambit Accepted, Kan Formation"
e4 c5 d4 cxd4 c3 dxc3 Nxc3 Nc6 Nf3 e6 Bc4 Qc7 Qe2 a6 O-O Bd6,"Sicilian Defense, Smith-Morra Gambit Accepted, Larsen Defense"
e4 c5 d4 cxd4 c3 dxc3 Nxc3 Nc6 Nf3 e6 Bc4 Bc5,"Sicilian Defense, Smith-Morra Gambit Accepted, Morphy Defense"
e4 c5 d4 cxd4 c3 dxc3 Nxc3 Nc6 Nf3 e6 Bc4 a6 O-O b5 Bb3 Bc5,"Sicilian Defense, Smith-Morra Gambit Accepted, Morphy Defense Deferred"
e4 c5 d4 cxd4 c3 dxc3 Nxc3 Nc6 Nf3 e6 Bc4 a6,"Sicilian Defense, Smith-Morra Gambit Accepted, Paulsen Formation"
e4 c5 d4 cxd4 c3 dxc3 Nxc3 Nc6 Nf3 e6 Bc4 Bb4,"Sicilian Defense, Smith-Morra Gambit Accepted, Pin Defense"
e4 c5 d4 cxd4 c3 dxc3 Nxc3 Nc6 Nf3 d6 Bc4 e6,"Sicilian Defense, Smith-Morra Gambit Accepted, Scheveningen Formation"
e4 c5 d4 cxd4 c3 dxc3 Nxc3 Nc6 Nf3 e6 Bc4 Qc7,"Sicilian Defense, Smith-Morra Gambit Accepted, Siberian Variation"
e4 c5 d4 cxd4 c3 dxc3 Nxc3 Nc6 Nf3 e6 Bc4 Qc7 Qe2 Nf6 O-O Ng4,"Sicilian Defense, Smith-Morra Gambit Accepted, Siberian Variation, Siberian Trap"
e4 c5 d4 cxd4 c3 dxc3 Nxc3 Nc6 Bc4 e6 Nf3 d6 O-O a6 Qe2 b5,"Sicilian Defense, Smith-Morra Gambit Accepted, Sozin Formation"
e4 c5 d4 cxd4 c3 dxc3 Nxc3 e6 Bc4 a6 Nf3 Ne7,"Sicilian Defense, Smith-Morra Gambit Accepted, Taimanov Formation"
e4 c5 d4 cxd4 c3 Nf6,"Sicilian Defense, Smith-Morra Gambit Declined, Alapin Formation"
e4 c5 d4 cxd4 c3 e5,"Sicilian Defense, Smith-Morra Gambit Declined, Center Formation"
e4 c5 d4 cxd4 c3 d3 c4,"Sicilian Defense, Smith-Morra Gambit Declined, Dubois Variation"
e4 c5 d4 cxd4 c3 d3,"Sicilian Defense, Smith-Morra Gambit Declined, Push Variation"
e4 c5 d4 cxd4 c3 d5,"Sicilian Defense, Smith-Morra Gambit Declined, Scandinavian Formation"
e4 c5 d4 cxd4 c3 Qa5,"Sicilian Defense, Smith-Morra Gambit Declined, Wing Formation"
e4 c5 c3,"Sicilian Defense, Alapin Variation"
e4 c5 c3 d5 exd5 Nf6,"Sicilian Defense, Alapin Variation, Anti-Alapin Gambit"
e4 c5 c3 d5 exd5 Qxd5,"Sicilian Defense, Alapin Variation, Barmen Defense"
e4 c5 c3 d5 exd5 Qxd5 d4 g6 Nf3,"Sicilian Defense, Alapin Variation, Barmen Defense"
e4 c5 c3 d5 exd5 Qxd5 d4 Nc6 Nf3,"Sicilian Defense, Alapin Variation, Barmen Defense"
e4 c5 c3 d5 exd5 Qxd5 d4 cxd4 cxd4 Nc6 Nf3 Bg4,"Sicilian Defense, Alapin Variation, Barmen Defense, Central Exchange"
e4 c5 c3 d5 exd5 Qxd5 d4 cxd4 cxd4 Nc6 Nf3 Bg4 Nc3 Bxf3 gxf3 Qxd4 Qxd4 Nxd4,"Sicilian Defense, Alapin Variation, Barmen Defense, Endgame Variation"
e4 c5 c3 d5 exd5 Qxd5 d4 Nc6 Nf3 cxd4 cxd4 e5 Nc3 Bb4 Be2,"Sicilian Defense, Alapin Variation, Barmen Defense, Milner-Barry Attack"
e4 c5 c3 d5 exd5 Qxd5 d4 Nf6 Nf3 Bg4,"Sicilian Defense, Alapin Variation, Barmen Defense, Modern Line"
e4 c5 c3 Nf6 e5 Nd5 d4 cxd4,"Sicilian Defense, Alapin Variation, Smith-Morra Declined"
e4 c5 c3 Nf6 e5 Nd5 Nf3 Nc6 Bc4 Nb6 Bb3,"Sicilian Defense, Alapin Variation, Stoltz Attack"
e4 c5 c3 Nf6 e5 Nd5 Nf3 Nc6 Bc4 Nb6 Bb3 c4 Bc2 Qc7 Qe2 g5,"Sicilian Defense, Alapin Variation, Stoltz Attack, Ivanchuk Line"
e4 c5 Nf3 e6 c3 d5 exd5 Qxd5 d4 Nf6,"Sicilian Defense, Delayed Alapin Variation"
e4 c5 Nf3 e6 c3 d5 exd5 exd5 Bb5+ Nc6 O-O Bd6 d4,"Sicilian Defense, Delayed Alapin Variation"
e4 c5 c3 Nf6 e5 Nd5 Nf3 Nc6 Na3,"Sicilian Defense, Heidenfeld Variation"
e4 c5 Nc3,"Sicilian Defense, Closed"
e4 c5 Nc3 e6,"Sicilian Defense, Closed"
e4 c5 Nc3 e6 g3,"Sicilian Defense, Closed"
e4 c5 Nc3 d6 d4 cxd4 Qxd4 Nc6 Qd2,"Sicilian Defense, Closed, Carlsen Variation"
e4 c5 Nc3 Nc6 Nge2,"Sicilian Defense, Closed, Chameleon Variation"
e4 c5 Nc3 Nc6 g4,"Sicilian Defense, Closed, Grob Attack"
e4 c5 Nc3 e6 g3 d5,"Sicilian Defense, Closed, Korchnoi Defense"
e4 c5 Nc3 Nc6 d3 g6 g4,"Sicilian Defense, Closed, Portland Attack"
e4 c5 Nc3 Nc6,"Sicilian Defense, Closed, Traditional"
e4 c5 Nc3 Nc6 f4,"Sicilian Defense, Grand Prix Attack"
e4 c5 Nc3 Nc6 f4 g6 Nf3 Bg7 Bc4 e6 f5,"Sicilian Defense, Grand Prix Attack, Schofman Variation"
e4 c5 Nc3 Nc6 g3 g6,"Sicilian Defense, Closed"
e4 c5 Nc3 Nc6 g3 g6 Bg2 Bg7,"Sicilian Defense, Closed"
e4 c5 Nc3 Nc6 g3,"Sicilian Defense, Closed, Fianchetto Variation"
e4 c5 Nc3 Nc6 g3 g6 Bg2 Bg7 d3 e6 Be3 Nd4 Nce2,"Sicilian Defense, Closed, Smyslov Variation"
e4 c5 Nc3 Nc6 g3 g6 Bg2 Bg7 d3 d6,"Sicilian Defense, Closed"
e4 c5 Nc3 Nc6 g3 g6 Bg2 Bg7 d3 d6 f4,"Sicilian Defense, Closed"
e4 c5 Nc3 Nc6 g3 g6 Bg2 Bg7 d3 d6 f4 e5 Nh3 Nge7,"Sicilian Defense, Closed, Botvinnik Defense, Edge Variation"
e4 c5 Nc3 Nc6 g3 g6 Bg2 Bg7 d3 d6 Nge2 e5,"Sicilian Defense, Closed, Botvinnik Defense, with Nge2"
e4 c5 Nc3 Nc6 g3 g6 Bg2 Bg7 d3 d6 f4 e5,"Sicilian Defense, Closed, Botvinnik Defense, with f4"
e4 c5 Nc3 Nc6 g3 g6 Bg2 Bg7 d3 d6 Be3,"Sicilian Defense, Closed"
e4 c5 Nf3 g6 d4 Bg7 Nc3 Qa5,"Modern Defense, Pterodactyl Variation"
e4 c5 Nf3 g6 d4 Bg7 Nc3 Qa5 Be3,"Pterodactyl Defense, Sicilian, Anhanguera"
e4 c5 Nf3 g6 d4 Bg7 Nc3 Qa5 d5,"Pterodactyl Defense, Sicilian, Benoni Gambit"
e4 c5 Nf3 g6 d4 Bg7 dxc5 Qa5+ Nc3 Bxc3+ bxc3,"Pterodactyl Defense, Sicilian, Pteranodon"
e4 c5 Nf3 g6 d4 Bg7 dxc5 Qa5+ Nc3,"Pterodactyl Defense, Sicilian, Rhamphorhynchus"
e4 c5 Nf3 g6 d4 Bg7 Nc3 Qa5 Bd2,"Pterodactyl Defense, Sicilian, Unpin"
e4 c5 Nf3 g6 c3 Bg7 d4 Qa5,"Pterodactyl Defense, Western, Pterodactyl"
e4 c5 Nf3 g6 d4 Bg7 dxc5 Qa5+,"Pterodactyl Defense, Western, Rhamphorhynchus"
e4 c5 Nf3,Sicilian Defense
e4 c5 Nf3 g6 c4 Bh6,"Sicilian Defense, Acton Extension"
e4 c5 Nf3 f5,"Sicilian Defense, Brussels Gambit"
e4 c5 Nf3 h6,"Sicilian Defense, Bücker Variation"
e4 c5 Nf3 f5 exf5 Nh6,"Sicilian Defense, Double-Dutch Gambit"
e4 c5 Nf3 g6 d4 f5,"Sicilian Defense, Frederico Variation"
e4 c5 Nf3 g6,"Sicilian Defense, Hyperaccelerated Dragon"
e4 c5 Nf3 g6 d4,"Sicilian Defense, Hyperaccelerated Dragon"
e4 c5 Nf3 g6 d4 Bg7,"Sicilian Defense, Hyperaccelerated Pterodactyl"
e4 c5 Nf3 g6 d4 Bg7 dxc5 Qa5+ Nc3 Bxc3+ bxc3 Qxc3+,"Sicilian Defense, Hyperaccelerated Pterodactyl, Exchange Variation"
e4 c5 Nf3 e5,"Sicilian Defense, Jalalabad Variation"
e4 c5 Nf3 b6,"Sicilian Defense, Katalimov Variation"
e4 c5 Nf3 Qa5,"Sicilian Defense, Mongoose Variation"
e4 c5 Nf3 b5,"Sicilian Defense, Polish Gambit"
e4 c5 Nf3 Qc7,"Sicilian Defense, Quinteros Variation"
e4 c5 Nf3 a6,"Sicilian Defense, O'Kelly Variation"
e4 c5 Nf3 a6 Be2,"Sicilian Defense, O'Kelly Variation, Aronin System"
e4 c5 Nf3 a6 b3,"Sicilian Defense, O'Kelly Variation, Kieseritzky System"
e4 c5 Nf3 a6 c4,"Sicilian Defense, O'Kelly Variation, Maróczy Bind"
e4 c5 Nf3 a6 c4 e6,"Sicilian Defense, O'Kelly Variation, Maróczy Bind, Paulsen Line"
e4 c5 Nf3 a6 c4 d6,"Sicilian Defense, O'Kelly Variation, Maróczy Bind, Robatsch Line"
e4 c5 Nf3 a6 d4,"Sicilian Defense, O'Kelly Variation, Normal System"
e4 c5 Nf3 a6 d4 cxd4 Bc4,"Sicilian Defense, O'Kelly Variation, Normal System, Cortlever Gambit"
e4 c5 Nf3 a6 d4 cxd4 c3,"Sicilian Defense, O'Kelly Variation, Normal System, Smith-Morra Line"
e4 c5 Nf3 a6 d4 cxd4 Nxd4 e5,"Sicilian Defense, O'Kelly Variation, Normal System, Taimanov Line"
e4 c5 Nf3 a6 d4 cxd4 Qxd4,"Sicilian Defense, O'Kelly Variation, Normal System, Zagorovsky Line"
e4 c5 Nf3 a6 d3,"Sicilian Defense, O'Kelly Variation, Quiet System"
e4 c5 Nf3 a6 g3,"Sicilian Defense, O'Kelly Variation, Réti System"
e4 c5 Nf3 a6 c3,"Sicilian Defense, O'Kelly Variation, Venice System"
e4 c5 Nf3 a6 c3 Nf6,"Sicilian Defense, O'Kelly Variation, Venice System, Barcza Line"
e4 c5 Nf3 a6 c3 d5 exd5 Nf6,"Sicilian Defense, O'Kelly Variation, Venice System, Gambit Line"
e4 c5 Nf3 a6 c3 b5,"Sicilian Defense, O'Kelly Variation, Venice System, Ljubojevic Line"
e4 c5 Nf3 a6 c3 d6,"Sicilian Defense, O'Kelly Variation, Venice System, Steiner Line"
e4 c5 Nf3 a6 b4,"Sicilian Defense, O'Kelly Variation, Wing Gambit"
e4 c5 Nf3 a6 Nc3,"Sicilian Defense, O'Kelly Variation, Yerevan System"
e4 c5 Nf3 Nf6,"Sicilian Defense, Nimzowitsch Variation"
e4 c5 Nf3 Nf6 e5,"Sicilian Defense, Nimzowitsch Variation, Advance Variation"
e4 c5 Nf3 Nf6 Nc3,"Sicilian Defense, Nimzowitsch Variation, Closed Variation"
e4 c5 Nf3 Nf6 e5 Nd5 Nc3 Nxc3,"Sicilian Defense, Nimzowitsch Variation, Exchange Variation"
e4 c5 Nf3 Nf6 e5 Nd5 Nc3 e6 Nxd5 exd5 d4 Nc6,"Sicilian Defense, Nimzowitsch Variation, Main Line"
e4 c5 Nf3 Nc6 Nc3 e5,"Sicilian Defense, Closed, Anti-Sveshnikov Variation"
e4 c5 Nf3 Nc6 Nc3 e5 Bc4 Be7 d3 d6 Nd2 Bg5,"Sicilian Defense, Closed, Anti-Sveshnikov Variation, Kharlov-Kramnik Line"
e4 c5 Nf3 Nc6 Nc3 e5 Bc4 Be7 d3 Nf6,"Sicilian Defense, Closed, Anti-Sveshnikov Variation, with Nf6"
e4 c5 Nf3 Nc6 Nc3 e5 Bc4 Be7 d3 d6,"Sicilian Defense, Closed, Anti-Sveshnikov Variation, with d6"
e4 c5 Nf3 Nc6 Bb5,"Sicilian Defense, Nyezhmetdinov-Rossolimo Attack"
e4 c5 Nf3 Nc6 Bb5 Nb8,"Sicilian Defense, Nyezhmetdinov-Rossolimo Attack, Brooklyn Retreat Defense"
e4 c5 Nf3 Nc6 Bb5 Na5 b4,"Sicilian Defense, Nyezhmetdinov-Rossolimo Attack, San Francisco Gambit"
e4 c5 Nf3 Nc6,"Sicilian Defense, Old Sicilian"
e4 c5 Nf3 Nc6 b4,"Sicilian Defense, Portsmouth Gambit"
e4 c5 Nf3 Nc6 Bb5 g6,"Sicilian Defense, Nyezhmetdinov-Rossolimo Attack, Fianchetto Variation"
e4 c5 Nf3 Nc6 Bb5 g6 O-O Bg7 c3 e5 d4,"Sicilian Defense, Nyezhmetdinov-Rossolimo Attack, Fianchetto Variation, Gufeld Gambit"
e4 c5 Nf3 Nc6 Bb5 g6 O-O Bg7 c3 Nf6 d4,"Sicilian Defense, Nyezhmetdinov-Rossolimo Attack, Fianchetto Variation, Lutikov Gambit"
e4 c5 Nf3 Nc6 Bb5 g6 O-O Bg7 c3 Nf6 Qa4,"Sicilian Defense, Nyezhmetdinov-Rossolimo Attack, Fianchetto Variation, Totsky Attack"
e4 c5 Nf3 Nc6 Bb5 g6 O-O Bg7 Re1 e5 b4,"Sicilian Defense, Nyezhmetdinov-Rossolimo Attack, Gurgenidze Variation"
e4 c5 Nf3 Nc6 d4 cxd4 Nxd4 g6,"Sicilian Defense, Accelerated Dragon"
e4 c5 Nf3 Nc6 d4 cxd4 Nxd4 Qc7,"Sicilian Defense, Flohr Variation"
e4 c5 Nf3 Nc6 d4 e6,"Sicilian Defense, Franco-Sicilian Variation"
e4 c5 Nf3 Nc6 d4 cxd4 Nxd4 Qb6,"Sicilian Defense, Godiva Variation"
e4 c5 Nf3 Nc6 d4 cxd4 Nxd4 e5 Nb5 d6,"Sicilian Defense, Kalashnikov Variation"
e4 c5 Nf3 Nc6 d4 cxd4 Nxd4 e5,"Sicilian Defense, Löwenthal Variation"
e4 c5 Nf3 Nc6 d4 cxd4 Nxd4 d5,"Sicilian Defense, Nimzo-American Variation"
e4 c5 Nf3 Nc6 d4 cxd4 Nxd4 a6 c4 e5,"Sicilian Defense, O'Kelly Variation, Maróczy Bind, Geller Line"
e4 c5 Nf3 Nc6 d4,"Sicilian Defense, Open"
e4 c5 Nf3 Nc6 d4 cxd4,"Sicilian Defense, Open"
e4 c5 Nf3 Nc6 d4 cxd4 Nxd4,"Sicilian Defense, Open"
e4 c5 Nf3 Nc6 d4 cxd4 Nxd4 Nf6 Nc3 e5,"Sicilian Defense, Lasker-Pelikan Variation"
e4 c5 Nf3 Nc6 d4 cxd4 Nxd4 Nf6 Nc3 e5 Ndb5 d6 Bg5 a6 Na3 Be6,"Sicilian Defense, Lasker-Pelikan Variation, Bird Variation"
e4 c5 Nf3 Nc6 d4 cxd4 Nxd4 Nf6 Nc3 e5 Nxc6,"Sicilian Defense, Lasker-Pelikan Variation, Exchange Variation"
e4 c5 Nf3 Nc6 d4 cxd4 Nxd4 Nf6 Nc3 e5 Nf3,"Sicilian Defense, Lasker-Pelikan Variation, Retreat Variation"
e4 c5 Nf3 Nc6 d4 cxd4 Nxd4 Nf6 Nc3 e5 Nb3,"Sicilian Defense, Lasker-Pelikan Variation, Schlechter Variation"
e4 c5 Nf3 Nc6 d4 cxd4 Nxd4 Nf6 Nc3 e5 Ndb5 d6 Bg5 a6 Na3 b5,"Sicilian Defense, Lasker-Pelikan Variation, Sveshnikov Variation"
e4 c5 Nf3 Nc6 d4 cxd4 Nxd4 Nf6 Nc3 e5 Ndb5 d6 Bg5 a6 Na3 b5 Bxf6 gxf6 Nd5 f5,"Sicilian Defense, Lasker-Pelikan Variation, Sveshnikov Variation"
e4 c5 Nf3 Nc6 d4 cxd4 Nxd4 Nf6 Nc3 e5 Ndb5 d6 Bg5 a6 Na3 b5 Nd5,"Sicilian Defense, Lasker-Pelikan Variation, Sveshnikov Variation, Chelyabinsk Variation"
e4 c5 Nf3 Nc6 d4 cxd4 Nxd4 Nf6 Nc3 e5 Ndb5 d6 Bg5 a6 Na3 b5 Bxf6 gxf6 Nd5 Bg7,"Sicilian Defense, Lasker-Pelikan Variation, Sveshnikov Variation, Novosibirsk Variation"
e4 c5 Nf3 Nc6 d4 cxd4 Nxd4 Nf6 Nc3 e5 Ndb5 d6 Bg5 a6 Na3 b5 Bxf6 gxf6 Nd5 f5 Bxb5,"Sicilian Defense, Lasker-Pelikan Variation, Sveshnikov Variation, Peresypkin's Sacrifice"
e4 c5 Nf3 Nc6 d4 cxd4 Nxd4 Nf6,"Sicilian Defense, Open"
e4 c5 Nf3 Nc6 d4 cxd4 Nxd4 g6 Nxc6,"Sicilian Defense, Accelerated Dragon, Exchange Variation"
e4 c5 Nf3 Nc6 d4 cxd4 Nxd4 g6 Nc3,"Sicilian Defense, Accelerated Dragon, Modern Variation"
e4 c5 Nf3 Nc6 d4 cxd4 Nxd4 g6 Nc3 Bg7 Be3 Nf6 Bc4,"Sicilian Defense, Accelerated Dragon, Modern Bc4 Variation"
e4 c5 Nf3 Nc6 d4 cxd4 Nxd4 g6 Nc3 Bg7 Be3 Nf6 Bc4 d6,"Sicilian Defense, Dragon Variation, Modern Bc4 Variation"
e4 c5 Nf3 Nc6 d4 cxd4 Nxd4 g6 c4,"Sicilian Defense, Accelerated Dragon, Maróczy Bind"
e4 c5 Nf3 Nc6 d4 cxd4 Nxd4 g6 c4 Nf6 Nc3 Nxd4 Qxd4 d6,"Sicilian Defense, Accelerated Dragon, Maróczy Bind, Gurgenidze Variation"
e4 c5 Nf3 Nc6 d4 cxd4 Nxd4 g6 c4 Bg7,"Sicilian Defense, Accelerated Dragon, Maróczy Bind"
e4 c5 Nf3 Nc6 d4 cxd4 Nxd4 g6 c4 Bg7 Nc2 d6 Be2 Nh6,"Sicilian Defense, Accelerated Dragon, Simagin Variation"
e4 c5 Nf3 Nc6 d4 cxd4 Nxd4 g6 c4 Bg7 Be3,"Sicilian Defense, Accelerated Dragon, Maróczy Bind"
e4 c5 Nf3 Nc6 d4 cxd4 Nxd4 g6 c4 Bg7 Be3 Nf6 Nc3 Ng4,"Sicilian Defense, Accelerated Dragon, Maróczy Bind, Breyer Variation"
e4 c5 Nf3 e6 c3 Nf6 e5 Nd5 d4 Nc6,"Sicilian Defense, Alapin Variation, Sherzer Variation"
e4 c5 Nf3 e6 c3,"Sicilian Defense, Delayed Alapin Variation, with e6"
e4 c5 Nf3 e6 d4 a6,"Sicilian Defense, Drazic Variation"
e4 c5 Nf3 e6,"Sicilian Defense, French Variation"
e4 c5 Nf3 e6 d4 cxd4 Nxd4 Nf6,"Sicilian Defense, French Variation, Normal"
e4 c5 Nf3 e6 d4 cxd4,"Sicilian Defense, French Variation, Open"
e4 c5 Nf3 e6 b3,"Sicilian Defense, French Variation, Westerinen Attack"
e4 c5 Nf3 e6 d4 cxd4 Nxd4 Nf6 Nc3 Qb6,"Sicilian Defense, Gaw-Paw Variation"
e4 c5 Nf3 e6 Nc3 a6 g3 b5 d4 cxd4 Nxd4,"Sicilian Defense, Kan Variation, Wing Attack, Fianchetto Variation"
e4 c5 Nf3 e6 c4,"Sicilian Defense, Kramnik Variation"
e4 c5 Nf3 e6 d4 cxd4 Nxd4 Qb6,"Sicilian Defense, Kveinis Variation"
e4 c5 Nf3 e6 d4 d5,"Sicilian Defense, Marshall Counterattack"
e4 c5 Nf3 e6 d4 cxd4 Nxd4 Bc5,"Sicilian Defense, Paulsen-Basman Defense"
e4 c5 Nf3 e6 d4 cxd4 Nxd4 Nf6 Nc3 Bb4,"Sicilian Defense, Pin Variation"
e4 c5 Nf3 e6 d4 cxd4 Nxd4 Nf6 Nc3 Bb4 Bd3 e5,"Sicilian Defense, Pin Variation, Jaffe Variation"
e4 c5 Nf3 e6 d4 cxd4 Nxd4 Nf6 Nc3 Bb4 e5,"Sicilian Defense, Pin Variation, Koch Variation"
e4 c5 Nf3 e6 d4 cxd4 c3,"Sicilian Defense, Smith-Morra Gambit Deferred"
e4 c5 Nf3 e6 b4,"Sicilian Defense, Wing Gambit Deferred"
e4 c5 Nf3 e6 d4 cxd4 Nxd4 a6,"Sicilian Defense, Kan Variation"
e4 c5 Nf3 e6 d4 cxd4 Nxd4 a6 c4 Nf6 Nc3 Bb4 Bd3 Nc6,"Sicilian Defense, Kan Variation, Maróczy Bind, Bronstein Variation"
e4 c5 Nf3 e6 d4 cxd4 Nxd4 a6 c4 Nf6 Nc3 Bb4 Bd3 Nc6 Bc2,"Sicilian Defense, Kan Variation, Maróczy Bind, Bronstein Variation"
e4 c5 Nf3 e6 d4 cxd4 Nxd4 a6 c4 g6,"Sicilian Defense, Kan Variation, Maróczy Bind, Hedgehog Variation"
e4 c5 Nf3 e6 d4 cxd4 Nxd4 a6 c4,"Sicilian Defense, Kan Variation, Maróczy Bind, Réti Variation"
e4 c5 Nf3 e6 d4 cxd4 Nxd4 a6 Bd3 Nf6 O-O d6 c4 g6,"Sicilian Defense, Kan Variation, Gipslis Variation"
e4 c5 Nf3 e6 d4 cxd4 Nxd4 a6 Bd3,"Sicilian Defense, Kan Variation, Modern Variation"
e4 c5 Nf3 e6 d4 cxd4 Nxd4 a6 Bd3 Bc5,"Sicilian Defense, Kan Variation, Polugaevsky Variation"
e4 c5 Nf3 e6 d4 cxd4 Nxd4 a6 Bd3 g6,"Sicilian Defense, Kan Variation, Swiss Cheese Variation"
e4 c5 Nf3 e6 d4 cxd4 Nxd4 a6 Nc3,"Sicilian Defense, Kan Variation, Knight Variation"
e4 c5 Nf3 e6 d4 cxd4 Nxd4 a6 Nc3 b5,"Sicilian Defense, Kan Variation, Wing Attack"
e4 c5 Nf3 e6 d4 cxd4 Nxd4 a6 Nc3 b5 Bd3 Qb6 Be3 Bc5 Qg4,"Sicilian Defense, Kan Variation, Wing Attack, Christiansen's Dream"
e4 c5 Nf3 e6 d4 cxd4 Nxd4 a6 Nc3 b5 Bd3 Qb6 Nf3,"Sicilian Defense, Kan Variation, Wing Attack, Spraggett Attack"
e4 c5 Nf3 e6 d4 cxd4 Nxd4 Nc6,"Sicilian Defense, Taimanov Variation"
e4 c5 Nf3 e6 d4 cxd4 Nxd4 Nc6 Nb5 d6 c4 Nf6 N1c3 a6 Na3 d5,"Sicilian Defense, Taimanov Variation, Gary Gambit"
e4 c5 Nf3 e6 d4 cxd4 Nxd4 Nc6 Nb5 d6 c4 Nf6 N1c3 a6 Na3 Be7 Be2 O-O O-O b6,"Sicilian Defense, Taimanov Variation, Modern Line"
e4 c5 Nf3 e6 d4 cxd4 Nxd4 Nc6 Nb5,"Sicilian Defense, Taimanov Variation, Szén Variation"
e4 c5 Nf3 e6 d4 cxd4 Nxd4 Nc6 Nc3 Nf6,"Sicilian Defense, Four Knights Variation"
e4 c5 Nf3 e6 d4 cxd4 Nxd4 Nc6 Nc3 Nf6 Ndb5 Bb4 Nd6+,"Sicilian Defense, Four Knights Variation, American Attack"
e4 c5 Nf3 e6 d4 cxd4 Nxd4 Nc6 Nc3 Nf6 Ndb5 Bc5,"Sicilian Defense, Four Knights Variation, Cobra Variation"
e4 c5 Nf3 e6 d4 cxd4 Nxd4 Nc6 Nc3 Nf6 Nxc6,"Sicilian Defense, Four Knights Variation, Exchange Variation"
e4 c5 Nf3 e6 d4 cxd4 Nxd4 Nc6 Nc3 Nf6 Ndb5 d6,"Sicilian Defense, Four Knights Variation, Sveshnikov Transfer"
e4 c5 Nf3 e6 d4 cxd4 Nxd4 Nc6 Nc3,"Sicilian Defense, Taimanov Variation"
e4 c5 Nf3 e6 d4 cxd4 Nxd4 Nc6 Nc3 a6,"Sicilian Defense, Taimanov Variation"
e4 c5 Nf3 e6 d4 cxd4 Nxd4 Nc6 Nc3 Qc7,"Sicilian Defense, Taimanov Variation, Bastrikov Variation"
e4 c5 Nf3 e6 d4 cxd4 Nxd4 Nc6 Nc3 Qc7 Ndb5 Qb8 Be3 a6 Bb6,"Sicilian Defense, Taimanov Variation, Bastrikov Variation, Ponomariov Gambit"
e4 c5 Nf3 e6 d4 cxd4 Nxd4 Nc6 Nc3 Qc7 Be3,"Sicilian Defense, Taimanov Variation, Bastrikov Variation, English Attack"
e4 c5 Nf3 e6 d4 cxd4 Nxd4 Nc6 Nc3 Qc7 Be3 a6 Be2,"Sicilian Defense, Taimanov Variation, Bastrikov Variation"
e4 c5 Nf3 d6 d4,Sicilian Defense
e4 c5 Nf3 d6 d4 cxd4,Sicilian Defense
e4 c5 Nf3 d6 c3 Nf6 Be2 Nc6 d4 cxd4 cxd4 Nxe4 d5 Qa5+ Nc3 Nxc3 bxc3,"Sicilian Defense, Delayed Alapin Variation, Basman-Palatnik Double Gambit"
e4 c5 Nf3 d6 c3 Nf6 Be2 Nc6 d4 cxd4 cxd4 Nxe4,"Sicilian Defense, Delayed Alapin Variation, Basman-Palatnik Gambit"
e4 c5 Nf3 d6 c3,"Sicilian Defense, Delayed Alapin Variation, with d6"
e4 c5 Nf3 d6 Bd3,"Sicilian Defense, Kopec System"
e4 c5 Nf3 d6 g3 b5,"Sicilian Defense, Kotov Gambit"
e4 c5 Nf3 d6,"Sicilian Defense, Modern Variations"
e4 c5 Nf3 d6 d4 Nf6,"Sicilian Defense, Modern Variations, Anti-Qxd4 Move Order"
e4 c5 Nf3 d6 d4 Nf6 dxc5 Nxe4,"Sicilian Defense, Modern Variations, Anti-Qxd4 Move Order Accepted"
e4 c5 Nf3 d6 d4 cxd4 c3,"Sicilian Defense, Modern Variations, Tartakower"
e4 c5 Nf3 d6 b4,"Sicilian Defense, Wing Gambit, Deferred Variation"
e4 c5 Nf3 d6 Bb5+,"Sicilian Defense, Moscow Variation"
e4 c5 Nf3 d6 Bb5+ Nc6 O-O Bd7 Qe2 g6 e5,"Sicilian Defense, Moscow Variation, Dorfman Gambit"
e4 c5 Nf3 d6 Bb5+ Nc6 O-O Bd7 c3 Nf6 Re1 a6 Bxc6 Bxc6 d4 Bxe4 Bg5,"Sicilian Defense, Moscow Variation, Moscow Gambit"
e4 c5 Nf3 d6 Bb5+ Bd7 Bxd7+ Qxd7 O-O Nc6 c3 Nf6 d4,"Sicilian Defense, Moscow Variation, Haag Gambit"
e4 c5 Nf3 d6 Bb5+ Bd7,"Sicilian Defense, Moscow Variation, Main Line"
e4 c5 Nf3 d6 Bb5+ Bd7 Bxd7+ Qxd7 c4,"Sicilian Defense, Moscow Variation, Sokolsky Variation"
e4 c5 Nf3 d6 d4 cxd4 Qxd4,"Sicilian Defense, Chekhover Variation"
e4 c5 Nf3 d6 d4 cxd4 Qxd4 Nc6 Bb5 Qd7,"Sicilian Defense, Chekhover Variation, Zaitsev Defense"
e4 c5 Nf3 d6 d4 cxd4 Nxd4 g6,"Sicilian Defense, Dragon Variation, Accelerated Dragon"
e4 c5 Nf3 d6 d4 cxd4 Nxd4 Nf6 Bc4,"Sicilian Defense, Modern Variations, Ginsberg Gambit"
e4 c5 Nf3 d6 d4 cxd4 Nxd4 Nf6,"Sicilian Defense, Modern Variations, Main Line"
e4 c5 Nf3 d6 d4 cxd4 Nxd4 Nf6 f3,"Sicilian Defense, Prins Variation"
e4 c5 Nf3 d6 d4 cxd4 Nxd4 Nf6 f3 e5 Bb5+,"Sicilian Defense, Prins Variation, Venice Attack"
e4 c5 Nf3 d6 d4 cxd4 Nxd4 Nf6 Nc3 Nc6,"Sicilian Defense, Classical Variation"
e4 c5 Nf3 d6 d4 cxd4 Nxd4 Nf6 Nc3 Nc6 g3,"Sicilian Defense, Classical Variation, Fianchetto Variation"
e4 c5 Nf3 d6 d4 cxd4 Nxd4 Nf6 Nc3 Bd7,"Sicilian Defense, Kupreichik Variation"
e4 c5 Nf3 Nc6 d4 cxd4 Nxd4 Nf6 Nc3 d6 Nde2,"Sicilian Defense, Spielmann Variation"
e4 c5 Nf3 d6 d4 cxd4 Nxd4 Nf6 Nc3 e5 Bb5+,"Sicilian Defense, Venice Attack"
e4 c5 Nf3 Nc6 d4 cxd4 Nxd4 Nf6 Nc3 d6 Bc4 Qb6,"Sicilian Defense, Classical Variation, Anti-Sozin Variation"
e4 c5 Nf3 d6 d4 cxd4 Nxd4 Nf6 Nc3 Nc6 Bc4,"Sicilian Defense, Classical Variation, Sozin Attack"
e4 c5 Nf3 Nc6 d4 cxd4 Nxd4 Nf6 Nc3 d6 Bc4 g6 Nxc6 bxc6 e5,"Sicilian Defense, Magnus Smith Trap"
e4 c5 Nf3 d6 d4 cxd4 Nxd4 Nf6 Nc3 Nc6 Be2 e5,"Sicilian Defense, Boleslavsky Variation"
e4 c5 Nf3 Nc6 d4 cxd4 Nxd4 Nf6 Nc3 d6 Be2 e5 Nxc6,"Sicilian Defense, Boleslavsky Variation, Louma Variation"
e4 c5 Nf3 d6 d4 cxd4 Nxd4 Nf6 Nc3 Nc6 Be2,"Sicilian Defense, Classical Variation"
e4 c5 Nf3 d6 d4 cxd4 Nxd4 Nf6 Nc3 Nc6 Be2 Nxd4 Qxd4 g6,"Sicilian Defense, Classical Variation, Dragon Transfer"
e4 c5 Nf3 Nc6 d4 cxd4 Nxd4 Nf6 Nc3 d6 Be2 e5 Nb3,"Sicilian Defense, Boleslavsky Variation"
e4 c5 Nf3 d6 d4 cxd4 Nxd4 Nf6 Nc3 Nc6 Bg5,"Sicilian Defense, Richter-Rauzer Variation"
e4 c5 Nf3 Nc6 d4 cxd4 Nxd4 Nf6 Nc3 d6 Bg5 g6,"Sicilian Defense, Richter-Rauzer Variation, Dragon Variation"
e4 c5 Nf3 d6 d4 cxd4 Nxd4 Nf6 Nc3 Nc6 Bg5 Bd7,"Sicilian Defense, Richter-Rauzer Variation, Modern Variation"
e4 c5 Nf3 Nc6 d4 cxd4 Nxd4 Nf6 Nc3 d6 Bg5 Bd7 Qd2,"Sicilian Defense, Richter-Rauzer Variation, Modern Variation"
e4 c5 Nf3 d6 d4 cxd4 Nxd4 Nf6 Nc3 Nc6 Bg5 e6,"Sicilian Defense, Richter-Rauzer Variation"
e4 c5 Nf3 d6 d4 cxd4 Nxd4 Nf6 Nc3 Nc6 Bg5 e6 Qd3,"Sicilian Defense, Richter-Rauzer Variation"
e4 c5 Nf3 d6 d4 cxd4 Nxd4 Nf6 Nc3 Nc6 Bg5 e6 Nxc6,"Sicilian Defense, Richter-Rauzer Variation, Exchange Variation"
e4 c5 Nf3 Nc6 d4 cxd4 Nxd4 Nf6 Nc3 d6 Bg5 e6 Nb3,"Sicilian Defense, Richter-Rauzer Variation, Podebrady Variation"
e4 c5 Nf3 d6 d4 cxd4 Nxd4 Nf6 Nc3 Nc6 Bg5 e6 Bb5,"Sicilian Defense, Richter-Rauzer Variation, Vitolins Variation"
e4 c5 Nf3 d6 d4 cxd4 Nxd4 Nf6 Nc3 Nc6 Bg5 e6 Qd2 Be7,"Sicilian Defense, Richter-Rauzer Variation, Classical Variation"
e4 c5 Nf3 d6 d4 cxd4 Nxd4 Nf6 Nc3 Nc6 Bg5 e6 Qd2 Be7 O-O-O Nxd4 Qxd4 a6 f4 b5,"Sicilian Defense, Richter-Rauzer Variation, Classical Variation, Kantscher Line"
e4 c5 Nf3 d6 d4 cxd4 Nxd4 Nf6 Nc3 Nc6 Bg5 e6 Qd2 Qb6,"Sicilian Defense, Richter-Rauzer Variation, Ivanov Variation"
e4 c5 Nf3 d6 d4 cxd4 Nxd4 Nf6 Nc3 Nc6 Bg5 e6 Qd2,"Sicilian Defense, Richter-Rauzer Variation, Traditional Variation"
e4 c5 Nf3 Nc6 d4 cxd4 Nxd4 Nf6 Nc3 d6 Bg5 e6 Qd2 Be7 O-O-O O-O f4 e5,"Sicilian Defense, Richter-Rauzer Variation, Classical Variation"
e4 c5 Nf3 d6 d4 cxd4 Nxd4 Nf6 Nc3 Nc6 Bg5 e6 Qd2 Be7 O-O-O O-O f4,"Sicilian Defense, Richter-Rauzer Variation, Classical Variation"
e4 c5 Nf3 d6 d4 cxd4 Nxd4 Nf6 Nc3 Nc6 Bg5 e6 Qd2 Be7 O-O-O O-O f4 Nxd4 Qxd4,"Sicilian Defense, Richter-Rauzer Variation, Classical Variation"
e4 c5 Nf3 d6 d4 cxd4 Nxd4 Nf6 Nc3 Nc6 Bg5 e6 Qd2 Be7 O-O-O O-O f4 Nxd4,"Sicilian Defense, Richter-Rauzer Variation, Rauzer Attack"
e4 c5 Nf3 d6 d4 cxd4 Nxd4 Nf6 Nc3 Nc6 Bg5 e6 Qd2 a6,"Sicilian Defense, Richter-Rauzer Variation, Neo-Modern Variation, Early Deviations"
e4 c5 Nf3 Nc6 d4 cxd4 Nxd4 Nf6 Nc3 d6 Bg5 e6 Qd2 a6 O-O-O Bd7,"Sicilian Defense, Richter-Rauzer Variation, Neo-Modern Variation"
e4 c5 Nf3 Nc6 d4 cxd4 Nxd4 Nf6 Nc3 d6 Bg5 e6 Qd2 a6 O-O-O Bd7 f4 Be7,"Sicilian Defense, Richter-Rauzer Variation, Neo-Modern Variation"
e4 c5 Nf3 Nc6 d4 cxd4 Nxd4 Nf6 Nc3 d6 Bg5 e6 Qd2 a6 O-O-O Bd7 f4 Be7 Nf3 b5 Bxf6,"Sicilian Defense, Richter-Rauzer Variation, Neo-Modern Variation, Nyezhmetdinov Attack"
e4 c5 Nf3 d6 d4 cxd4 Nxd4 Nf6 Nc3 g6,"Sicilian Defense, Dragon Variation"
e4 c5 Nf3 d6 d4 cxd4 Nxd4 Nf6 Nc3 g6 Be2,"Sicilian Defense, Dragon Variation, Classical Variation"
e4 c5 Nf3 d6 d4 cxd4 Nxd4 Nf6 Nc3 g6 g3,"Sicilian Defense, Dragon Variation, Fianchetto Variation"
e4 c5 Nf3 d6 d4 cxd4 Nxd4 Nf6 Nc3 g6 f4,"Sicilian Defense, Dragon Variation, Levenfish Variation"
e4 c5 Nf3 d6 d4 cxd4 Nxd4 Nf6 Nc3 g6 f4 Nbd7,"Sicilian Defense, Dragon Variation, Levenfish Variation, Main Line"
e4 c5 Nf3 d6 d4 cxd4 Nxd4 Nf6 Nc3 g6 Be3,"Sicilian Defense, Dragon Variation"
e4 c5 Nf3 d6 d4 cxd4 Nxd4 Nf6 Nc3 g6 Be3 Bg7 Be2,"Sicilian Defense, Dragon Variation, Classical Variation"
e4 c5 Nf3 d6 d4 cxd4 Nxd4 Nf6 Nc3 g6 Be3 Bg7 Be2 Nc6,"Sicilian Defense, Dragon Variation, Classical Variation"
e4 c5 Nf3 d6 d4 cxd4 Nxd4 Nf6 Nc3 g6 Be3 Bg7 Be2 Nc6 Nb3,"Sicilian Defense, Dragon Variation, Classical Variation"
e4 c5 Nf3 Nc6 d4 cxd4 Nxd4 Nf6 Nc3 d6 Be2 g6 Be3 Bg7 Qd2,"Sicilian Defense, Dragon Variation, Classical Variation, Amsterdam Variation"
e4 c5 Nf3 Nc6 d4 cxd4 Nxd4 Nf6 Nc3 d6 Be2 g6 Be3 Bg7 Qd2 O-O O-O-O,"Sicilian Defense, Dragon Variation, Classical Variation, Grigoriev Variation"
e4 c5 Nf3 d6 d4 cxd4 Nxd4 Nf6 Nc3 g6 Be2 Bg7 O-O Nc6 Be3,"Sicilian Defense, Dragon Variation, Classical Variation"
e4 c5 Nf3 d6 d4 cxd4 Nxd4 Nf6 Nc3 g6 Be2 Bg7 O-O O-O Be3 Nc6 Qd2,"Sicilian Defense, Dragon Variation, Classical Variation, Battery Variation"
e4 c5 Nf3 Nc6 d4 cxd4 Nxd4 g6 Be3 Bg7 Be2 Nf6 Nc3 O-O O-O d6 f4 Qb6 e5,"Sicilian Defense, Dragon Variation, Classical Variation, Zollner Gambit"
e4 c5 Nf3 Nc6 d4 cxd4 Nxd4 g6 Nc3 Bg7 Be3 Nf6 Be2 O-O O-O d6 Nb3 a5,"Sicilian Defense, Dragon Variation, Classical Variation, Alekhine Line"
e4 c5 Nf3 g6 d4 cxd4 Nxd4 Nf6 Nc3 d6 Be2 Bg7 O-O O-O Be3 Nc6 Nb3 Be6 f4 Na5 f5 Bc4 Bd3 Bxd3 cxd3 d5,"Sicilian Defense, Dragon Variation, Classical Variation, Bernard Defense"
e4 c5 Nf3 d6 d4 cxd4 Nxd4 Nf6 Nc3 g6 Be2 Bg7 O-O O-O Be3 Nc6 Nb3 Be6 f4 Na5,"Sicilian Defense, Dragon Variation, Classical Variation, Maróczy Line"
e4 c5 Nf3 d6 d4 cxd4 Nxd4 Nf6 Nc3 g6 Be2 Bg7 O-O O-O Be3 Nc6 Nb3,"Sicilian Defense, Dragon Variation, Classical Variation, Normal Line"
e4 c5 Nf3 Nc6 d4 cxd4 Nxd4 g6 Nc3 Bg7 Be3 Nf6 Be2 O-O Nb3 d6 O-O Be6 f4 Na5 f5 Bc4 Bd3,"Sicilian Defense, Dragon Variation, Classical Variation, Spielmann Variation"
e4 c5 Nc3 d6 f4 Nc6 Nf3 g6 d4 cxd4 Nxd4 Bg7 Be3 Nf6 Be2 O-O Nb3 Be6 O-O Na5 f5 Bc4 Nxa5 Bxe2 Qxe2 Qxa5 g4,"Sicilian Defense, Dragon Variation, Classical Variation, Stockholm Attack"
e4 c5 Nf3 d6 d4 cxd4 Nxd4 Nf6 Nc3 g6 Be2 Bg7 O-O O-O Be3 Nc6 Nb3 Be6 f4 Qc8,"Sicilian Defense, Dragon Variation, Classical Variation, Tartakower Line"
e4 c5 Nf3 d6 d4 cxd4 Nxd4 Nf6 Nc3 g6 Be3 Bg7 f3 Nc6,"Sicilian Defense, Dragon Variation, Yugoslav Attack, Belezky Line"
e4 c5 Nf3 d6 d4 cxd4 Nxd4 Nf6 Nc3 g6 Be3 Bg7 f3,"Sicilian Defense, Dragon Variation, Yugoslav Attack, Early Deviations"
e4 c5 Nf3 d6 d4 cxd4 Nxd4 Nf6 Nc3 g6 Be3 Nc6 f3 h5,"Sicilian Defense, Dragon Variation, Yugoslav Attack, Hungarian Dragon"
e4 c5 Nf3 d6 d4 cxd4 Nxd4 Nf6 Nc3 g6 Be3 Bg7 f3 O-O,"Sicilian Defense, Dragon Variation, Yugoslav Attack"
e4 c5 Nf3 d6 d4 cxd4 Nxd4 Nf6 Nc3 g6 Be3 Bg7 f3 O-O Qd2 Nc6,"Sicilian Defense, Dragon Variation, Yugoslav Attack"
e4 c5 Nf3 d6 d4 cxd4 Nxd4 Nf6 Nc3 g6 Be3 Bg7 f3 Nc6 Qd2 O-O O-O-O,"Sicilian Defense, Dragon Variation, Yugoslav Attack, Modern Line"
e4 c5 Nf3 d6 d4 cxd4 Nxd4 Nf6 Nc3 g6 Be3 Bg7 f3 O-O Qd2 Nc6 g4,"Sicilian Defense, Dragon Variation, Yugoslav Attack, Panov Variation"
e4 c5 Nf3 d6 d4 cxd4 Nxd4 Nf6 Nc3 g6 Be3 Bg7 f3 O-O Qd2 Nc6 Bc4 a5,"Sicilian Defense, Dragon Variation, Yugoslav Attack, Byrne Variation"
e4 c5 Nf3 d6 d4 cxd4 Nxd4 Nf6 Nc3 g6 Be3 Bg7 f3 Nc6 Qd2 O-O Bc4 Nxd4 Bxd4 Be6,"Sicilian Defense, Dragon Variation, Yugoslav Attack, Czerniak Variation"
e4 c5 Nf3 d6 d4 cxd4 Nxd4 Nf6 Nc3 g6 Be3 Bg7 f3 Nc6 Qd2 O-O Bc4 Nxd4 Bxd4 Be6 Bb3 Qa5,"Sicilian Defense, Dragon Variation, Yugoslav Attack, Czerniak Variation"
e4 c5 Nf3 d6 d4 cxd4 Nxd4 Nf6 Nc3 g6 Be3 Bg7 f3 O-O Qd2 Nc6 Bc4,"Sicilian Defense, Dragon Variation, Yugoslav Attack, Main Line"
e4 c5 Nf3 d6 d4 cxd4 Nxd4 Nf6 Nc3 g6 Be3 Bg7 f3 O-O Qd2 Nc6 Bc4 Bd7,"Sicilian Defense, Dragon Variation, Yugoslav Attack, Main Line"
e4 c5 Nf3 d6 d4 cxd4 Nxd4 Nf6 Nc3 g6 Be3 Bg7 f3 O-O Qd2 Nc6 Bc4 Bd7 Bb3,"Sicilian Defense, Dragon Variation, Yugoslav Attack, Main Line"
e4 c5 Nf3 d6 d4 cxd4 Nxd4 Nf6 Nc3 g6 Be3 Bg7 f3 Nc6 Qd2 O-O Bc4 Nd7,"Sicilian Defense, Dragon Variation, Yugoslav Attack, Sosonko Variation"
e4 c5 Nf3 d6 d4 cxd4 Nxd4 Nf6 Nc3 g6 Be3 Bg7 f3 O-O Qd2 Nc6 Bc4 Bd7 O-O-O,"Sicilian Defense, Dragon Variation, Yugoslav Attack"
e4 c5 Nf3 d6 d4 cxd4 Nxd4 Nf6 Nc3 g6 Be3 Bg7 f3 O-O Qd2 Nc6 Bc4 Bd7 O-O-O Rb8,"Sicilian Defense, Dragon Variation, Yugoslav Attack, Chinese Dragon"
e4 c5 Nf3 d6 d4 cxd4 Nxd4 Nf6 Nc3 g6 Be3 Bg7 f3 O-O Qd2 Nc6 Bc4 Bd7 O-O-O Rc8,"Sicilian Defense, Dragon Variation, Yugoslav Attack, Old Line"
e4 c5 Nf3 d6 d4 cxd4 Nxd4 Nf6 Nc3 g6 Be3 Bg7 f3 O-O Qd2 Nc6 Bc4 Bd7 O-O-O Rc8 Bb3 Nxd4 Bxd4,"Sicilian Defense, Dragon Variation, Yugoslav Attack, Topalov Variation"
e4 c5 Nf3 d6 d4 cxd4 Nxd4 Nf6 Nc3 g6 Be3 Bg7 f3 O-O Qd2 Nc6 Bc4 Bd7 h4 Qa5 O-O-O Rfc8 Bb3,"Sicilian Defense, Dragon Variation, Yugoslav Attack"
e4 c5 Nf3 d6 d4 cxd4 Nxd4 Nf6 Nc3 g6 Be3 Bg7 f3 O-O Qd2 Nc6 Bc4 Bd7 O-O-O Qa5 h4 Rfc8 Bb3 h5,"Sicilian Defense, Dragon Variation, Yugoslav Attack, Soltis Variation"
e4 c5 Nf3 e6 d4 cxd4 Nxd4 Nf6 Nc3 d6,"Sicilian Defense, Scheveningen Variation"
e4 c5 Nf3 d6 d4 cxd4 Nxd4 Nf6 Nc3 a6 Be3 e6 Qd2,"Sicilian Defense, Scheveningen Variation, English Attack, with Qd2"
e4 c5 Nf3 e6 d4 cxd4 Nxd4 Nf6 Nc3 d6 g3,"Sicilian Defense, Scheveningen Variation, Fianchetto Variation"
e4 c5 Nf3 e6 d4 cxd4 Nxd4 Nf6 Nc3 d6 Bb5+,"Sicilian Defense, Scheveningen Variation, Vitolins Variation"
e4 c5 Nf3 e6 d4 cxd4 Nxd4 Nf6 Nc3 d6 g4,"Sicilian Defense, Scheveningen Variation, Keres Attack"
e4 c5 Nf3 e6 d4 cxd4 Nxd4 Nf6 Nc3 d6 f4,"Sicilian Defense, Scheveningen Variation, Matanovic Attack"
e4 c5 Nf3 e6 d4 cxd4 Nxd4 Nf6 Nc3 d6 f4 Nc6 Be3 Be7 Qf3,"Sicilian Defense, Scheveningen Variation, Tal Variation"
e4 c5 Nf3 e6 d4 cxd4 Nxd4 Nf6 Nc3 d6 Be2,"Sicilian Defense, Scheveningen Variation, Classical Variation"
e4 c5 Nf3 e6 d4 cxd4 Nxd4 Nc6 Nc3 d6 Be2 Nf6,"Sicilian Defense, Scheveningen Variation, Modern Variation"
e4 c5 Nf3 e6 d4 cxd4 Nxd4 Nf6 Nc3 d6 Be2 Be7 O-O O-O f4 Nc6 Be3,"Sicilian Defense, Scheveningen Variation, Modern Variation"
e4 c5 Nf3 e6 d4 cxd4 Nxd4 Nf6 Nc3 d6 Be2 Be7 O-O O-O f4 Nc6 Be3 Bd7 Nb3,"Sicilian Defense, Scheveningen Variation, Modern Variation"
e4 c5 Nf3 d6 d4 cxd4 Nxd4 Nf6 Nc3 a6 Be2 e6 O-O Nbd7,"Sicilian Defense, Najdorf Variation, Scheveningen Variation"
e4 c5 Nf3 d6 d4 cxd4 Nxd4 Nf6 Nc3 a6 Be2 e6,"Sicilian Defense, Scheveningen Variation, Classical Variation"
e4 c5 Nf3 d6 d4 cxd4 Nxd4 Nf6 Nc3 a6 Be2 e6 O-O Qc7,"Sicilian Defense, Scheveningen Variation, Classical Variation"
e4 c5 Nf3 e6 d4 cxd4 Nxd4 Nc6 Nc3 Qc7 Be2 a6 O-O Nf6 Be3 Be7 f4 d6 Qe1 O-O,"Sicilian Defense, Scheveningen Variation, Classical Main Line"
e4 c5 Nf3 d6 d4 cxd4 Nxd4 Nf6 Nc3 a6 f4 e6 Be2 Qc7 O-O Nc6,"Sicilian Defense, Scheveningen Variation, Classical Variation, Paulsen Variation"
e4 c5 Nf3 e6 d4 cxd4 Nxd4 Nc6 Nc3 Qc7 Be2 a6 O-O Nf6 Be3 d6 f4,"Sicilian Defense, Scheveningen Variation, Classical Variation, Paulsen Variation"
e4 c5 Nf3 e6 d4 cxd4 Nxd4 Nc6 Nc3 Qc7 Be2 a6 O-O Nf6 Kh1 Be7 f4 d6 a4,"Sicilian Defense, Scheveningen Variation, Classical Variation, Paulsen Variation"
e4 c5 Nf3 e6 d4 cxd4 Nxd4 Nf6 Nc3 d6 Bc4,"Sicilian Defense, Sozin Attack"
e4 c5 Nf3 d6 d4 cxd4 Nxd4 Nf6 Nc3 a6 Bc4 e6 Bb3 b5,"Sicilian Defense, Sozin Attack, Flank Variation"
e4 c5 Nf3 Nc6 d4 cxd4 Nxd4 Nf6 Nc3 d6 Bc4 e6 Bb3 Be7 Be3 O-O f4,"Sicilian Defense, Sozin Attack, Fischer Variation"
e4 c5 Nf3 Nc6 d4 cxd4 Nxd4 Nf6 Nc3 d6 Bc4 e6,"Sicilian Defense, Sozin Attack, Leonhardt Variation"
e4 c5 Nf3 Nc6 d4 cxd4 Nxd4 Nf6 Nc3 d6 Bc4 e6 Be3,"Sicilian Defense, Sozin Attack, Main Line"
e4 c5 Nf3 d6 d4 cxd4 Nxd4 Nf6 Nc3 Nc6 Bc4 e6 Be3 Be7 Bb3 O-O O-O Na5 f4 b6,"Sicilian Defense, Sozin Attack, Main Line, Sherbakov Variation"
e4 c5 Nf3 Nc6 d4 cxd4 Nxd4 Nf6 Nc3 d6 Bc4 e6 Be3 Be7 Qe2,"Sicilian Defense, Velimirovic Attack"
e4 c5 Nf3 d6 d4 cxd4 Nxd4 Nf6 Nc3 a6,"Sicilian Defense, Najdorf Variation"
e4 c5 Nf3 d6 d4 cxd4 Nxd4 Nf6 Nc3 a6 h3,"Sicilian Defense, Najdorf Variation, Adams Attack"
e4 c5 Nf3 d6 d4 cxd4 Nxd4 Nf6 Nc3 a6 g4,"Sicilian Defense, Najdorf Variation, Dekker Gambit"
e4 c5 Nf3 d6 d4 cxd4 Nxd4 Nf6 Nc3 a6 Be3,"Sicilian Defense, Najdorf Variation, English Attack"
e4 c5 Nf3 d6 d4 cxd4 Nxd4 Nf6 Nc3 a6 Be3 e5 Nb3 Be6 f3,"Sicilian Defense, Najdorf Variation, English Attack"
e4 c5 Nf3 d6 d4 cxd4 Nxd4 Nf6 Nc3 a6 Be3 e5 Nb3 Be7 f3,"Sicilian Defense, Najdorf Variation, English Attack"
e4 c5 Nf3 d6 d4 cxd4 Nxd4 Nf6 Nc3 a6 Be3 e5 Nb3 Be6 h3,"Sicilian Defense, Najdorf Variation, English Attack"
e4 c5 Nf3 d6 d4 cxd4 Nxd4 Nf6 Nc3 a6 Be3 e5 Nb3 Be7 h3,"Sicilian Defense, Najdorf Variation, English Attack"
e4 c5 Nf3 d6 d4 cxd4 Nxd4 Nf6 Nc3 a6 Be3 Ng4,"Sicilian Defense, Najdorf Variation, English Attack, Anti-English"
e4 c5 Nf3 d6 d4 cxd4 Nxd4 Nf6 Nc3 a6 Bc4,"Sicilian Defense, Najdorf Variation, Lipnitsky Attack"
e4 c5 Nf3 d6 d4 cxd4 Nxd4 Nf6 Nc3 a6 Rg1,"Sicilian Defense, Najdorf Variation, Petronić Attack"
e4 c5 Nf3 d6 d4 cxd4 Nxd4 Nf6 Nc3 a6 Bd3,"Sicilian Defense, Najdorf Variation, Yates Variation"
e4 c5 Nf3 d6 d4 cxd4 Nxd4 Nf6 Nc3 a6 Be3 e6 g4,"Sicilian Defense, Scheveningen Variation, Delayed Keres Attack"
e4 c5 Nf3 d6 d4 cxd4 Nxd4 Nf6 Nc3 a6 Be3 e6 g4 e5 Nf5 g6 g5,"Sicilian Defense, Scheveningen Variation, Delayed Keres Attack, Perenyi Gambit"
e4 c5 Nf3 d6 d4 cxd4 Nxd4 Nf6 Nc3 a6 Be3 e6 f3,"Sicilian Defense, Scheveningen Variation, English Attack, with f3"
e4 c5 Nf3 d6 d4 cxd4 Nxd4 Nf6 Nc3 a6 g3,"Sicilian Defense, Najdorf Variation, Zagreb Variation"
e4 c5 Nf3 d6 d4 cxd4 Nxd4 Nf6 Nc3 a6 Be2,"Sicilian Defense, Najdorf Variation, Opocensky Variation"
e4 c5 Nf3 Nf6 Nc3 d6 d4 cxd4 Nxd4 a6 Be2 e5 Nb3 Be6 Be3,"Sicilian Defense, Najdorf Variation, Opocensky Variation"
e4 c5 Nf3 d6 d4 cxd4 Nxd4 Nf6 Nc3 a6 Be2 e5 Nb3 Be7 O-O Be6,"Sicilian Defense, Najdorf Variation, Opocensky Variation, Modern Line"
e4 c5 Nf3 d6 d4 cxd4 Nxd4 Nf6 Nc3 a6 Be2 e5 Nb3 Be7 O-O O-O,"Sicilian Defense, Najdorf Variation, Opocensky Variation, Traditional Line"
e4 c5 Nf3 d6 d4 cxd4 Nxd4 Nf6 Nc3 a6 f4,"Sicilian Defense, Najdorf Variation, Amsterdam Variation"
e4 c5 Nf3 d6 d4 cxd4 Nxd4 Nf6 Nc3 a6 Bg5,"Sicilian Defense, Najdorf Variation"
e4 c5 Nf3 d6 d4 cxd4 Nxd4 Nf6 Nc3 a6 Bg5 Nbd7 Bc4 Qa5 Qd2 e6 O-O-O b5 Bb3 Bb7 Rhe1 Nc5 e5,"Sicilian Defense, Najdorf Variation, Ivkov Variation"
e4 c5 Nf3 d6 d4 cxd4 Nxd4 Nf6 Nc3 a6 Bg5 e6,"Sicilian Defense, Najdorf Variation"
e4 c5 Nf3 d6 d4 cxd4 Nxd4 Nf6 Nc3 a6 Bg5 e6 f4,"Sicilian Defense, Najdorf Variation"
e4 c5 Nf3 d6 d4 cxd4 Nxd4 Nf6 Nc3 a6 Bg5 e6 f4 Nc6,"Sicilian Defense, Najdorf Variation, Neo-Classical Defense"
e4 c5 Nf3 d6 d4 cxd4 Nxd4 Nf6 Nc3 a6 Bg5 e6 f4 b5,"Sicilian Defense, Najdorf Variation, Polugaevsky Variation"
e4 c5 Nf3 d6 d4 cxd4 Nxd4 Nf6 Nc3 a6 Bg5 e6 f4 b5 e5 dxe5 fxe5 Qc7 Qe2,"Sicilian Defense, Najdorf Variation, Polugaevsky Variation, Simagin Line"
e4 c5 Nf3 d6 d4 cxd4 Nxd4 Nf6 Nc3 a6 Bg5 e6 f4 Qb6 Qd2 Qxb2 Rb1 Qa3,"Sicilian Defense, Najdorf Variation, Poisoned Pawn Accepted"
e4 c5 Nf3 d6 d4 cxd4 Nxd4 Nf6 Nc3 a6 Bg5 e6 f4 Qb6,"Sicilian Defense, Najdorf Variation, Poisoned Pawn Variation"
e4 c5 Nf3 d6 d4 cxd4 Nxd4 Nf6 Nc3 a6 Bg5 e6 f4 Be7,"Sicilian Defense, Najdorf Variation"
e4 c5 Nf3 d6 d4 cxd4 Nxd4 Nf6 Nc3 a6 Bg5 e6 f4 Be7 Qf3 h6 Bh4 Qc7,"Sicilian Defense, Najdorf Variation, Browne Variation"
e4 c5 Nf3 d6 d4 cxd4 Nxd4 Nf6 Nc3 a6 Bg5 e6 f4 Be7 Qf3 h6 Bh4 g5,"Sicilian Defense, Najdorf Variation, Goteborg Variation"
e4 c5 Nf3 d6 d4 cxd4 Nxd4 Nf6 Nc3 a6 Bg5 e6 f4 Be7 Qf3 Qc7,"Sicilian Defense, Najdorf Variation, Traditional Line"
e4 c5 Nf3 d6 d4 cxd4 Nxd4 Nf6 Nc3 a6 Bg5 e6 f4 Be7 Qf3 Qc7 O-O-O Nbd7,"Sicilian Defense, Najdorf Variation, Main Line"
e4 e6,French Defense
e4 e6 d4 d5,French Defense
e4 e6 d4 d5 Be3,"French Defense, Alapin Gambit"
e4 e6 d4 b5,"French Defense, Baeuerle Gambit"
e4 e6 b4,"French Defense, Banzai-Leong Gambit"
e4 e6 b4 Bxb4 e5,"French Defense, Banzai-Leong Gambit, Pinova Gambit"
e4 e6 Bb5,"French Defense, Bird Invitation"
e4 e6 d4 d5 Nf3 dxe4 Ne5,"French Defense, Carlson Gambit"
e4 e6 Qe2,"French Defense, Chigorin Variation"
e4 e6 d4 d5 c4,"French Defense, Diemer-Duhm Gambit"
e4 e6 d4 d5 c4 dxe4,"French Defense, Diemer-Duhm Gambit Accepted"
e4 e6 d4 f5,"French Defense, Franco-Hiva Gambit"
e4 e6 d4 f5 exf5,"French Defense, Franco-Hiva Gambit Accepted"
e4 e6 d4 c5,"French Defense, Franco-Sicilian Defense"
e4 e6 d4 d5 Qe2 e5 f4 exf4,"French Defense, Hoffmann Gambit"
e4 e6 b3,"French Defense, Horwitz Attack"
e4 e6 b3 d5 Bb2,"French Defense, Horwitz Attack, Papa-Ticulat Gambit"
e4 e6 d3,"French Defense, King's Indian Attack"
e4 e6 d3 f5,"French Defense, King's Indian Attack, Franco-Hiva Gambit"
e4 e6 Nf3,"French Defense, Knight Variation"
e4 e6 Nf3 f5,"French Defense, Knight Variation, Franco-Hiva Gambit"
e4 e6 f4,"French Defense, La Bourdonnais Variation"
e4 e6 f4 d5 Nf3 dxe4,"French Defense, La Bourdonnais Variation, Reuter Gambit"
e4 e6 d4 Nf6,"French Defense, Mediterranean Defense"
e4 e6 d4 d5 Nh3,"French Defense, Morphy Gambit"
e4 e6 d4,"French Defense, Normal Variation"
e4 e6 c4 d5 cxd5 exd5 Qb3,"French Defense, Orthoschnapp Gambit"
e4 e6 Nc3 d5 f4,"French Defense, Pelikan Variation"
e4 e6 d4 d5 Nf3,"French Defense, Perseus Gambit"
e4 e6 Nc3,"French Defense, Queen's Knight"
e4 e6 d3 d5 Nd2 Nf6 Ngf3 Nc6 Be2,"French Defense, Reversed Philidor Formation"
e4 e6 g3,"French Defense, Réti-Spielmann Attack"
e4 e6 d4 d5 Bd3,"French Defense, Schlechter Variation"
e4 e6 d4 a6,"French Defense, St. George Defense"
e4 e6 d4 a6 c4 b5,"French Defense, St. George Defense, Sanky-George Gambit"
e4 e6 d4 a6 c4 b5 cxb5 axb5,"French Defense, St. George Defense, St. George Gambit"
e4 e6 d4 a6 c4,"French Defense, St. George Defense, Three Pawn Attack"
e4 e6 d4 a6 Nf3 b5 Bd3 c5 c3 Bb7 O-O Nf6,"French Defense, St. George Defense, Traditional Line"
e4 e6 c4,"French Defense, Steiner Variation"
e4 e6 e5,"French Defense, Steinitz Attack"
e4 e6 Nf3 d5 Nc3,"French Defense, Two Knights Variation"
e4 e6 Nf3 d5 e5 c5 b4,"French Defense, Wing Gambit"
d4 e6 e4 d6,"Rat Defense, Small Center Defense"
e4 e6 d4 d5 exd5,"French Defense, Exchange Variation"
e4 e6 d4 d5 exd5 exd5 Nf3,"French Defense, Exchange Variation"
e4 e6 d4 d5 exd5 exd5 Nc3,"French Defense, Exchange Variation"
e4 e6 d4 d5 exd5 exd5 Nc3 Nf6 Bg5 Nc6,"French Defense, Exchange Variation, Bogoljubow Variation"
e4 e6 d4 d5 exd5 exd5 c4,"French Defense, Exchange Variation, Monte Carlo Variation"
e4 e6 d4 d5 Nc3 Nf6 exd5 exd5 Bg5,"French Defense, Exchange Variation, Svenonius Variation"
e4 e6 d4 d5 e5,"French Defense, Advance Variation"
e4 e6 d4 d5 e5 c5,"French Defense, Advance Variation"
e4 e6 d4 d5 e5 c5 c3,"French Defense, Advance Variation"
e4 e6 d4 d5 e5 c5 c3 Nc6,"French Defense, Advance Variation"
e4 e6 d4 d5 e5 c5 c3 Nc6 Nf3 Bd7,"French Defense, Advance Variation, Euwe Variation"
e4 e6 d4 d5 e5 Bd7,"French Defense, Advance Variation, Extended Bishop Swap"
e4 e6 d4 d5 e5 c5 b4,"French Defense, Advance Variation, Frenkel Gambit"
e4 e6 d4 d5 e5 c5 c3 Nc6 Be3,"French Defense, Advance Variation, Kupreichik Variation"
e4 e6 d4 d5 e5 c5 c3 Nc6 Nf3 Qb6 a3 Nh6,"French Defense, Advance Variation, Lputian Variation"
e4 e6 d4 d5 e5 c5 c3 Nc6 Nf3 Qb6 a3,"French Defense, Advance Variation, Main Line"
e4 e6 d4 d5 e5 c5 c3 Nc6 Nf3 Qb6 Bd3,"French Defense, Advance Variation, Milner-Barry Gambit"
e4 e6 d4 d5 e5 c5 c3 Nc6 Nf3 Qb6 Bd3 cxd4 O-O,"French Defense, Advance Variation, Milner-Barry Gambit, Hector Variation"
e4 e6 d4 d5 e5 c5 c3 Nc6 Nf3 Qb6 Bd3 cxd4 O-O Bd7 Re1,"French Defense, Advance Variation, Milner-Barry Gambit, Hector Variation"
e4 e6 d4 d5 e5 c5 c3 Nc6 Nf3 Qb6 Bd3 cxd4 cxd4 Bd7 O-O,"French Defense, Advance Variation, Milner-Barry Gambit, Main Line"
e4 e6 d4 d5 e5 c5 c3 Nc6 Nf3 Qb6 Bd3 cxd4 cxd4 Bd7 O-O Nxd4 Ng5,"French Defense, Advance Variation, Milner-Barry Gambit, Sørensen Variation"
e4 e6 d4 d5 e5 c5 Qg4,"French Defense, Advance Variation, Nimzowitsch Attack"
e4 e6 d4 d5 e5 c5 Qg4 cxd4 Nf3,"French Defense, Advance Variation, Nimzowitsch Gambit"
e4 e6 d4 d5 e5 c5 Nf3,"French Defense, Advance Variation, Nimzowitsch System"
e4 e6 d4 d5 e5 c5 c3 Nc6 Nf3,"French Defense, Advance Variation, Paulsen Attack"
e4 e6 d4 d5 e5 c5 Nf3 cxd4 Bd3,"French Defense, Advance Variation, Ruisdonk Gambit"
e4 e6 d4 d5 e5 c5 dxc5,"French Defense, Advance Variation, Steinitz Variation"
e4 e6 d4 d5 e5 c5 c3 Qb6 Nf3 Bd7,"French Defense, Advance Variation, Wade Variation"
e4 e6 d4 d5 Nd2,"French Defense, Tarrasch Variation"
e4 e6 d4 d5 Nd2 Nc6,"French Defense, Tarrasch Variation, Guimard Defense"
e4 e6 d4 d5 Nd2 Nc6 c3 dxe4 Nxe4 e5,"French Defense, Tarrasch Variation, Guimard Defense, Thunderbunny Variation"
e4 e6 d4 d5 Nd2 f5,"French Defense, Tarrasch Variation, Haberditz Variation"
e4 e6 d4 d5 Nd2 a6,"French Defense, Tarrasch Variation, Modern System"
e4 e6 d4 d5 Nd2 Be7,"French Defense, Tarrasch Variation, Morozevich Variation"
e4 e6 d4 d5 Nd2 Nc6 Ngf3 Nf6,"French Defense, Tarrasch Variation, Guimard Defense, Main Line"
e4 e6 d4 d5 Nd2 Nf6 e5 Nfd7 Bd3 c5 c3 b6,"French Defense, Tarrasch Variation, Botvinnik Variation"
e4 e6 d4 d5 Nd2 Nf6,"French Defense, Tarrasch Variation, Closed Variation"
e4 e6 d4 d5 Nd2 Nf6 e5 Nfd7 Bd3 c5 c3 Nc6,"French Defense, Tarrasch Variation, Closed Variation"
e4 e6 d4 d5 Nd2 Nf6 e5 Nfd7 f4,"French Defense, Tarrasch Variation, Pawn Center Variation"
e4 e6 d4 d5 Nd2 Nf6 e5 Nfd7 Bd3 c5 c3 Nc6 Ne2 cxd4 cxd4,"French Defense, Tarrasch Variation, Closed Variation, Main Line"
e4 e6 d4 d5 Nd2 Nf6 e5 Nfd7 Bd3 c5 c3 Nc6 Ne2 cxd4 cxd4 Nb6,"French Defense, Tarrasch Variation, Leningrad Variation"
e4 e6 d4 d5 Nd2 c5 exd5 Qxd5,"French Defense, Tarrasch Variation, Chistyakov Defense"
e4 e6 d4 d5 Nd2 c5 exd5 Qxd5 Ngf3 cxd4 Bc4 Qd6 O-O Nf6 Nb3 Nc6 Nbxd4 Nxd4 Nxd4 a6,"French Defense, Tarrasch Variation, Chistyakov Defense, Modern Line"
e4 e6 d4 d5 Nd2 c5 exd5 Qxd5 Ngf3 cxd4 Bc4 Qd8,"French Defense, Tarrasch Variation, Eliskases Variation"
e4 e6 d4 d5 Nd2 c5,"French Defense, Tarrasch Variation, Open System"
e4 e6 d4 d5 Nd2 c5 Ngf3,"French Defense, Tarrasch Variation, Open System, Euwe-Keres Line"
e4 e6 d4 d5 Nd2 c5 exd5 Nf6,"French Defense, Tarrasch Variation, Open System, Shaposhnikov Gambit"
e4 e6 d4 d5 Nd2 c5 c3,"French Defense, Tarrasch Variation, Open System, Süchting Line"
e4 e6 d4 d5 Nd2 c5 exd5 exd5,"French Defense, Tarrasch Variation, Open System"
e4 e6 d4 d5 Nd2 c5 exd5 exd5 Ngf3 c4,"French Defense, Tarrasch Variation, Open System, Advance Line"
e4 e6 d4 d5 Nd2 c5 exd5 exd5 Ngf3 Nc6,"French Defense, Tarrasch Variation, Open System, Main Line"
e4 e6 d4 d5 Nd2 c5 exd5 exd5 Ngf3 Nc6 Bb5 Bd6 dxc5 Bxc5 O-O Ne7 c3,"French Defense, Tarrasch Variation, Open System, Main Line"
e4 e6 d4 d5 Nc3 Nc6,"French Defense, Hecht-Reefschläger Variation"
e4 e6 d4 d5 Nc3 c5,"French Defense, Marshall Gambit"
e4 e6 d4 d5 Nc3,"French Defense, Paulsen Variation"
e4 e6 d4 d5 Nc3 dxe4,"French Defense, Rubinstein Variation"
e4 e6 d4 d5 Nc3 dxe4 Nxe4 Nd7,"French Defense, Rubinstein Variation, Blackburne Defense"
e4 e6 d4 d5 Nc3 dxe4 Nxe4 Nd7 Nf3 Ngf6 Nxf6+ Nxf6 Ne5,"French Defense, Rubinstein Variation, Capablanca Line"
e4 e6 d4 d5 Nc3 dxe4 Nxe4 e5,"French Defense, Rubinstein Variation, Ellis Gambit"
e4 e6 d4 d5 Nc3 dxe4 Nxe4 Bd7 Nf3 Bc6,"French Defense, Rubinstein Variation, Fort Knox Variation"
e4 e6 d4 d5 Nd2 dxe4 Nxe4 Nd7 Nf3 Ngf6 Nxf6+ Nxf6 c3,"French Defense, Rubinstein Variation, Kasparov Attack"
e4 e6 d4 d5 Nc3 dxe4 Nxe4 Qd5,"French Defense, Rubinstein Variation, Maric Variation"
e4 e6 d4 d5 Nc3 Nf6,"French Defense, Classical Variation"
e4 e6 d4 d5 Nc3 Nf6 Bg5,"French Defense, Classical Variation"
e4 e6 d4 d5 Nc3 Nf6 Bg5 dxe4,"French Defense, Classical Variation, Burn Variation"
e4 e6 d4 d5 Nc3 Nf6 Bg5 dxe4 Nxe4 Be7 Bxf6 Bxf6 Nf3 O-O,"French Defense, Classical Variation, Burn Variation, Main Line"
e4 e6 d4 d5 Nc3 Nf6 Bg5 dxe4 Nxe4 Be7 Bxf6 gxf6,"French Defense, Classical Variation, Burn Variation, Morozevich Line"
e4 e6 d4 d5 Nc3 Nf6 exd5,"French Defense, Classical Variation, Delayed Exchange Variation"
e4 e6 d4 d5 Nc3 Nf6 e5 Nfd7 Nce2,"French Defense, Classical Variation, Shirov-Anand Variation"
e4 e6 d4 d5 Nc3 Nf6 e5,"French Defense, Classical Variation, Steinitz Variation"
e4 e6 d4 d5 Nc3 Nf6 Bd3,"French Defense, Classical Variation, Swiss Variation"
e4 e6 d4 d5 Nc3 Nf6 Be3,"French Defense, Henneberger Variation"
e4 e6 d4 d5 Nc3 a6 Nf3 Nf6 e5 Nfd7,"French Defense, Steinitz Variation"
e4 e6 d4 d5 Nc3 a6 Nf3 Nf6 e5 Nfd7 a3,"French Defense, Steinitz Variation"
e4 e6 d4 d5 Nc3 a6 Nf3 Nf6 e5 Nfd7 Ne2,"French Defense, Steinitz Variation"
e4 e6 d4 d5 Nc3 Nf6 e5 Nfd7 f4 c5 dxc5 Nc6,"French Defense, Steinitz Variation"
e4 e6 d4 d5 Nc3 Nf6 e5 Nfd7 f4 c5 Nf3,"French Defense, Steinitz Variation"
e4 e6 d4 d5 Nc3 Nf6 e5 Nfd7 f4 c5 Nf3 Nc6 Be3,"French Defense, Steinitz Variation, Boleslavsky Variation"
e4 e6 d4 d5 Nc3 Nf6 e5 Nfd7 f4 c5 dxc5 Bxc5 Qg4,"French Defense, Steinitz Variation, Bradford Attack Variation"
e4 e6 d4 d5 Nc3 Nf6 e5 Nfd7 f4 c5 dxc5 Nc6 a3 Bxc5 Qg4 O-O Nf3 f6,"French Defense, Steinitz Variation, Brodsky-Jones Variation"
e4 e6 d4 d5 Nc3 Nf6 e5 Nfd7 Qg4,"French Defense, Steinitz Variation, Gledhill Attack"
e4 e6 d4 d5 Nc3 Nf6 Bg5 Bb4,"French Defense, McCutcheon Variation"
e4 e6 d4 d5 Nc3 Nf6 Bg5 Bb4 e5,"French Defense, McCutcheon Variation, Advance Variation"
e4 e6 d4 d5 Nc3 Nf6 Bg5 Bb4 e5 h6 Bh4,"French Defense, McCutcheon Variation, Bernstein Variation"
e4 e6 d4 d5 Nc3 Nf6 Bg5 Bb4 exd5 Qxd5 Bxf6 gxf6 Qd2 Qa5,"French Defense, McCutcheon Variation, Bogoljubow Variation"
e4 e6 d4 d5 Nc3 Nf6 Bg5 Bb4 e5 h6 exf6,"French Defense, McCutcheon Variation, Chigorin Variation"
e4 e6 d4 d5 Nc3 Nf6 Bg5 Bb4 e5 h6 Bc1,"French Defense, McCutcheon Variation, Dr. Olland Variation"
e4 e6 Nc3 d5 d4 Nf6 Bg5 Bb4 e5 h6 Bd2 Bxc3 bxc3 Ne4 Qg4 Kf8 Bc1,"French Defense, McCutcheon Variation, Duras Variation"
e4 e6 d4 d5 Nc3 Nf6 Bg5 Bb4 exd5,"French Defense, McCutcheon Variation, Exchange Variation"
e4 e6 d4 d5 Nc3 Nf6 Bg5 Bb4 e5 h6 exf6 hxg5 fxg7 Rg8 h4 gxh4 Qg4,"French Defense, McCutcheon Variation, Grigoriev Variation"
e4 e6 d4 d5 Nc3 Nf6 Bg5 Bb4 e5 h6 Be3,"French Defense, McCutcheon Variation, Janowski Variation"
e4 e6 d4 d5 Nc3 Nf6 Bg5 Bb4 e5 h6 Bd2 Bxc3,"French Defense, McCutcheon Variation, Lasker Variation"
e4 e6 d4 d5 Nc3 Nf6 Bg5 Bb4 e5 h6 Bd2 Bxc3 bxc3 Ne4 Qg4 g6,"French Defense, McCutcheon Variation, Lasker Variation"
e4 e6 d4 d5 Nc3 Nf6 Bg5 Bb4 e5 h6 Bd2 Nfd7,"French Defense, McCutcheon Variation, Tartakower Variation"
e4 e6 d4 d5 Nc3 Nf6 Bg5 Be7 e5 Nfd7 h4,"French Defense, Alekhine-Chatard Attack"
e4 e6 d4 d5 Nc3 Nf6 Bg5 Be7 e5 Nfd7 h4 Bxg5 hxg5 Qxg5,"French Defense, Alekhine-Chatard Attack, Albin-Chatard Gambit"
e4 e6 d4 d5 Nc3 Nf6 Bg5 Be7 e5 Nfd7 h4 c5,"French Defense, Alekhine-Chatard Attack, Breyer Variation"
e4 e6 d4 d5 Nc3 Nf6 Bg5 Be7 e5 Nfd7 h4 a6,"French Defense, Alekhine-Chatard Attack, Maróczy Variation"
e4 e6 d4 d5 Nc3 Nf6 Bg5 Be7 e5 Nfd7 h4 O-O,"French Defense, Alekhine-Chatard Attack, Spielmann Variation"
e4 e6 d4 d5 Nc3 Nf6 Bg5 Be7 e5 Nfd7 h4 f6,"French Defense, Alekhine-Chatard Attack, Teichmann Variation"
e4 e6 d4 d5 Nc3 Nf6 Bg5 dxe4 Nxe4 Be7,"French Defense, Classical Variation"
e4 e6 d4 d5 Nc3 Nf6 Bg5 Be7 e5 Ng8 Be3 b6,"French Defense, Classical Variation, Frankfurt Variation"
e4 e6 d4 d5 Nc3 Nf6 Bg5 Be7,"French Defense, Classical Variation, Normal Variation"
e4 e6 d4 d5 Nc3 Nf6 Bg5 Be7 Bxf6,"French Defense, Classical Variation, Richter Attack"
e4 e6 d4 d5 Nc3 Nf6 Bg5 Be7 Bxf6 Bxf6 e5 Be7 Qg4,"French Defense, Classical Variation, Richter Attack"
e4 e6 d4 d5 Nc3 Nf6 Bg5 Be7 e5 Ne4,"French Defense, Classical Variation, Tartakower Variation"
e4 e6 d4 d5 Nc3 Nf6 Bg5 Be7 e5 Ng8,"French Defense, Classical Variation, Vistaneckis Variation"
e4 e6 d4 d5 Nc3 a6 Nf3 Nf6 e5 Nfd7 Bg5,"French Defense, Classical Variation"
e4 e6 d4 d5 Nc3 Nf6 Bg5 Be7 e5 Nfd7 Bxe7 Qxe7,"French Defense, Classical Variation"
e4 e6 d4 d5 Nc3 Nf6 Bg5 Be7 e5 Nfd7 Bxe7 Qxe7 Nb5,"French Defense, Classical Variation, Alapin Variation"
e4 e6 d4 d5 Nc3 Nf6 Bg5 Be7 e5 Nfd7 Bxe7 Qxe7 Qg4,"French Defense, Classical Variation, Pollock Variation"
e4 e6 d4 d5 Nc3 Nf6 Bg5 Be7 e5 Nfd7 Bxe7 Qxe7 Qd2,"French Defense, Classical Variation, Rubinstein Variation"
e4 e6 d4 d5 Nc3 Nf6 Bg5 Be7 e5 Nfd7 Bxe7 Qxe7 f4 O-O Nf3 c5 Qd2 Nc6 O-O-O c4,"French Defense, Classical Variation, Stahlberg Variation"
e4 e6 d4 d5 Nc3 Nf6 Bg5 Be7 e5 Nfd7 Bxe7 Qxe7 f4,"French Defense, Classical Variation, Steinitz Variation"
e4 e6 d4 d5 Nc3 Nf6 Bg5 Be7 e5 Nfd7 Bxe7 Qxe7 Bd3,"French Defense, Classical Variation, Tarrasch Variation"
e4 e6 d4 d5 Nc3 Bb4 Ne2 Nf6 Bg5,"French Defense, McCutcheon Variation, Wolf Gambit"
e4 e6 d4 d5 Nc3 Bb4,"French Defense, Winawer Variation"
e4 e6 d4 d5 Nc3 Bb4 Ne2 dxe4 a3 Bxc3+,"French Defense, Winawer Variation, Alekhine Gambit Accepted"
e4 e6 d4 d5 Nc3 Bb4 Ne2 dxe4 a3 Be7 Nxe4 Nf6 N2g3 O-O Be2 Nc6,"French Defense, Winawer Variation, Alekhine Gambit, Alatortsev Variation"
e4 e6 d4 d5 Nc3 Bb4 Ne2 dxe4 a3 Bxc3+ Nxc3 Nc6,"French Defense, Winawer Variation, Alekhine Gambit, Kan Variation"
e4 e6 d4 d5 Nc3 Bb4 Ne2,"French Defense, Winawer Variation, Alekhine-Maróczy Gambit"
e4 e6 d4 d5 Nc3 Bb4 exd5,"French Defense, Winawer Variation, Delayed Exchange Variation"
e4 e6 d4 d5 Nc3 Bb4 exd5 exd5 Bd3 Ne7 Qh5,"French Defense, Winawer Variation, Exchange Variation, Canal Attack"
e4 e6 d4 d5 Nc3 Bb4 Bd2,"French Defense, Winawer Variation, Fingerslip Variation"
e4 e6 d4 d5 Nc3 Bb4 Bd2 dxe4 Qg4 Qxd4,"French Defense, Winawer Variation, Fingerslip Variation, Kunin Double Gambit"
e4 e6 d4 d5 Nc3 Bb4 Bd2 dxe4 Qg4 Nf6 Qxg7 Rg8 Qh6,"French Defense, Winawer Variation, Fingerslip Variation, Main Line"
e4 e6 d4 d5 Nc3 Bb4 Bd2 Ne7 Nb1,"French Defense, Winawer Variation, Fingerslip Variation, Schwarz's Line"
e4 e6 d4 d5 Nc3 Bb4 Bd3 c5 exd5 Qxd5 Bd2,"French Defense, Winawer Variation, Kondratiyev Variation"
e4 e6 d4 d5 Nc3 Bb4 a3 Bxc3+ bxc3 dxe4 f3,"French Defense, Winawer Variation, Winckelmann-Reimer Gambit"
e4 e6 d4 d5 Nc3 Bb4 e5,"French Defense, Winawer Variation, Advance Variation"
e4 e6 d4 d5 Nc3 Bb4 e5 Qd7,"French Defense, Winawer Variation, Petrosian Variation"
e4 e6 d4 d5 Nc3 Bb4 e5 c5,"French Defense, Winawer Variation, Advance Variation"
e4 e6 d4 d5 Nc3 Bb4 e5 c5 a3,"French Defense, Winawer Variation, Advance Variation"
e4 e6 d4 d5 Nc3 Bb4 e5 c5 a3 cxd4 axb4 dxc3 Nf3,"French Defense, Winawer Variation, Advance Variation"
e4 e6 d4 d5 Nc3 Bb4 e5 c5 Qg4,"French Defense, Winawer Variation, Advance Variation, Moscow Variation"
e4 e6 d4 d5 Nc3 Bb4 e5 c5 Bd2,"French Defense, Winawer Variation, Bogoljubow Variation"
e4 e6 d4 d5 Nc3 Bb4 e5 c5 Bd2 Ne7 f4,"French Defense, Winawer Variation, Bogoljubow Variation, Icelandic Defense"
e4 e6 d4 d5 Nc3 Bb4 e5 c5 a3 cxd4 axb4 dxc3,"French Defense, Winawer Variation, Maróczy-Wallis Variation"
e4 e6 d4 d5 Nc3 Bb4 e5 c5 a3 Ba5,"French Defense, Winawer Variation, Retreat Variation"
e4 e6 d4 d5 Nc3 Bb4 e5 c5 a3 Ba5 b4 cxd4,"French Defense, Winawer Variation, Retreat Variation, Armenian Line"
e4 e6 d4 d5 Nc3 Bb4 e5 c5 a3 Bxc3+ bxc3,"French Defense, Winawer Variation, Advance Variation"
e4 e6 d4 d5 Nc3 Bb4 e5 c5 a3 Bxc3+ bxc3 Ne7,"French Defense, Winawer Variation, Advance Variation"
e4 e6 d4 d5 Nc3 Bb4 e5 c5 a3 Bxc3+ bxc3 Ne7 Bd3,"French Defense, Winawer Variation, Advance Variation, with Bd3"
e4 e6 d4 d5 Nc3 Bb4 e5 c5 a3 Bxc3+ bxc3 Ne7 Bd3 Qc7,"French Defense, Winawer Variation, Advance Variation, with Bd3"
e4 e6 d4 d5 Nc3 Bb4 e5 c5 a3 Bxc3+ bxc3 Ne7 h4,"French Defense, Winawer Variation, Advance Variation, with h4"
e4 e6 d4 d5 Nc3 Bb4 e5 c5 a3 Bxc3+ bxc3 Ne7 h4 Qc7,"French Defense, Winawer Variation, Advance Variation, with h4"
e4 e6 d4 d5 Nc3 Bb4 e5 c5 a3 Bxc3+ bxc3 Qc7,"French Defense, Winawer Variation, Classical Variation"
e4 e6 d4 d5 Nc3 Bb4 e5 c5 a3 Bxc3+ bxc3 Ne7 Qg4 Kf8,"French Defense, Winawer Variation, Eingorn Variation"
e4 e6 d4 d5 Nc3 Bb4 e5 c5 a3 Bxc3+ bxc3 Ne7 Qg4 Qc7,"French Defense, Winawer Variation, Poisoned Pawn Variation"
e4 e6 d4 d5 Nc3 Bb4 e5 c5 a3 Bxc3+ bxc3 Ne7 Qg4 cxd4 Qxg7,"French Defense, Winawer Variation, Poisoned Pawn Variation"
e4 e6 d4 d5 Nc3 Bb4 e5 c5 a3 Bxc3+ bxc3 Ne7 Qg4 cxd4 Qxg7 Rg8 Qxh7 Nbc6,"French Defense, Winawer Variation, Poisoned Pawn Variation"
e4 e6 d4 d5 Nc3 Bb4 e5 c5 a3 Bxc3+ bxc3 Ne7 Qg4 Qc7 Bd3,"French Defense, Winawer Variation, Poisoned Pawn Variation Declined"
e4 e6 d4 d5 Nc3 Bb4 e5 c5 a3 Bxc3+ bxc3 Ne7 Qg4 Qc7 Qxg7 Rg8 Qxh7 cxd4 Ne2,"French Defense, Winawer Variation, Poisoned Pawn Variation, Main Line"
e4 e6 d4 d5 Nc3 Bb4 e5 c5 a3 Bxc3+ bxc3 Ne7 Qg4 Qc7 Qxg7 Rg8 Qxh7 cxd4 Kd1,"French Defense, Winawer Variation, Poisoned Pawn Variation, Paoli Variation"
e4 e6 d4 d5 Nc3 Bb4 e5 c5 a3 Bxc3+ bxc3 Qa5,"French Defense, Winawer Variation, Portisch-Hook Variation"
e4 e6 d4 d5 Nc3 Bb4 e5 c5 a3 Bxc3+ bxc3 Ne7 Qg4 O-O,"French Defense, Winawer Variation, Warsaw Variation"
e4 e6 d4 d5 Nc3 Bb4 e5 Ne7 a3 Bxc3+ bxc3 c5 a4,"French Defense, Winawer Variation, Advance Variation, Smyslov Variation"
e4 e6 d4 d5 Nc3 Bb4 e5 Ne7 a3 Bxc3+ bxc3 c5 a4 Qc7,"French Defense, Winawer Variation, Advance Variation, Smyslov Variation"
e4 e6 d4 d5 Nc3 Bb4 e5 c5 a3 Bxc3+ bxc3 Ne7 a4 Nbc6 Nf3,"French Defense, Winawer Variation, Positional Variation"
e4 e6 d4 d5 Nc3 Bb4 e5 c5 a3 Bxc3+ bxc3 Ne7 a4 Nbc6 Nf3 Qa5 Qd2,"French Defense, Winawer Variation, Positional Variation"
e4 e6 d4 d5 Nc3 Bb4 e5 c5 a3 Bxc3+ bxc3 Ne7 a4 Nbc6 Nf3 Qa5 Qd2 Bd7,"French Defense, Winawer Variation, Positional Variation"
e4 e6 d4 d5 Nc3 Bb4 e5 c5 a3 Bxc3+ bxc3 Ne7 a4 Nbc6 Nf3 Qa5 Bd2,"French Defense, Winawer Variation, Positional Variation"
e4 e6 d4 d5 Nc3 Bb4 e5 c5 a3 Bxc3+ bxc3 Ne7 a4 Nbc6 Nf3 Qa5 Bd2 Bd7,"French Defense, Winawer Variation, Positional Variation"
e4 e6 d4 d5 Nc3 Bb4 e5 c5 a3 Bxc3+ bxc3 Ne7 a4 Nbc6 Nf3 Qa5 Bd2 c4,"French Defense, Winawer Variation, Positional Variation"
e4 e6 d4 d5 Nc3 Bb4 e5 c5 a3 Bxc3+ bxc3 Ne7 Nf3,"French Defense, Winawer Variation, Positional Variation"
e4 e6 d4 d5 Nc3 Bb4 e5 c5 a3 Bxc3+ bxc3 Nc6 Nf3 Nge7,"French Defense, Winawer Variation, Positional Variation"
e4 e6 d4 d5 Nc3 Bb4 e5 c5 a3 Bxc3+ bxc3 Ne7 Nf3 Qc7,"French Defense, Winawer Variation, Positional Variation"
e4 e6 d4 d5 Nc3 Bb4 e5 c5 a3 Bxc3+ bxc3 Ne7 Nf3 Qc7 h4,"French Defense, Winawer Variation, Positional Variation"
e4 e6 d4 d5 Nc3 Bb4 e5 c5 a3 Bxc3+ bxc3 Ne7 Bd3 Nbc6 Nf3,"French Defense, Winawer Variation, Positional Variation"
e4 e6 d4 d5 Nc3 Bb4 e5 c5 a3 Bxc3+ bxc3 Nc6 Nf3 Qa5 Bd2 Nge7,"French Defense, Winawer Variation, Positional Variation"
f3 e5 e4 Nf6 Bc4,"Barnes Opening, Walkerling"
e4 e5 Ke2,Bongcloud Attack
e4 e5 d4,Center Game
e4 e5 c4,"English Opening, The Whale"
e4 e5,King's Pawn Game
e4 e5 Ne2,"King's Pawn Game, Alapin Opening"
e4 e5 c4 d5,"King's Pawn Game, Bavarian Gambit"
e4 e5 d4 d5,"King's Pawn Game, Beyer Gambit"
e4 e5 d3 f5,"King's Pawn Game, Clam Variation, King's Gambit Reversed"
e4 e5 d3 Nf6 f4 Bc5,"King's Pawn Game, Clam Variation, Radisch Gambit"
e4 e5 f3,"King's Pawn Game, King's Head Opening"
e4 e5 f3 Nf6 Nc3,"King's Pawn Game, King's Head Opening"
e4 e5 d3,"King's Pawn Game, Leonardis Variation"
e4 e5 c3,"King's Pawn Game, MacLeod Attack"
e4 e5 c3 f5,"King's Pawn Game, MacLeod Attack, Lasa Gambit"
e4 e5 c3 d5 Qh5 Bd6,"King's Pawn Game, MacLeod Attack, Norwalde Gambit"
e4 e5 a3,"King's Pawn Game, Mengarini's Opening"
e4 e5 Qf3,"King's Pawn Game, Napoleon Attack"
e4 e5 d4 d6 dxe5 Bd7,"King's Pawn Game, Philidor Gambit"
e4 e5 Bd3,"King's Pawn Game, Tortoise Opening"
e4 e5 Qh5,"King's Pawn Game, Wayward Queen Attack"
e4 e5 Qh5 Nf6,"King's Pawn Game, Wayward Queen Attack, Kiddie Countergambit"
e4 e5 Qh5 Nc6 Bc4 Nh6 d3 g6 Qf3 f6 Ne2 d5,"King's Pawn Game, Wayward Queen Attack, Mellon Gambit"
e4 e5 d3 d5 exd5 c6 dxc6 Nxc6,"King's Pawn Game, Weber Gambit"
e4 e5 b3,King's Pawn Opening
e4 e5 Qg4 Nf6 Qf5,"King's Pawn Opening, Speers"
e4 e5 Qe2 Nc6 c3 Nf6 Nf3 Bc5 d4 exd4 cxd4 Nxd4,"King's Pawn Opening, Van Hooydoon Gambit"
e4 e5 Bb5,Portuguese Opening
e4 e5 Bb5 Bc5 b4,"Portuguese Opening, Miguel Gambit"
e4 e5 Bb5 Nf6 d4,"Portuguese Opening, Portuguese Gambit"
e4 e5 d4 exd4 Qxd4,Center Game
e4 e5 d4 exd4,Center Game Accepted
e4 e5 d4 exd4 f4,"Center Game, Halasz-McDonnell Gambit"
e4 e5 d4 exd4 f4 Bc5 Nf3 Nc6 c3,"Center Game, Halasz-McDonnell Gambit, Crocodile Variation"
e4 e5 d4 exd4 Nf3,"Center Game, Kieseritzky Variation"
e4 e5 d4 exd4 Nf3 c5,"Center Game, Kieseritzky Variation"
e4 e5 d4 exd4 Nf3 c5 Bc4,"Center Game, Kieseritzky Variation"
e4 e5 d4 exd4 Nf3 Bc5 c3,"Center Game, Lanc-Arnold Gambit"
e4 e5 d4 exd4 Nf3 Bc5 c3 dxc3 Bc4,"Center Game, Lanc-Arnold Gambit, Schippler Gambit"
e4 e5 d4 exd4 Bd3,"Center Game, Ross Gambit"
e4 e5 d4 exd4 Bc4,"Center Game, von der Lasa Gambit"
e4 e5 d4 exd4 c3,Danish Gambit
e4 e5 d4 exd4 c3 dxc3,Danish Gambit Accepted
e4 e5 d4 exd4 c3 dxc3 Bc4 cxb2 Bxb2 Qe7,"Danish Gambit Accepted, Chigorin Defense"
e4 e5 d4 exd4 c3 dxc3 Bc4 cxb2 Bxb2 Nf6,"Danish Gambit Accepted, Classical Defense"
e4 e5 d4 exd4 c3 dxc3 Bc4 cxb2 Bxb2 Bb4+,"Danish Gambit Accepted, Copenhagen Defense"
e4 e5 d4 exd4 c3 dxc3 Bc4 cxb2 Bxb2 d5,"Danish Gambit Accepted, Schlechter Defense"
e4 e5 d4 exd4 c3 Ne7,"Danish Gambit Accepted, Svenonius Defense"
e4 e5 d4 exd4 c3 d5,"Danish Gambit Declined, Sörensen Defense"
e4 e5 d4 exd4 Qxd4 Nc6 Qe3 Nf6,"Center Game, Berger Variation"
e4 e5 d4 exd4 Qxd4 Nc6 Qe3 Bb4+ c3 Be7,"Center Game, Charousek Variation"
e4 e5 d4 exd4 Qxd4 Nc6 Qc4,"Center Game, Hall Variation"
e4 e5 d4 exd4 Qxd4 Nc6 Qe3 Nf6 Nc3 Bb4 Bd2 O-O O-O-O Re8 Bc4 d6 Nh3,"Center Game, Kupreichik Variation"
e4 e5 d4 exd4 Qxd4 Nc6,"Center Game, Normal Variation"
e4 e5 d4 exd4 Qxd4 Nc6 Qe3,"Center Game, Paulsen Attack Variation"
e4 e5 d4 exd4 Qxd4 Nc6 Qe3 f5,"Center Game, l'Hermet Variation"
e4 e5 Bc4,Bishop's Opening
e4 e5 Bc4 b5 Bxb5 c6,"Bishop's Opening, Anderssen Gambit"
e4 e5 Bc4 Bc5,"Bishop's Opening, Boi Variation"
e4 e5 Bc4 f5,"Bishop's Opening, Calabrese Countergambit"
e4 e5 Bc4 f5 d3,"Bishop's Opening, Calabrese Countergambit, Jaenisch Variation"
e4 e5 Bc4 Bc5 b4 Bxb4 f4 exf4 Nf3 Be7 d4 Bh4+ g3 fxg3 O-O gxh2+ Kh1,"Bishop's Opening, Four Pawns Gambit"
e4 e5 Bc4 d5,"Bishop's Opening, Khan Gambit"
e4 e5 Bc4 Bc5 c3 d5,"Bishop's Opening, Lewis Countergambit"
e4 e5 Bc4 Bc5 c3 d5 Bxd5 Nf6,"Bishop's Opening, Lewis Countergambit"
e4 e5 Bc4 Bc5 c3 d5 Bxd5 Nf6 d4,"Bishop's Opening, Lewis Countergambit, Walker Variation"
e4 e5 Bc4 Bc5 d4,"Bishop's Opening, Lewis Gambit"
e4 e5 Bc4 c6 d4 d5 exd5 cxd5 Bb5+ Bd7 Bxd7+ Nxd7 dxe5 Nxe5 Ne2,"Bishop's Opening, Lisitsyn Variation"
e4 e5 Bc4 Bc5 Qe2 Nc6 c3 Nf6 f4,"Bishop's Opening, Lopez Gambit"
e4 e5 Bc4 Bc5 Qe2,"Bishop's Opening, Lopez Variation"
e4 e5 Bc4 Bc5 Qe2 Nf6 f4,"Bishop's Opening, Lopez Variation, Lopez Gambit"
e4 e5 Bc4 Bc5 b4,"Bishop's Opening, McDonnell Gambit"
e4 e5 Bc4 Bc5 b4 Bxb4 c3,"Bishop's Opening, McDonnell Gambit, La Bourdonnais-Denker Gambit"
e4 e5 Bc4 Bc5 b4 Bxb4 f4,"Bishop's Opening, McDonnell Gambit, McDonnell Double Gambit"
e4 e5 Bc4 c6,"Bishop's Opening, Philidor Counterattack"
e4 e5 Bc4 Bc5 c3,"Bishop's Opening, Philidor Variation"
e4 e5 Bc4 Bc5 c3 Nf6 d4 exd4 e5 d5 exf6 dxc4 Qh5 O-O,"Bishop's Opening, Pratt Variation"
e4 e5 Bc4 Bc5 f4,"Bishop's Opening, Stein Gambit"
e4 e5 Bc4 b5 Bxb5 f5,"Bishop's Opening, Thorold Gambit"
e4 e5 Bc4 Bc5 c3 Qg5,"Bishop's Opening, del Rio Variation"
e4 e5 Bc4 Nf6,"Bishop's Opening, Berlin Defense"
e4 e5 Bc4 Nf6 f4,"Bishop's Opening, Berlin Defense, Greco Gambit"
e4 e5 Bc4 Nf6 d3 Be7 Nf3 O-O,"Bishop's Opening, Kitchener Folly"
e4 e5 Bc4 Nf6 f3 Bc5 Ne2 Nc6 b4,"Bishop's Opening, Krejcik Gambit"
e4 e5 Bc4 Nf6 Ne2 Nxe4 Nec3,"Bishop's Opening, Pachman Gambit"
e4 e5 Bc4 Nf6 d3 c6,"Bishop's Opening, Paulsen Defense"
e4 e5 Bc4 Nf6 d4,"Bishop's Opening, Ponziani Gambit"
e4 e5 Bc4 Nf6 d4 exd4 Nf3 d5 exd5 Bb4+ c3 Qe7+,"Bishop's Opening, Urusov Gambit, Panov Variation"
e4 e5 Bc4 Nf6 d3 Nc6 Nc3,"Bishop's Opening, Vienna Hybrid"
e4 e5 Bc4 Nf6 d4 exd4 c3,"Bishop's Opening, Warsaw Gambit"
e4 e5 Nc3 Nc6 f4,"Vienna Gambit, with Max Lange Defense"
e4 e5 Nc3 Nc6 f4 exf4 Nf3 Be7,"Vienna Gambit, with Max Lange Defense, Cunningham Defense"
e4 e5 Nc3 Nc6 f4 exf4 Nf3 g5 h4 g4 Ng5,"Vienna Gambit, with Max Lange Defense, Hamppe-Allgaier Gambit"
e4 e5 Nc3 Nc6 f4 exf4 Nf3 g5 h4 g4 Ng5 d6,"Vienna Gambit, with Max Lange Defense, Hamppe-Allgaier Gambit, Alapin Variation"
e4 e5 f4 exf4 Nf3 Nc6 Nc3 g5 h4 g4 Ng5 h6 Nxf7 Kxf7 d4,"Vienna Gambit, with Max Lange Defense, Hamppe-Allgaier Gambit, Thorold Variation"
e4 e5 Nc3 Nc6 f4 exf4 Nf3 g5 Bc4 g4 O-O gxf3,"Vienna Gambit, with Max Lange Defense, Hamppe-Muzio Gambit"
e4 e5 Nc3 Nc6 f4 exf4 Nf3,"Vienna Gambit, with Max Lange Defense, Knight Variation"
e4 e5 Nc3 Nc6 f4 exf4 Nf3 g5 d4,"Vienna Gambit, with Max Lange Defense, Pierce Gambit"
e4 e5 Nc3 Nc6 f4 Bc5 fxe5 d6,"Vienna Gambit, with Max Lange Defense, Quelle Gambit"
e4 e5 Nc3 Nc6 f4 exf4 d4,"Vienna Gambit, with Max Lange Defense, Steinitz Gambit"
e4 e5 Nc3 Nc6 f4 exf4 d4 Qh4+ Ke2 b6,"Vienna Gambit, with Max Lange Defense, Steinitz Gambit, Fraser-Minckwitz Defense"
e4 e5 Nc3 Nc6 f4 exf4 d4 Qh4+ Ke2,"Vienna Gambit, with Max Lange Defense, Steinitz Gambit, Main Line"
e4 e5 Nc3 Nc6 f4 exf4 d4 Qh4+ Ke2 d6,"Vienna Gambit, with Max Lange Defense, Steinitz Gambit, Paulsen Defense"
e4 e5 Nc3 Nc6 f4 exf4 d4 Qh4+ Ke2 g5,"Vienna Gambit, with Max Lange Defense, Steinitz Gambit, Sörensen Defense"
e4 e5 Nc3 Nc6 f4 exf4 d4 Qh4+ Ke2 d5,"Vienna Gambit, with Max Lange Defense, Steinitz Gambit, Zukertort Defense"
e4 e5 Nc3,Vienna Game
e4 e5 Nc3 Bc5,"Vienna Game, Anderssen Defense"
e4 e5 Nc3 Nc6 d4,"Vienna Game, Fyfe Gambit"
e4 e5 Nc3 Bc5 Qg4,"Vienna Game, Giraffe Attack"
e4 e5 Nc3 Bc5 Na4,"Vienna Game, Hamppe-Meitner Variation"
e4 e5 Nc3 Nc6 f4 exf4 Nf3 g5 Bc4 g4 O-O,"Vienna Game, Hamppe-Muzio Gambit"
e4 e5 Nc3 Nc6 f4 exf4 Nf3 g5 Bc4 g4 O-O gxf3 Qxf3 Ne5 Qxf4 Qf6,"Vienna Game, Hamppe-Muzio, Dubois Variation"
e4 e5 Nc3 Nc6,"Vienna Game, Max Lange Defense"
e4 e5 Nc3 d6 f4,"Vienna Game, Omaha Gambit"
e4 e5 Nc3 Nc6 g3,"Vienna Game, Paulsen Variation"
e4 e5 Nc3 Nc6 g3 Nf6 Bg2 Bc5 Nge2 d5,"Vienna Game, Paulsen Variation"
e4 e5 Nc3 Nc6 g3 Bc5 Bg2 h5 Nf3 h4,"Vienna Game, Paulsen Variation, Mariotti Gambit"
e4 e5 Nc3 Nc6 d4 f5,"Vienna Game, Philidor Countergambit"
e4 e5 Nc3 Nc6 f4 exf4 Nf3 g5 d4 g4 Bc4 gxf3 O-O d5 exd5 Bg4 dxc6,"Vienna Game, Pierce Gambit, Rushmere Attack"
e4 e5 Nc3 Nc6 Bc4 Bc5 Qg4 Qf6 Nd5,"Vienna Game, Stanley Variation, Meitner-Mieses Gambit"
e4 e5 Nc3 Bb4 Qg4 Nf6,"Vienna Game, Zhuravlev Countergambit"
e4 e5 Bc4 Nf6 Nc3 b5,"Bishop's Opening, Horwitz Gambit"
e4 e5 Nc3 Nf6 Bc4 Bc5 d3,"Bishop's Opening, Vienna Hybrid, Spielmann Attack"
e4 e5 Nc3 Nf6,"Vienna Game, Falkbeer Variation"
e4 e5 Nc3 Nf6 a3,"Vienna Game, Mengarini Variation"
e4 e5 Nc3 Nf6 g3,"Vienna Game, Mieses Variation"
e4 e5 Nc3 Nf6 g3 d5 exd5 c6,"Vienna Game, Mieses Variation, Erben Gambit"
e4 e5 Nc3 Nf6 g3 Bc5 Bg2 Nc6 Nge2 d5 exd5,"Vienna Game, Paulsen Variation, Pollock Gambit"
e4 e5 Nc3 Nf6 Bc4,"Vienna Game, Stanley Variation"
e4 e5 Nc3 Nf6 Bc4 Bc5 Nge2 b5,"Vienna Game, Stanley Variation, Eifel Gambit"
e4 e5 Nc3 Nf6 Bc4 Bb4,"Vienna Game, Stanley Variation, Reversed Spanish"
e4 e5 Nf3 Nf6 Bc4 Nxe4 Nc3,"Bishop's Opening, Boden-Kieseritzky Gambit"
e4 e5 Nf3 Nf6 Bc4 Nxe4 Nc3 d5,"Bishop's Opening, Boden-Kieseritzky Gambit, Lichtenhein Defense"
e4 e5 Nc3 Nf6 Bc4 Nxe4 Qh5 Nd6 Bb3 Nc6 d4,"Vienna Game, Adams' Gambit"
e4 e5 Nc3 Nf6 Bc4 Nxe4,"Vienna Game, Frankenstein-Dracula Variation"
e4 e5 Nc3 Nf6 Bc4 Nxe4 Qh5 Nd6 Bb3 Be7 Nf3 Nc6 Nxe5,"Vienna Game, Stanley Variation, Alekhine Variation"
e4 e5 Nc3 Nf6 Bc4 Nxe4 Qh5 Nd6 Bb3 Nc6 Nb5 g6 Qf3 f5 Qd5 Qe7 Nxc7+ Kd8 Nxa8 b6,"Vienna Game, Stanley Variation, Frankenstein-Dracula Variation"
e4 e5 Nc3 Nf6 Bc4 Nxe4 Qh5 Nd6 Bb3 Be7,"Vienna Game, Stanley Variation, Monster Declined"
e4 e5 Nc3 Nc6 Bc4 Nf6 d3 Bb4 Ne2,"Bishop's Opening, Vienna Hybrid, Hromádka Variation"
e4 e5 Nc3 Nc6 Bc4 Nf6 f4 Nxe4 Nf3,"Vienna Game, Stanley Variation, Bronstein Gambit"
e4 e5 Nc3 Nc6 Bc4 Nf6,"Vienna Game, Stanley Variation, Three Knights Variation"
e4 e5 Nc3 Nf6 f4 d5 fxe5 Nxe4 Qf3 f5 d4,"Vienna Game, Heyde Variation"
e4 e5 Nc3 Nf6 f4,"Vienna Game, Vienna Gambit"
e4 e5 Nc3 Nf6 f4 d5 fxe5 Nxe4 Qf3 f5,"Vienna Game, Vienna Gambit, Bardeleben Variation"
e4 e5 Nc3 Nf6 f4 d5 fxe5 Nxe4 Nf3 Be7,"Vienna Game, Vienna Gambit, Breyer Variation"
e4 e5 Nc3 Nf6 f4 d5 fxe5 Nxe4 Nf3 Bg4 Qe2,"Vienna Game, Vienna Gambit, Kaufmann Variation"
e4 e5 Nc3 Nf6 f4 d5,"Vienna Game, Vienna Gambit, Main Line"
e4 e5 Nc3 Nf6 f4 d5 fxe5 Nxe4 d3,"Vienna Game, Vienna Gambit, Modern Variation"
e4 e5 Nc3 Nf6 f4 d5 fxe5 Nxe4 Qf3,"Vienna Game, Vienna Gambit, Paulsen Attack"
e4 e5 Nc3 Nf6 f4 d5 d3,"Vienna Game, Vienna Gambit, Steinitz Variation"
e4 e5 Nc3 Nf6 f4 d5 fxe5 Nxe4 d3 Qh4+ g3 Nxg3 Nf3 Qh5 Nxd5,"Vienna Game, Vienna Gambit, Wurzburger Trap"
e4 e5 f4,King's Gambit
e4 e5 f4 Bc5,"King's Gambit Declined, Classical Variation"
e4 e5 f4 Bc5 Nf3 d6 c3,"King's Gambit Declined, Classical Variation"
e4 e5 f4 Bc5 Nf3 d6 c3 Bg4 fxe5 dxe5 Qa4+,"King's Gambit Declined, Classical Variation, Euwe Attack"
e4 e5 f4 Bc5 Nf3 d6 b4,"King's Gambit Declined, Classical Variation, Rotlewi Countergambit"
e4 e5 f4 Bc5 Nf3 d6 c3 f5,"King's Gambit Declined, Classical Variation, Rubinstein Countergambit"
e4 e5 f4 Bc5 Qh5,"King's Gambit Declined, Classical Variation, Walthoffen Attack"
e4 e5 f4 Bc5 Nf3 d6 Nc3 Nd7,"King's Gambit Declined, Classical, Hanham Variation"
e4 e5 f4 Bc5 Nf3 d6 c3 f5 fxe5 dxe5 d4 exd4 Bc4,"King's Gambit Declined, Classical, Réti Variation"
e4 e5 f4 Bc5 Nf3 d6 fxe5,"King's Gambit Declined, Classical, Soldatenkov Variation"
e4 e5 Bc4 Nc6 Nc3 Nf6 d3 Bc5 f4 d6 Nf3 Bg4 h3 Bxf3 Qxf3 exf4,"King's Gambit Declined, Classical, Svenonius Variation"
e4 e5 f4 Nc6 Nf3 g5 fxg5 h6,"King's Gambit Declined, Hobbs-Zilbermints Gambit"
e4 e5 f4 Qh4+ g3 Qe7,"King's Gambit Declined, Keene Defense"
e4 e5 f4 Qh4+,"King's Gambit Declined, Keene's Defense"
e4 e5 f4 Qh4+ g3,"King's Gambit Declined, Keene's Defense"
e4 c5 f4 e5,"King's Gambit Declined, Mafia Defense"
e4 e5 f4 Nc6 Nf3 f5,"King's Gambit Declined, Miles Defense"
e4 e5 f4 Qf6,"King's Gambit Declined, Norwalde Variation"
e4 e5 f4 Qf6 Nc3 Qxf4 Nf3 Bb4 Bc4,"King's Gambit Declined, Norwalde Variation, Bücker Gambit"
e4 e5 f4 Qf6 Nc3 Qxf4 d4,"King's Gambit Declined, Norwalde Variation, Schubert Variation"
e4 e5 f4 f5,"King's Gambit Declined, Panteldakis Countergambit"
e4 e5 f4 f5 exf5 Qh4+,"King's Gambit Declined, Panteldakis Countergambit, Greco Variation"
e4 e5 f4 f5 exf5 exf4 Qh5+ g6 fxg6 Qe7+ Kd1,"King's Gambit Declined, Panteldakis Countergambit, Pawn Sacrifice Line"
e4 e5 f4 f5 exf5 Bc5,"King's Gambit Declined, Panteldakis Countergambit, Schiller's Defense"
e4 e5 f4 f5 exf5 exf4 Qh5+ Ke7,"King's Gambit Declined, Panteldakis Countergambit, Shirazi Line"
e4 e5 f4 f5 exf5 exf4 Nf3 d5 d4 Bd6 Bd3,"King's Gambit Declined, Panteldakis Countergambit, Symmetrical Variation"
e4 e5 f4 Nf6,"King's Gambit Declined, Petrov's Defense"
e4 e5 f4 Nc6,"King's Gambit Declined, Queen's Knight Defense"
e4 e5 f4 Bc5 Nf3 g5,"King's Gambit Declined, Senechaud Countergambit"
e4 e5 f4 f6 fxe5 Nc6,"King's Gambit Declined, Soller-Zilbermints Gambit"
e4 e5 f4 g5,"King's Gambit Declined, Zilbermints Double Countergambit"
e4 e5 f4 Nc6 Nf3 g5,"King's Gambit Declined, Zilbermints Double Gambit"
e4 e5 f4 d5,"King's Gambit Declined, Falkbeer Countergambit"
e4 e5 f4 d5 exd5,"King's Gambit Declined, Falkbeer Countergambit Accepted"
e4 e5 f4 d5 exd5 e4 Bb5+,"King's Gambit Declined, Falkbeer Countergambit, Anderssen Attack"
e4 e5 f4 d5 Nf3,"King's Gambit Declined, Falkbeer Countergambit, Blackburne Attack"
e4 e5 f4 d5 exd5 e4 d3,"King's Gambit Declined, Falkbeer Countergambit, Charousek Gambit"
e4 e5 Nc3 Nf6 f4 d5 exd5 e4 d3 Bb4 Bd2 e3,"King's Gambit Declined, Falkbeer Countergambit, Charousek Gambit, Morphy Defense"
e4 e5 f4 d5 d4,"King's Gambit Declined, Falkbeer Countergambit, Hinrichsen Gambit"
e4 e5 f4 d5 exd5 Bc5,"King's Gambit Declined, Falkbeer Countergambit, Miles Gambit"
e4 e5 f4 d5 Nc3,"King's Gambit Declined, Falkbeer Countergambit, Milner-Barry Variation"
e4 e5 f4 d5 exd5 exf4,"King's Gambit Declined, Falkbeer Countergambit, Modern Transfer"
e4 e5 f4 d5 exd5 c6,"King's Gambit Declined, Falkbeer Countergambit, Nimzowitsch-Marshall Countergambit"
e4 e5 f4 d5 exd5 c6 dxc6 Bc5,"King's Gambit Declined, Falkbeer Countergambit, Pickler Gambit"
e4 e5 f4 d5 exd5 e4 Nc3 Nf6 Qe2,"King's Gambit Declined, Falkbeer Countergambit, Rubinstein Variation"
e4 e5 f4 d5 exd5 e4,"King's Gambit Declined, Falkbeer Countergambit, Staunton Line"
e4 e5 f4 d5 Nc3 dxe4 Nxe4,"Van Geet Opening, Grünfeld Defense, Steiner Gambit"
e4 e5 f4 d5 exd5 e4 d3 Nf6 dxe4 Nxe4 Nf3 Bc5 Qe2 Bf2+ Kd1 Qxd5+ Nfd2,"King's Gambit Declined, Falkbeer Countergambit, Alapin Variation"
e4 e5 f4 d5 exd5 e4 d3 Nf6 dxe4 Nxe4 Qe2,"King's Gambit Declined, Falkbeer Countergambit, Charousek Gambit"
e4 e5 f4 d5 exd5 e4 d3 Nf6 dxe4,"King's Gambit Declined, Falkbeer Countergambit, Charousek Gambit Accepted"
e4 e5 f4 d5 exd5 e4 d3 Nf6 Nd2,"King's Gambit Declined, Falkbeer Countergambit, Charousek Gambit, Keres Variation"
e4 e5 f4 d5 exd5 e4 d3 Nf6 dxe4 Nxe4 Nf3 Bc5 Qe2 Bf5,"King's Gambit Declined, Falkbeer Countergambit, Charousek Gambit, Main Line"
e4 e5 f4 d5 exd5 e4 d3 Nf6 Qe2,"King's Gambit Declined, Falkbeer Countergambit, Charousek Gambit, Old Line"
e4 e5 f4 d5 exd5 e4 d3 Nf6 dxe4 Nxe4 Qe2 Qxd5 Nd2 f5 g4,"King's Gambit Declined, Falkbeer Countergambit, Charousek Variation"
e4 e5 f4 d5 exd5 e4 d3 Nf6 dxe4 Nxe4 Nf3 Bc5 Qe2 Bf5 g4 O-O,"King's Gambit Declined, Falkbeer Countergambit, Tarrasch Variation"
e4 e5 f4 exf4,King's Gambit Accepted
e4 e5 f4 exf4 Qe2,"King's Gambit Accepted, Basman Gambit"
e4 e5 f4 exf4 Bc4,"King's Gambit Accepted, Bishop's Gambit"
e4 e5 f4 exf4 Bc4 g5,"King's Gambit Accepted, Bishop's Gambit, Anderssen Defense"
e4 e5 f4 exf4 Bc4 d5 Bxd5 c6,"King's Gambit Accepted, Bishop's Gambit, Anderssen Variation"
e4 e5 f4 exf4 Bc4 d5 Bxd5 Nf6,"King's Gambit Accepted, Bishop's Gambit, Bledow Countergambit"
e4 e5 f4 exf4 Bc4 d5,"King's Gambit Accepted, Bishop's Gambit, Bledow Variation"
e4 e5 f4 exf4 Bc4 Qh4+ Kf1 Nc6,"King's Gambit Accepted, Bishop's Gambit, Boden Variation"
e4 e5 f4 exf4 Bc4 Nf6 Nc3 c6,"King's Gambit Accepted, Bishop's Gambit, Bogoljubow Defense"
e4 e5 f4 exf4 Bc4 Nf6 Nc3,"King's Gambit Accepted, Bishop's Gambit, Bogoljubow Variation"
e4 e5 f4 exf4 Bc4 d5 Bxd5 Qh4+ Kf1 Bd6,"King's Gambit Accepted, Bishop's Gambit, Boren-Svenonius Variation"
e4 e5 f4 exf4 Bc4 Qh4+ Kf1 b5,"King's Gambit Accepted, Bishop's Gambit, Bryan Countergambit"
e4 e5 f4 exf4 Bc4 Qh4+ Kf1 d5 Bxd5 g5 g3,"King's Gambit Accepted, Bishop's Gambit, Chigorin's Attack"
e4 e5 f4 exf4 Bc4 Qh4+ Kf1 Ne7 Nc3 g5 d4 Bg7,"King's Gambit Accepted, Bishop's Gambit, Classical Defense"
e4 e5 f4 exf4 Bc4 Qh4+ Kf1 g5 Qf3,"King's Gambit Accepted, Bishop's Gambit, Classical Defense, Cozio Attack"
e4 e5 f4 exf4 Bc4 Nf6,"King's Gambit Accepted, Bishop's Gambit, Cozio Defense"
e4 e5 f4 exf4 Bc4 Qh4+ Kf1 d6,"King's Gambit Accepted, Bishop's Gambit, Cozio Variation"
e4 e5 f4 exf4 Bc4 Qh4+ Kf1 Nf6,"King's Gambit Accepted, Bishop's Gambit, First Jaenisch Variation"
e4 e5 f4 exf4 Bc4 Qh4+ Kf1 g5 Nc3 Bg7 g3 fxg3 Qf3,"King's Gambit Accepted, Bishop's Gambit, Fraser Variation"
e4 e5 f4 exf4 Bc4 f5,"King's Gambit Accepted, Bishop's Gambit, Gianutio Gambit"
e4 e5 f4 exf4 Bc4 Qh4+ Kf1 Bc5,"King's Gambit Accepted, Bishop's Gambit, Greco Variation"
e4 e5 f4 exf4 Bc4 Qh4+ Kf1 g5 Nc3 Bg7 d4 d6 e5,"King's Gambit Accepted, Bishop's Gambit, Grimm Attack"
e4 e5 f4 exf4 Bc4 b5,"King's Gambit Accepted, Bishop's Gambit, Kieseritzky Gambit"
e4 e5 f4 exf4 Bc4 c6,"King's Gambit Accepted, Bishop's Gambit, Lopez Defense"
e4 e5 f4 exf4 Bc4 Qh4+ Kf1 g5,"King's Gambit Accepted, Bishop's Gambit, Lopez Variation"
e4 e5 f4 exf4 Bc4 Nc6,"King's Gambit Accepted, Bishop's Gambit, Maurian Defense"
e4 e5 f4 exf4 Bc4 Qh4+ Kf1 g5 Nc3 Bg7 d4 Ne7 g3,"King's Gambit Accepted, Bishop's Gambit, McDonnell Attack"
e4 e5 f4 exf4 Bc4 Qh4+ Kf1 g5 Nc3 Bg7 g3,"King's Gambit Accepted, Bishop's Gambit, McDonnell Attack"
e4 e5 f4 exf4 Bc4 Nf6 Nc3 Bb4 e5,"King's Gambit Accepted, Bishop's Gambit, Paulsen Attack"
e4 e5 f4 exf4 Bc4 Ne7,"King's Gambit Accepted, Bishop's Gambit, Steinitz Defense"
e4 e5 f4 exf4 Qf3,"King's Gambit Accepted, Breyer Gambit"
e4 e5 f4 exf4 Qh5,"King's Gambit Accepted, Carrera Gambit"
e4 e5 f4 exf4 Qg4,"King's Gambit Accepted, Dodo Variation"
e4 e5 f4 exf4 Nh3,"King's Gambit Accepted, Eisenberg Variation"
e4 e5 f4 exf4 g3,"King's Gambit Accepted, Gaga Gambit"
e4 e5 f4 exf4 Bc4 f5 Qe2 Qh4+ Kd1 fxe4 Nc3 Kd8,"King's Gambit Accepted, Lopez-Gianutio Countergambit, Hein Variation"
e4 e5 f4 exf4 Nc3,"King's Gambit Accepted, Mason-Keres Gambit"
e4 e5 f4 exf4 b3,"King's Gambit Accepted, Orsini Gambit"
e4 e5 f4 exf4 Ne2,"King's Gambit Accepted, Paris Gambit"
e4 e5 f4 exf4 Bb5,"King's Gambit Accepted, Schurig Gambit, with Bb5"
e4 e5 f4 exf4 Bd3,"King's Gambit Accepted, Schurig Gambit, with Bd3"
e4 e5 f4 exf4 h4,"King's Gambit Accepted, Stamma Gambit"
e4 e5 f4 exf4 Be2,"King's Gambit Accepted, Tartakower Gambit"
e4 e5 f4 exf4 Be2 f5 exf5 d6,"King's Gambit Accepted, Tartakower Gambit, Weiss Defense"
e4 e5 f4 exf4 Kf2,"King's Gambit Accepted, Tumbleweed"
e4 e5 f4 exf4 d4,"King's Gambit Accepted, Villemson Gambit"
e4 e5 f4 exf4 Nf3 h6,"King's Gambit Accepted, Becker Defense"
e4 e5 f4 exf4 Nf3 Ne7,"King's Gambit Accepted, Bonsch-Osmolovsky Variation"
e4 e5 f4 exf4 Nf3 d6,"King's Gambit Accepted, Fischer Defense"
e4 e5 f4 exf4 Nf3 d6 b4,"King's Gambit Accepted, Fischer Defense, Schulder Gambit"
e4 e5 f4 exf4 Nf3 d6 d4 Nf6 Bd3,"King's Gambit Accepted, Fischer Defense, Spanish Variation"
e4 e5 f4 exf4 Nf3 f5,"King's Gambit Accepted, Gianutio Countergambit"
e4 e5 f4 exf4 Nf3 d6 Bc4 h6 d4 g5 h4 Bg7,"King's Gambit Accepted, Greco Gambit"
e4 e5 f4 exf4 Nf3 g5,"King's Gambit Accepted, King's Knight's Gambit"
e4 e5 f4 exf4 Nf3,"King's Gambit Accepted, King's Knight's Gambit"
e4 e5 f4 exf4 Nf3 Nc6,"King's Gambit Accepted, MacLeod Defense"
e4 e5 f4 exf4 Nf3 Nf6,"King's Gambit Accepted, Schallopp Defense"
e4 e5 f4 exf4 Nf3 Nf6 e5 Nh5 g4,"King's Gambit Accepted, Schallopp Defense, Tashkent Attack"
e4 e5 f4 exf4 Nf3 h5,"King's Gambit Accepted, Wagenbach Defense"
e4 e5 f4 exf4 Nf3 Be7,"King's Gambit Accepted, Cunningham Defense"
e4 e5 f4 exf4 Nf3 Be7 Bc4 Bh4+ g3,"King's Gambit Accepted, Cunningham Defense, Bertin Gambit"
e4 e5 f4 exf4 Nf3 Be7 Bc4 Bh4+ g3 fxg3 O-O gxh2+ Kh1,"King's Gambit Accepted, Cunningham Defense, Bertin Gambit"
e4 e5 f4 exf4 Nf3 Be7 Bc4 Nf6,"King's Gambit Accepted, Cunningham Defense, McCormick Defense"
e4 e5 f4 exf4 Nf3 d5 exd5 Nf6,"King's Gambit Accepted, Abbazia Defense"
e4 e5 f4 exf4 Nf3 d5 exd5 Nf6 Bb5+ c6 dxc6 bxc6 Bc4 Nd5,"King's Gambit Accepted, Abbazia Defense, Main Line"
e4 e5 f4 exf4 Nf3 d5,"King's Gambit Accepted, Modern Defense"
e4 e5 f4 exf4 Nf3 d5 exd5,"King's Gambit Accepted, Modern Defense"
e4 e5 f4 exf4 Nf3 g5 Bc4 g4 h4,"King's Gambit Accepted, Australian Gambit"
e4 e5 f4 exf4 Nf3 Nc6 Bc4 g5,"King's Gambit Accepted, Blachly Gambit"
e4 e5 f4 exf4 Nf3 g5 Bc4 g4 O-O gxf3 Qxf3 Qf6 e5 Qxe5 Bxf7+,"King's Gambit Accepted, Double Muzio Gambit"
e4 e5 f4 exf4 Nf3 g5 Bc4 g4 O-O gxf3 Qxf3 Qf6 Nc3 Qd4+ Kh1 Qxc4 Nd5,"King's Gambit Accepted, Double Muzio Gambit, Baldwin Gambit"
e4 e5 f4 exf4 Nf3 g5 Bc4 g4 O-O gxf3 Qxf3 Qf6 Nc3,"King's Gambit Accepted, Double Muzio Gambit, Bello Gambit"
e4 e5 f4 exf4 Nf3 g5 Bc4 g4 O-O gxf3 Qxf3 Qf6 e5 Qxe5 d3 Bh6 Nc3 Ne7 Bd2 Nbc6 Rae1,"King's Gambit Accepted, Double Muzio Gambit, Paulsen Defense"
e4 e5 f4 exf4 Nf3 g5 Bc4 g4 O-O gxf3 Qxf3 Qf6 Bxf7+ Kxf7 d4 Qxd4+ Be3 Qf6 Nc3 fxe3,"King's Gambit Accepted, Double Muzio Gambit, Young Gambit"
e4 e5 f4 exf4 Nf3 g5 Bc4 g4 d4,"King's Gambit Accepted, Ghulam-Kassim Gambit"
e4 e5 f4 exf4 Nf3 g5 Bc4 g4 d4 gxf3 Qxf3,"King's Gambit Accepted, Ghulam-Kassim Gambit"
e4 e5 f4 exf4 Nf3 g5 Bc4,"King's Gambit Accepted, King's Knight's Gambit"
e4 e5 f4 exf4 Nf3 g5 Bc4 g4 d4 gxf3 Bxf4,"King's Gambit Accepted, Kotov Gambit"
e4 e5 f4 exf4 Nf3 g5 Bc4 g4 Bxf7+,"King's Gambit Accepted, Lolli Gambit"
e4 e5 f4 exf4 Nf3 g5 Bc4 g4 Bxf7+ Kxf7 O-O gxf3 Qxf3 Qf6 d4 Qxd4+ Be3 Qf6 Nc3,"King's Gambit Accepted, Lolli Gambit, Young Variation"
e4 e5 f4 exf4 Nf3 g5 Bc4 g4 Nc3,"King's Gambit Accepted, McDonnell Gambit"
e4 e5 f4 exf4 Nf3 g5 Bc4 d6 O-O Bg4 h3 h5 hxg4 hxg4,"King's Gambit Accepted, Middleton Countergambit"
e4 e5 f4 exf4 Nf3 g5 Bc4 g4 O-O gxf3 Qxf3 Qe7,"King's Gambit Accepted, Muzio Gambit Accepted, From's Defense"
e4 e5 f4 exf4 Nf3 g5 Bc4 g4 O-O d5,"King's Gambit Accepted, Muzio Gambit, Brentano Defense"
e4 e5 f4 exf4 Nf3 g5 Bc4 g4 O-O gxf3 Qxf3 Nc6,"King's Gambit Accepted, Muzio Gambit, Holloway Defense"
e4 e5 f4 exf4 Nf3 g5 Bc4 g4 O-O Qe7,"King's Gambit Accepted, Muzio Gambit, Kling and Horwitz Counterattack"
e4 e5 f4 exf4 Nf3 g5 Bc4 g4 O-O gxf3 Qxf3 Qf6,"King's Gambit Accepted, Muzio Gambit, Sarratt Defense"
e4 e5 f4 exf4 Nf3 g5 Bc4 g4 O-O,"King's Gambit Accepted, Muzio Gambit, Wild Muzio Gambit"
e4 e5 f4 exf4 Nf3 g5 Nc3,"King's Gambit Accepted, Quaade Gambit"
e4 e5 f4 exf4 Nf3 g5 d4,"King's Gambit Accepted, Rosentreter Gambit"
e4 e5 f4 exf4 Nf3 g5 d4 g4 Ne5 Qh4+ g3,"King's Gambit Accepted, Rosentreter Gambit, Bird Gambit"
e4 e5 f4 exf4 Nf3 g5 d4 g4 Nc3,"King's Gambit Accepted, Rosentreter Gambit, Sörensen Gambit"
e4 e5 f4 exf4 Nf3 g5 d4 g4 Bxf4,"King's Gambit Accepted, Rosentreter Gambit, Testa Variation"
e4 e5 f4 exf4 Nf3 g5 Bc4 g4 Ne5,"King's Gambit Accepted, Salvio Gambit"
e4 e5 f4 exf4 Nf3 g5 Bc4 g4 Ne5 Qh4+ Kf1 Nh6 d4 d6,"King's Gambit Accepted, Salvio Gambit, Anderssen Counterattack"
e4 e5 f4 exf4 Nf3 g5 Bc4 g4 Ne5 Qh4+ Kf1 f3,"King's Gambit Accepted, Salvio Gambit, Cochrane Gambit"
e4 e5 f4 exf4 Nf3 g5 Bc4 g4 Ne5 Qh4+ Kf1 Nf6,"King's Gambit Accepted, Salvio Gambit, Santa Maria Defense"
e4 e5 f4 exf4 Nf3 g5 Bc4 g4 Ne5 Qh4+ Kf1 Nh6,"King's Gambit Accepted, Salvio Gambit, Silberschmidt Defense"
e4 e5 f4 exf4 Nf3 g5 Bc4 g4 Ne5 Qh4+ Kf1 Nc6,"King's Gambit Accepted, Salvio Gambit, Viennese Variation"
e4 e5 f4 exf4 Nf3 g5 Bc4 g4 Ne5 Qh4+ Kf1 Nh6 d4 f3,"King's Gambit Accepted, Silberschmidt Gambit"
e4 e5 f4 exf4 Nf3 g5 d4 g4 Ne5,"King's Gambit Accepted, Sörensen Gambit"
e4 e5 f4 exf4 Nf3 g5 Bc4 Bg7 h4 h6 d4 d6 Nc3 c6 hxg5 hxg5 Rxh8 Bxh8 Ne5,"King's Gambit Accepted, Greco Gambit"
e4 e5 f4 exf4 Nf3 g5 Bc4 Bg7 O-O,"King's Gambit Accepted, Hanstein Gambit"
e4 e5 f4 exf4 Nf3 g5 Bc4 Bg7 d4 d6 c3,"King's Gambit Accepted, Mayet Gambit"
e4 e5 f4 exf4 Nf3 g5 Bc4 Bg7 h4,"King's Gambit Accepted, Philidor Gambit"
e4 e5 f4 exf4 Nf3 h6 Bc4 d6 d4 g5 h4 Bg7 Qd3,"King's Gambit Accepted, Philidor Gambit, Schultz Variation"
e4 e5 f4 exf4 Nf3 g5 Bc4 Bg7,"King's Gambit Accepted, Traditional Variation"
e4 e5 f4 exf4 Nf3 g5 h4 g4 Ng5,"King's Gambit Accepted, Allgaier Gambit"
e4 e5 f4 exf4 Nf3 g5 h4 g4 Ng5 h6 Nxf7 Kxf7 d4,"King's Gambit Accepted, Allgaier Gambit, Thorold Attack"
e4 e5 f4 exf4 Nf3 g5 h4 g4 Ng5 h6 Nxf7 Kxf7 Bc4+,"King's Gambit Accepted, Allgaier Gambit, Urusov Attack"
e4 e5 f4 exf4 Nf3 g5 h4 g4 Ng5 h6 Nxf7 Kxf7 Nc3,"King's Gambit Accepted, Allgaier, Blackburne Gambit"
e4 e5 f4 exf4 Nf3 g5 h4 g4 Ng5 h6 Nxf7 Kxf7 d4 d5 Bxf4 dxe4 Bc4+ Kg7 Be5+,"King's Gambit Accepted, Allgaier, Cook Variation"
e4 e5 f4 exf4 Nf3 g5 h4 g4 Ng5 h6 Nxf7 Kxf7 Qxg4 Nf6 Qxf4 Bd6,"King's Gambit Accepted, Allgaier, Horny Defense"
e4 e5 f4 exf4 Nf3 g5 h4 g4 Ng5 Nf6,"King's Gambit Accepted, Allgaier, Schlechter Defense"
e4 e5 f4 exf4 Nf3 g5 h4 g4 Ng5 h6 Nxf7 Kxf7 Bc4+ d5 Bxd5+ Kg7 d4,"King's Gambit Accepted, Allgaier, Urusov Attack"
e4 e5 f4 exf4 Nf3 g5 h4 g4 Ne5,"King's Gambit Accepted, Kieseritzky Gambit"
e4 e5 f4 exf4 Nf3 g5 h4 g4 Ne5 Nf6 Bc4 d5 exd5 Bd6,"King's Gambit Accepted, Kieseritzky Gambit, Anderssen Defense"
e4 e5 f4 exf4 Nf3 g5 h4 g4 Ne5 Nf6 Bc4 d5 exd5 Bd6 d4 Nh5 Bxf4 Nxf4,"King's Gambit Accepted, Kieseritzky Gambit, Anderssen-Cordel Gambit"
e4 e5 f4 exf4 Nf3 g5 h4 g4 Ne5 Nf6,"King's Gambit Accepted, Kieseritzky Gambit, Berlin Defense"
e4 e5 f4 exf4 Nf3 g5 h4 g4 Ne5 Nf6 d4,"King's Gambit Accepted, Kieseritzky Gambit, Berlin Defense, Rubinstein Variation"
e4 e5 f4 exf4 Nf3 g5 h4 g4 Ne5 Nf6 Nxg4 d5,"King's Gambit Accepted, Kieseritzky Gambit, Berlin Defense, de Riviere Variation"
e4 e5 f4 exf4 Nf3 g5 h4 g4 Ne5 d5,"King's Gambit Accepted, Kieseritzky Gambit, Brentano Defense"
e4 e5 f4 exf4 Nf3 g5 h4 g4 Ne5 d5 d4 Nf6 Bxf4,"King's Gambit Accepted, Kieseritzky Gambit, Brentano Defense"
e4 e5 f4 exf4 Nf3 g5 h4 g4 Ne5 d5 d4 Nf6 Bxf4 Nxe4 Nd2,"King's Gambit Accepted, Kieseritzky Gambit, Brentano Defense, Caro Variation"
e4 e5 f4 exf4 Nf3 g5 h4 g4 Ng5 h6 Nxf7,"King's Gambit Accepted, Kieseritzky Gambit, Cotter Gambit"
e4 e5 f4 exf4 Nf3 g5 h4 g4 Ne5 d6,"King's Gambit Accepted, Kieseritzky Gambit, Kolisch Defense"
e4 e5 f4 exf4 Nf3 g5 h4 g4 Ne5 h5,"King's Gambit Accepted, Kieseritzky Gambit, Long Whip"
e4 e5 f4 exf4 Nf3 g5 h4 g4 Ne5 Nc6,"King's Gambit Accepted, Kieseritzky Gambit, Neumann Defense"
e4 e5 f4 exf4 Nf3 g5 h4 g4 Ne5 Bg7,"King's Gambit Accepted, Kieseritzky Gambit, Paulsen Defense"
e4 e5 f4 exf4 Nf3 g5 h4 g4 Ne5 Nf6 Bc4 d5 exd5 Bg7,"King's Gambit Accepted, Kieseritzky Gambit, Paulsen Defense Deferred"
e4 e5 f4 exf4 Nf3 g5 h4 g4 Ne5 Nf6 Bc4 d5 exd5 Bd6 O-O Bxe5,"King's Gambit Accepted, Kieseritzky Gambit, Rice Gambit"
e4 e5 f4 exf4 Nf3 g5 h4 g4 Ne5 Qe7,"King's Gambit Accepted, Kieseritzky Gambit, Rosenthal Defense"
e4 e5 f4 exf4 Nf3 g5 h4 g4 Ne5 h5 Bc4 Rh7 d4 Bh6 Nc3,"King's Gambit Accepted, Kieseritzky, Long Whip Defense, Jaenisch Variation"
e4 e5 f4 exf4 Nf3 g5 h4 g4 Ne5 Be7,"King's Gambit Accepted, Kieseritzky, Polerio Defense"
e4 e5 f4 exf4 Nf3 g5 h4 g4 Ne5 Nf6 Bc4 d5 exd5 Bd6 O-O,"King's Gambit Accepted, Kieseritzky, Rice Gambit"
e4 e5 f4 exf4 Nf3 g5 h4 g4 Ne5 Qe7 d4 f5 Bc4,"King's Gambit Accepted, Kieseritzky, Salvio Defense, Cozio Variation"
e4 e5 f4 exf4 Nf3 g5 h4,"King's Gambit Accepted, King's Knight's Gambit"
e4 e5 Nf3 d5,Elephant Gambit
e4 e5 Nf3 d5 exd5 Bd6,"Elephant Gambit, Maróczy Gambit"
e4 e5 Nf3 d5 exd5 e4,"Elephant Gambit, Paulsen Countergambit"
e4 e5 Nf3 d5 Nxe5 dxe4 Bc4 Qg5,"Elephant Gambit, Wasp Variation"
e4 e5 Nf3 Qe7,Gunderam Defense
e4 e5 Nf3,King's Knight Opening
e4 e5 Nf3 Bc5,"King's Pawn Game, Busch-Gass Gambit"
e4 e5 Nf3 Bc5 Nxe5 Nc6,"King's Pawn Game, Busch-Gass Gambit, Chiodini Gambit"
e4 e5 Nf3 f6,"King's Pawn Game, Damiano Defense"
e4 e5 Nf3 f6 Nxe5 fxe5 Qh5+ g6 Qxe5+ Qe7 Qxh8,"King's Pawn Game, Damiano Defense, Damiano Gambit"
e4 e5 Nf3 f6 Nxe5 Qe7 Nf3 d5,"King's Pawn Game, Damiano Defense, Damiano Gambit, Chigorin Gambit"
e4 e5 Nf3 Qe7 Bc4 f5,"King's Pawn Game, Gunderam Defense, Gunderam Gambit"
e4 e5 Nf3 c6,"King's Pawn Game, Gunderam Gambit"
e4 e5 Nf3 Qf6 Bc4 Qg6 O-O,"King's Pawn Game, La Bourdonnais Gambit"
e4 e5 Nf3 Qf6,"King's Pawn Game, McConnell Defense"
e4 e5 Nf3 f5,Latvian Gambit
e4 e5 Nf3 f5 exf5,Latvian Gambit Accepted
e4 e5 Nf3 f5 Nxe5 Qf6 d4 d6 Nc4,"Latvian Gambit Accepted, Bilguer Variation"
e4 e5 Nf3 f5 Nxe5 Qf6 d4 d6 Nc4 fxe4 Be2,"Latvian Gambit Accepted, Bronstein Attack"
e4 e5 Nf3 f5 Nxe5 Qf6 d4 d6 Nc4 fxe4 Qh5+ g6 Qe2,"Latvian Gambit Accepted, Bronstein Gambit"
e4 e5 Nf3 f5 Nxe5 Qf6 Nc4 fxe4 d3,"Latvian Gambit Accepted, Foltys Variation"
e4 e5 Nf3 f5 Nxe5 Qf6 Nc4,"Latvian Gambit Accepted, Foltys-Leonhardt Variation"
e4 e5 Nf3 f5 Nxe5 Qf6 Nc4 fxe4 Nc3,"Latvian Gambit Accepted, Leonhardt Variation"
e4 e5 Nf3 f5 Nxe5 Qf6 d4,"Latvian Gambit Accepted, Main Line"
e4 e5 Nf3 f5 Nxe5 Qf6 d4 d6 Nc4 fxe4 Ne3,"Latvian Gambit Accepted, Nimzowitsch Attack"
e4 e5 Nf3 f5 Bc4 fxe4 Nxe5 Qg5 Nf7 Qxg2 Rf1 d5 Nxh8 Nf6,"Latvian Gambit, Behting Variation"
e4 e5 Nf3 f5 Bc4 fxe4 Nxe5 Nf6,"Latvian Gambit, Corkscrew Countergambit"
e4 e5 Nf3 f5 Nxe5 Nf6 Bc4 fxe4 Nf7 Qe7 Nxh8 d5,"Latvian Gambit, Corkscrew Gambit"
e4 e5 Nf3 f5 c4,"Latvian Gambit, Diepstraten Countergambit"
e4 e5 Nf3 f5 Nxe5 Nc6,"Latvian Gambit, Fraser Defense"
e4 e5 Nf3 f5 Nxe5 Qe7,"Latvian Gambit, Greco Variation"
e4 e5 Nf3 f5 g4,"Latvian Gambit, Lobster Gambit"
e4 e5 Nf3 f5 d4,"Latvian Gambit, Mason Countergambit"
e4 e5 Nf3 f5 Bc4,"Latvian Gambit, Mayet Attack"
e4 e5 Nf3 f5 Bc4 Nf6,"Latvian Gambit, Mayet Attack, Morgado Defense"
e4 e5 Nf3 f5 Bc4 fxe4 Nxe5 Qg5 d4 Qxg2,"Latvian Gambit, Mayet Attack, Poisoned Pawn Variation"
e4 e5 Nf3 f5 Bc4 fxe4 Nxe5 d5,"Latvian Gambit, Mayet Attack, Polerio-Svedenborg Variation"
e4 e5 Nf3 f5 Bc4 b5,"Latvian Gambit, Mayet Attack, Strautins Gambit"
e4 e5 Nf3 f5 Nc3,"Latvian Gambit, Mlotkowski Variation"
e4 e5 Nf3 f5 b4,"Latvian Gambit, Senechaud Gambit"
e4 e5 Nf3 d6,Philidor Defense
e4 e5 Nf3 d6 d4,Philidor Defense
e4 e5 Nf3 d6 Bc4,Philidor Defense
e4 e5 Nf3 d6 Bc4 Be7,Philidor Defense
e4 e5 Nf3 d6 d4 Bg4 dxe5 Nd7,"Philidor Defense, Albin-Blackburne Gambit"
e4 e5 Nf3 d6 d4 exd4 Nxd4 Nf6 Nc3 Be7 Be2 O-O O-O c5 Nf3 Nc6 Bg5 Be6 Re1,"Philidor Defense, Berger Variation"
e4 e5 Nf3 d6 d4 exd4 c3,"Philidor Defense, Bird Gambit"
e4 e5 Nf3 d6 d4 exd4 Qxd4 Bd7,"Philidor Defense, Boden Variation"
e4 e5 Nf3 d6 d4 exd4,"Philidor Defense, Exchange Variation"
e4 e5 Nf3 d6 d4 exd4 Nxd4,"Philidor Defense, Exchange Variation"
e4 e5 Nf3 d6 d4 exd4 Nxd4 Nf6,"Philidor Defense, Exchange Variation"
e4 e5 Nf3 d6 d4 Nd7,"Philidor Defense, Hanham Variation"
e4 e5 Nf3 d6 d4 Nd7 Bc4 c6 c3,"Philidor Defense, Hanham Variation, Delmar Variation"
e4 e5 Nf3 d6 d4 Nd7 Bc4 c6 O-O,"Philidor Defense, Hanham Variation, Krause Variation"
e4 e5 Nf3 d6 d4 Nd7 Bc4 c6 Nc3,"Philidor Defense, Hanham Variation, Schlechter Variation"
e4 e5 Nf3 d6 d4 Nd7 Bc4 Nb6,"Philidor Defense, Hanham Variation, Sharp Variation"
e4 e5 Nf3 d6 d4 Nd7 Bc4 c6 O-O Be7 dxe5,"Philidor Defense, Hanham Variation, Steiner Variation"
e4 e5 Nf3 d6 d4 Nd7 Bc4 c6 Ng5,"Philidor Defense, Hanham, Kmoch Variation"
e4 e5 Nf3 d6 d4 exd4 Nxd4 g6,"Philidor Defense, Larsen Variation"
e4 e5 Nf3 d6 d4 Nf6 Nc3 Nbd7,"Philidor Defense, Lion Variation"
e4 e5 Nf3 d6 d4 Nf6 Nc3 Nbd7 Bc4 Be7 Bxf7+,"Philidor Defense, Lion Variation, Bishop Sacrifice"
e4 d6 d4 Nf6 Nc3 Nbd7 Nf3 e5 Bc4 Be7 dxe5 dxe5 Bxf7+,"Philidor Defense, Lion Variation, Delayed Bishop Sacrifice"
e4 e5 Nf3 d6 d4 Nf6 Nc3 Nbd7 Bc4 Be7 Ng5 O-O Bxf7+ Rxf7 Ne6,"Philidor Defense, Lion Variation, Forcing Line"
e4 e5 Nf3 d6 d4 Nf6 Nc3 Nbd7 Bc4 Be7 O-O h6,"Philidor Defense, Lion Variation, Lion's Claw, with Bc4 and h6"
e4 e5 Nf3 d6 d4 Nf6 Nc3 Nbd7 Be2 Be7 O-O c6,"Philidor Defense, Lion Variation, Lion's Claw, with Be2 and c6"
e4 e5 Nf3 d6 d4 Nd7 Nc3 Ngf6 g4,"Philidor Defense, Lion Variation, Shirov Gambit"
e4 d6 d4 Nf6 Nc3 e5 Nf3 Nbd7 Bc4 Be7 O-O O-O Qe2 c6 a4 exd4,"Philidor Defense, Lion Variation, Sozin Variation"
e4 e5 Nf3 d6 Bc4 f5,"Philidor Defense, Lopez Countergambit"
e4 e5 Nf3 d6 d4 f5 Bc4 exd4 Ng5 Nh6 Nxh7,"Philidor Defense, Lopez Countergambit, Jaenisch Variation"
e4 e5 Nf3 d6 d4 exd4 Bc4,"Philidor Defense, Morphy Gambit"
e4 e5 Nf3 d6 d4 Nf6,"Philidor Defense, Nimzowitsch Variation"
e4 e5 Nf3 d6 d4 Nf6 dxe5,"Philidor Defense, Nimzowitsch Variation"
e4 e5 Nf3 d6 d4 Nf6 Bc4,"Philidor Defense, Nimzowitsch Variation, Klein Variation"
e4 e5 Nf3 d6 d4 Nf6 dxe5 Nxe4 Qd5,"Philidor Defense, Nimzowitsch Variation, Rellstab Variation"
e4 e5 Nf3 d6 d4 Nf6 dxe5 Nxe4 Nbd2,"Philidor Defense, Nimzowitsch Variation, Sokolsky Variation"
e4 e5 Nf3 d6 d4 Nf6 Nc3 Nbd7 Bc4 Be7 Ng5 O-O Bxf7+,"Philidor Defense, Nimzowitsch, Larobok Variation"
e4 e5 Nf3 d6 d4 Nf6 Ng5,"Philidor Defense, Nimzowitsch, Locock Variation"
e4 e5 Nf3 d6 d4 exd4 Nxd4 d5 exd5,"Philidor Defense, Paulsen Attack"
e4 e5 Nf3 d6 d4 f5,"Philidor Defense, Philidor Countergambit"
e4 e5 Nf3 d6 d4 f5 dxe5 fxe4 Ng5 d5 e6 Bc5 Nc3,"Philidor Defense, Philidor Countergambit, Berger Variation"
e4 e5 Nf3 d6 d4 f5 Nc3,"Philidor Defense, Philidor Countergambit, Zukertort Variation"
e4 e5 Nf3 d6 d4 f5 dxe5 fxe4 Ng5 d5 e6,"Philidor Defense, Philidor Countergambit, del Rio Attack"
e4 e5 Nf3 d6 d4 Bd7,"Philidor Defense, Philidor Gambit"
e4 e5 Nf3 d6 Bc4 Be7 c3,"Philidor Defense, Steinitz Variation"
e4 e5 Nf3 Nf6,Petrov's Defense
e4 e5 Nf3 Nf6 Nxe5,Petrov's Defense
e4 e5 Nf3 Nf6 Nxe5 d6,Petrov's Defense
e4 e5 Nf3 Nf6 Nxe5 d6 Nf3,Petrov's Defense
e4 e5 Nf3 Nf6 Nxe5 d6 Nf3 Nxe4,Petrov's Defense
e4 e5 Nf3 Nf6 Nxe5 d6 Nf3 Nxe4 d4,"Petrov's Defense, Classical Attack"
e4 e5 Nf3 Nf6 Nxe5 d6 Nf3 Nxe4 d4 d5 Bd3 Be7 O-O Nc6 Re1 Bg4 c3 f5 Nbd2,"Petrov's Defense, Classical Attack, Berger Variation"
e4 e5 Nf3 Nf6 Nxe5 d6 Nf3 Nxe4 d4 d5 Bd3 Be7 O-O Nc6 Re1,"Petrov's Defense, Classical Attack, Chigorin Variation"
e4 e5 Nf3 Nf6 Nxe5 d6 Nf3 Nxe4 d4 d5 Bd3 Nc6 O-O Be7 c4 Nb4 cxd5,"Petrov's Defense, Classical Attack, Chigorin Variation, Browne Attack"
e4 e5 Nf3 Nf6 Nxe5 d6 Nf3 Nxe4 d4 d5 Bd3 Nc6 O-O Be7 c4 Nb4 Be2,"Petrov's Defense, Classical Attack, Chigorin Variation, Main Line"
e4 e5 Nf3 Nf6 Nxe5 d6 Nf3 Nxe4 d4 Nf6,"Petrov's Defense, Classical Attack, Closed Variation"
e4 e5 Nf3 Nf6 Nxe5 d6 Nf3 Nxe4 d4 d5 Bd3 Nc6 O-O Be7 c4,"Petrov's Defense, Classical Attack, Jaenisch Variation"
e4 e5 Nf3 Nf6 Nxe5 d6 Nf3 Nxe4 d4 d5 Bd3 Nc6 O-O Be7 Re1 Bg4 c3 f5 c4,"Petrov's Defense, Classical Attack, Krause Variation"
e4 e5 Nf3 Nf6 Nxe5 d6 Nf3 Nxe4 d4 d5 Bd3 Bd6 O-O O-O c4 Bg4 cxd5 f5 Re1 Bxh2+,"Petrov's Defense, Classical Attack, Marshall Trap"
e4 e5 Nf3 Nf6 Nxe5 d6 Nf3 Nxe4 d4 d5 Bd3 Bd6,"Petrov's Defense, Classical Attack, Marshall Variation"
e4 e5 Nf3 Nf6 Nxe5 d6 Nf3 Nxe4 d4 d5 Bd3 Bd6 O-O O-O c4 c6 Re1 Bg4,"Petrov's Defense, Classical Attack, Marshall Variation, Chinese Gambit"
e4 e5 Nf3 Nf6 Nxe5 d6 Nf3 Nxe4 d4 d5 Bd3 Be7 O-O Nc6 Re1 Bg4 c3 f5 c4 Bh4,"Petrov's Defense, Classical Attack, Maróczy Variation"
e4 e5 Nf3 Nf6 Nxe5 d6 Nf3 Nxe4 d4 d5 Bd3 Be7 O-O O-O,"Petrov's Defense, Classical Attack, Mason Variation"
e4 e5 Nf3 Nf6 Nxe5 d6 Nf3 Nxe4 d4 d5 Bd3 Nc6,"Petrov's Defense, Classical Attack, Mason-Showalter Variation"
e4 e5 Nf3 Nf6 Nxe5 d6 Nf3 Nxe4 d4 d5 Bd3 Bd6 O-O O-O c4 c6,"Petrov's Defense, Classical Attack, Staunton Variation"
e4 e5 Nf3 Nf6 Nxe5 d6 Nf3 Nxe4 d4 d5 Bd3 Bd6 O-O O-O c4 Bg4,"Petrov's Defense, Classical Attack, Tarrasch Variation"
e4 e5 Nf3 Nf6 Nxe5 d6 Nxf7,"Petrov's Defense, Cochrane Gambit"
e4 e5 Nf3 Nf6 Nxe5 d6 Nxf7 Kxf7 Bc4+,"Petrov's Defense, Cochrane Gambit, Bishop Check Line"
e4 e5 Nf3 Nf6 Nxe5 d6 Nxf7 Kxf7 d4,"Petrov's Defense, Cochrane Gambit, Center Variation"
e4 e5 Nf3 Nf6 Nxe5 d6 Nf3 Nxe4 Qe2,"Petrov's Defense, Cozio Attack"
e4 e5 Nf3 Nf6 Nxe5 Nxe4,"Petrov's Defense, Damiano Variation"
e4 e5 Nf3 Nf6 Nxe5 Nxe4 Qe2 Qe7,"Petrov's Defense, Damiano Variation, Kholmov Gambit"
e4 e5 Nf3 Nf6 Nxe5 d6 Nf3 Nxe4 d3,"Petrov's Defense, French Attack"
e4 e5 Nf3 Nf6 Bc4,"Petrov's Defense, Italian Variation"
e4 e5 Nf3 Nf6 Nxe5 d6 Nd3,"Petrov's Defense, Karklins-Martinovsky Variation"
e4 e5 Nf3 Nf6 Nxe5 d6 Nf3 Nxe4 c4,"Petrov's Defense, Kaufmann Attack"
e4 e5 Nf3 Nf6 Nxe5 d6 Nf3 Nxe4 Bd3,"Petrov's Defense, Millennium Attack"
e4 e5 Nf3 Nf6 Qe2 Nc6 d4,"Petrov's Defense, Moody Gambit"
e4 e5 Nf3 Nf6 Nxe5 d6 Nf3 Nxe4 Nc3,"Petrov's Defense, Nimzowitsch Attack"
e4 e5 Nf3 Nf6 Nxe5 d6 Nc4,"Petrov's Defense, Paulsen Attack"
e4 e5 Nf3 Nf6 Nxe5 Nc6,"Petrov's Defense, Stafford Gambit"
e4 e5 Nf3 Nf6 Nxe5 Nc6 Nxc6 dxc6,"Petrov's Defense, Stafford Gambit Accepted"
e4 e5 Nf3 Nf6 Nxe5 Nc6 Nxc6 dxc6 Nc3 Bc5,"Petrov's Defense, Stafford Gambit Accepted"
e4 e5 Nf3 Nf6 Nxe5 Nc6 Nxc6 dxc6 d3 Bc5,"Petrov's Defense, Stafford Gambit Accepted"
e4 e5 Nf3 Nf6 Nc3,"Petrov's Defense, Three Knights Game"
e4 e5 Bc4 Nf6 d4 exd4 Nf3,"Bishop's Opening, Urusov Gambit"
e4 e5 Bc4 Nf6 d4 exd4 Nf3 Nxe4 Qxd4,"Bishop's Opening, Urusov Gambit, Keidansky Gambit"
e4 e5 Nf3 Nf6 d4,"Petrov's Defense, Modern Attack"
e4 e5 Nf3 Nf6 d4 exd4,"Petrov's Defense, Modern Attack"
e4 e5 Nf3 Nf6 d4 exd4 e5 Ne4 Qe2 Nc5 Nxd4 Nc6,"Petrov's Defense, Modern Attack, Bardeleben Variation"
e4 e5 Nf3 Nf6 d4 exd4 e5 Ne4 Qxd4,"Petrov's Defense, Modern Attack, Center Attack"
e4 e5 Nf3 Nf6 d4 Nxe4 Bd3,"Petrov's Defense, Modern Attack, Center Variation"
e4 e5 Nf3 Nf6 d4 Nxe4 Bd3 Nc6,"Petrov's Defense, Modern Attack, Murrey Variation"
e4 e5 Nf3 Nf6 d4 exd4 e5 Ne4 Qe2,"Petrov's Defense, Modern Attack, Steinitz Variation"
e4 e5 Nf3 Nf6 d4 d5,"Petrov's Defense, Modern Attack, Symmetrical Variation"
e4 e5 Nf3 Nf6 d4 exd4 e5 Ne4 Bb5,"Petrov's Defense, Modern Attack, Tal Gambit"
e4 e5 Nf3 Nf6 d4 Nxe4 Bd3 d5 Nxe5 Bd6 O-O O-O c4 Bxe5,"Petrov's Defense, Modern Attack, Trifunovic Variation"
e4 e5 Nf3 Nc6 c4 Nf6 Nxe5,"Dresden Opening, The Goblin"
e4 e5 Nf3 Nc6 Nxe5,Irish Gambit
e4 e5 Nf3 Nc6 g3,"King's Knight Opening, Konstantinopolsky"
e4 e5 Nf3 Nc6,"King's Knight Opening, Normal Variation"
e4 e5 Nf3 Nc6 c4,"King's Pawn Game, Dresden Opening"
e4 e5 Nf3 Nc6 b4,"King's Pawn Game, Pachman Wing Gambit"
e4 e5 Nf3 Nc6 Nxe5 Nxe5 d4,"King's Pawn Game, Schulze-Müller Gambit"
e4 e5 Nf3 Nc6 Be2,"King's Pawn Game, Tayler Opening"
e4 e5 Nf3 Nc6 Be2 Nf6 d4,"King's Pawn Game, Tayler Opening"
e4 e5 Nf3 Nc6 Be2 Nf6 d4 exd4 e5,"King's Pawn Game, Tayler Opening, Basman Gambit"
e4 e5 Nf3 Nc6 Be2 Nf6 d3 d5 Nbd2,"King's Pawn Game, Tayler Opening, Inverted Hanham"
e4 e5 Nf3 Nc6 d3 f5 exf5,"Latvian Gambit, Clam Gambit"
e4 e5 Nf3 Nc6 c3,Ponziani Opening
e4 e5 Nf3 Nc6 c3 d5 Qa4 Bd7,"Ponziani Opening, Caro Gambit"
e4 e5 Nf3 Nc6 c3 Nf6,"Ponziani Opening, Jaenisch Counterattack"
e4 e5 Nf3 Nc6 c3 Nf6 d3,"Ponziani Opening, Jaenisch Counterattack"
e4 e5 Nf3 Nc6 c3 Nf6 d3 d5,"Ponziani Opening, Jaenisch Counterattack"
e4 e5 Nf3 Nc6 c3 Nf6 d3 d5 Nbd2,"Ponziani Opening, Jaenisch Counterattack"
e4 e5 Nf3 Nc6 c3 d5 Qa4 Nf6,"Ponziani Opening, Leonhardt Variation"
e4 e5 Nf3 Nc6 c3 Nf6 Bc4,"Ponziani Opening, Neumann Gambit"
e4 e5 Nf3 Nc6 c3 f5,"Ponziani Opening, Ponziani Countergambit"
e4 e5 Nf3 Nc6 c3 f5 d4 d6 d5,"Ponziani Opening, Ponziani Countergambit, Schmidt Attack"
e4 e5 Nf3 Nc6 c3 Be7,"Ponziani Opening, Romanishin Variation"
e4 e5 Nf3 Nc6 c3 Nge7,"Ponziani Opening, Réti Variation"
e4 e5 Nf3 Nc6 c3 d5 Bb5,"Ponziani Opening, Spanish Variation"
e4 e5 Nf3 Nc6 c3 d5 Bb5 dxe4 Nxe5 Qd5 Qa4,"Ponziani Opening, Spanish Variation, Harrwitz Attack, Nikitin Gambit"
e4 e5 Nf3 Nc6 c3 d5 Qa4 f6,"Ponziani Opening, Steinitz Variation"
e4 e5 Nf3 Nc6 c3 Nf6 d4 Nxe4 d5 Bc5,"Ponziani Opening, Vukovic Gambit"
e4 e5 Nf3 Nc6 d4,Scotch Game
e4 e5 Nf3 Nc6 d4 exd4,Scotch Game
e4 e5 Nf3 Nc6 Bc4 Be7 d4 exd4,"Scotch Game, Benima Defense"
e4 e5 Nf3 Nc6 d4 exd4 Bc4 Bb4+ c3 dxc3 bxc3 Ba5 e5,"Scotch Game, Cochrane Variation"
e4 e5 Nf3 Nc6 d4 exd4 Bc4 Bc5 Ng5 Nh6 Nxf7 Nxf7 Bxf7+ Kxf7 Qh5+ g6 Qxc5 d5,"Scotch Game, Cochrane-Shumov Defense"
e4 e5 Nf3 Nc6 d4 exd4 c3,"Scotch Game, Göring Gambit"
e4 e5 Nf3 Nc6 d4 exd4 c3 dxc3 Bc4 Nf6 Nxc3 Bb4,"Scotch Game, Göring Gambit, Bardeleben Variation"
e4 e5 Nf3 Nc6 d4 exd4 c3 dxc3 Bc4,"Scotch Game, Göring Gambit, Double Pawn Sacrifice"
e4 e5 Nf3 Nc6 d4 exd4 c3 dxc3 Nxc3 Bb4,"Scotch Game, Göring Gambit, Main Line"
e4 e5 Nf3 Nc6 d4 exd4 Bc4 Bb4+ c3 dxc3 O-O cxb2 Bxb2 Nf6 Ng5 O-O e5 Nxe5,"Scotch Game, Hanneken Variation"
e4 e5 Nf3 Nc6 d4 exd4 Bc4 Bc5,"Scotch Game, Haxo Gambit"
e4 e5 Nf3 Nc6 d4 Nxd4,"Scotch Game, Lolli Variation"
e4 e5 Nf3 Nc6 d4 Nxd4 Nxd4 exd4 Qxd4,"Scotch Game, Lolli Variation"
e4 e5 Nf3 Nc6 d4 Nxd4 Nxd4 exd4 Bc4,"Scotch Game, Napoleon Gambit"
e4 e5 Nf3 Nc6 d4 exd4 Bb5,"Scotch Game, Relfsson Gambit"
e4 e5 Nf3 Nc6 d4 exd4 Bc4,"Scotch Game, Scotch Gambit"
e4 e5 Nf3 Nc6 d4 exd4 Bc4 Nf6 e5,"Scotch Game, Scotch Gambit, Advance Variation"
e4 e5 Nf3 Nc6 d4 exd4 Bc4 Bc5 O-O d6 c3 Bg4,"Scotch Game, Scotch Gambit, Cochrane-Anderssen Variation"
e4 e5 Nf3 Nc6 Bc4 Nf6 d4 exd4,"Scotch Game, Scotch Gambit, Dubois Réti Defense"
e4 e5 Nf3 Nc6 d4 exd4 c3 d5,"Scotch Game, Scotch Gambit, Göring Gambit Declined"
e4 e5 Nf3 Nc6 Bc4 Nf6 d4 exd4 e5 Ng4,"Scotch Game, Scotch Gambit, Kingside Variation"
e4 e5 Nf3 Nc6 d4 exd4 Bc4 Bb4+,"Scotch Game, Scotch Gambit, London Defense"
e4 e5 Nf3 Nc6 d4 exd4 Bc4 Bc5 Ng5,"Scotch Game, Scotch Gambit, Sarratt Variation"
e4 e5 Nf3 Nc6 d4 exd4 c3 dxc3 Nxc3 d6 Bc4 Bg4 O-O Ne5 Nxe5 Bxd1 Bxf7+ Ke7 Nd5#,"Scotch Game, Sea-Cadet Mate"
e4 e5 Nf3 Nc6 d4 exd4 Bc4 Bc5 Ng5 Nh6 Qh5,"Scotch Game, Vitzthum Attack"
e4 e5 Nf3 Nc6 d4 exd4 Nxd4,Scotch Game
e4 e5 Nf3 Nc6 d4 exd4 Nxd4 Qh4 Nb5 Bb4+ Bd2,Scotch Game
e4 e5 Nf3 Nc6 d4 exd4 Nxd4 Nf6 e5,"Scotch Game, Alekhine Gambit"
e4 e5 Nf3 Nc6 d4 exd4 Nxd4 Bc5 Be3 Qf6 Nb5,"Scotch Game, Blumenfeld Attack"
e4 e5 Nf3 Nc6 d4 exd4 Nxd4 Qh4 Be3,"Scotch Game, Braune Variation"
e4 e5 Nf3 Nc6 d4 exd4 Nxd4 Bc5,"Scotch Game, Classical Variation"
e4 e5 Nf3 Nc6 d4 exd4 Nxd4 Bc5 Be3 Qf6 c3 Nge7 Qd2,"Scotch Game, Classical Variation, Blackburne Attack"
e4 e5 Nf3 Nc6 d4 exd4 Nxd4 Bc5 Nxc6 Qf6,"Scotch Game, Classical Variation, Intermezzo Variation"
e4 e5 Nf3 Nc6 d4 exd4 Nxd4 Bc5 Be3 Qf6 c3 Qg6,"Scotch Game, Classical Variation, Millennium Variation"
e4 e5 Nf3 Nc6 d4 exd4 Nxd4 Qh4 Nf3,"Scotch Game, Fraser Variation"
e4 e5 Nf3 Nc6 d4 exd4 Nxd4 Nxd4 Qxd4 d6 Bd3,"Scotch Game, Ghulam-Kassim Variation"
e4 e5 Nf3 Nc6 d4 exd4 Nxd4 Bc5 Be3 Qf6 c3 Nge7 Qd2 d5 Nb5 Bxe3 Qxe3 O-O Nxc7 Rb8 Nxd5 Nxd5 exd5 Nb4,"Scotch Game, Gottschall Variation"
e4 e5 Nf3 Nc6 d4 exd4 Nxd4 Qh4 Nb5,"Scotch Game, Horwitz Attack"
e4 e5 Nf3 Nc6 d4 exd4 Nxd4 Qh4 Nb5 Bb4+ Bd2 Qxe4+ Be2 Kd8 O-O Bxd2 Qxd2,"Scotch Game, Horwitz Attack, Blackburne Variation"
e4 e5 Nf3 Nc6 d4 exd4 Nxd4 Bb4+,"Scotch Game, Malaniuk Variation"
e4 e5 Nf3 Nc6 d4 exd4 Nxd4 Bc5 Be3 Qf6 c3 Nge7 Nc2,"Scotch Game, Meitner Variation"
e4 e5 Nf3 Nc6 d4 exd4 Nxd4 Nf6 Nxc6 bxc6 e5,"Scotch Game, Mieses Variation"
e4 e5 Nf3 Nc6 d4 exd4 Nxd4 Qh4 Nc3 Bb4,"Scotch Game, Modern Defense"
e4 e5 Nf3 Nc6 d4 exd4 Nxd4 Bc5 Be3 Qf6 c3 Nge7 Bb5,"Scotch Game, Paulsen Attack"
e4 e5 Nf3 Nc6 d4 exd4 Nxd4 Qh4 Nf5,"Scotch Game, Paulsen Variation"
e4 e5 Nf3 Nc6 d4 exd4 Nxd4 Bc5 Be3 Qf6 c3 Nge7 Bb5 Nd8,"Scotch Game, Paulsen, Gunsberg Defense"
e4 e5 Nf3 Nc6 d4 exd4 Nxd4 Bc5 Nb3,"Scotch Game, Potter Variation"
e4 e5 Nf3 Nc6 d4 exd4 Nxd4 Bc5 Nb3 Bb4+,"Scotch Game, Romanishin Variation"
e4 e5 Nf3 Nc6 d4 exd4 Nxd4 Qh4 Nb5 Bb4+ Bd2 Qxe4+ Be2 Kd8 O-O Bxd2 Nxd2 Qg6,"Scotch Game, Rosenthal Variation"
e4 e5 Nf3 Nc6 d4 exd4 Nxd4 Nf6,"Scotch Game, Schmidt Variation"
e4 e5 Nf3 Nc6 d4 exd4 Nxd4 Qh4,"Scotch Game, Steinitz Variation"
e4 e5 Nf3 Nc6 d4 exd4 Nxd4 Qh4 Nc3,"Scotch Game, Steinitz Variation"
e4 e5 Nf3 Nc6 d4 exd4 Nxd4 Nf6 Nxc6 bxc6 Nd2,"Scotch Game, Tartakower Variation"
e4 e5 Nf3 Nc6 Nc3,Three Knights Opening
e4 e5 Nf3 Nc6 Nc3 Bb4,Three Knights Opening
e4 e5 Nf3 Nc6 Nc3 Bb4 Nd5 Nf6,"Three Knights Opening, Schlechter Variation"
e4 e5 Nf3 Nc6 Nc3 g6,"Three Knights Opening, Steinitz Defense"
e4 e5 Nf3 Nc6 Nc3 g6 d4 exd4 Nd5,"Three Knights Opening, Steinitz-Rosenthal Variation"
e4 e5 Nf3 Nc6 Nc3 f5,"Three Knights Opening, Winawer Defense"
e4 e5 Nf3 Nc6 Nc3 Nf6,Four Knights Game
e4 e5 Nf3 Nc6 Nc3 Nf6 g3,"Four Knights Game, Glek System"
e4 e5 Nf3 Nc6 Nc3 Nf6 g3 d5 exd5 Nxd5 Bg2 Nxc3 bxc3,"Four Knights Game, Glek System"
e4 e5 Nf3 Nc6 Nc3 Nf6 a3,"Four Knights Game, Gunsberg Variation"
e4 e5 Nf3 Nc6 Nc3 Nf6 a3 d6 h3,"Four Knights Game, Gunsberg Variation, Provincial Opening"
e4 e5 Nf3 Nc6 Nc3 Nf6 Nxe5,"Four Knights Game, Halloween Gambit"
e4 e5 Nf3 Nc6 Nc3 Nf6 Nxe5 Nxe5 d4 Ng6 e5 Ng8 Bc4 Bb4 Qf3 f5,"Four Knights Game, Halloween Gambit, Oldtimer Variation"
e4 e5 Nf3 Nc6 Nc3 Nf6 Nxe5 Nxe5 d4 Nc6 d5 Ne5 f4 Ng6 e5 Ng8 d6 cxd6 exd6 Qf6 Nb5 Rb8,"Four Knights Game, Halloween Gambit, Plasma Variation"
e4 e5 Nf3 Nc6 Bc4 Nf6 Nc3,"Four Knights Game, Italian Variation"
e4 e5 Nf3 Nc6 Bc4 Nf6 Nc3 Nxe4 Bxf7+,"Four Knights Game, Italian Variation, Noa Gambit"
e4 e5 Nf3 Nc6 Nc3 Nf6 Nd5,"Four Knights Game, Naroditsky Variation"
e4 e5 Nf3 Nc6 Nc3 Nf6 d4,"Four Knights Game, Scotch Variation"
e4 e5 Nf3 Nc6 Nc3 Nf6 d4 exd4,"Four Knights Game, Scotch Variation Accepted"
e4 e5 Nf3 Nc6 Nc3 Nf6 d4 exd4 Nxd4 Bb4 Nxc6 bxc6 Bd3 d5 exd5 O-O O-O,"Four Knights Game, Scotch Variation Accepted, Main Line"
e4 e5 Nf3 Nc6 Nc3 Nf6 d4 exd4 Nd5,"Four Knights Game, Scotch Variation, Belgrade Gambit"
e4 e5 Nf3 Nc6 Nc3 Nf6 d4 exd4 Nd5 Nxe4 Qe2 f5,"Four Knights Game, Scotch Variation, Belgrade Gambit, Modern Defense"
e4 e5 Nf3 Nc6 Nc3 Nf6 d4 Bb4 Nxe5,"Four Knights Game, Scotch Variation, Krause Gambit"
e4 e5 Nf3 Nc6 Nc3 Nf6 d4 Bb4 Nxe5 Qe7,"Four Knights Game, Scotch Variation, Krause Gambit, Leonhardt Defense"
e4 e5 Nf3 Nc6 Nc3 Nf6 d4 Bb4 d5 Nd4,"Four Knights Game, Scotch Variation, Oxford Gambit"
e4 e5 Nf3 Nc6 Nc3 Nf6 d4 exd4 Nxd4 Nxe4,"Four Knights Game, Scotch Variation, Schmid Defense"
e4 e5 Nf3 Nc6 Nc3 Nf6 Bb5,"Four Knights Game, Spanish Variation"
e4 e5 Nf3 Nc6 Nc3 Nf6 Bb5 Bc5 O-O O-O Nxe5 Nxe5 d4 Bd6 f4 Nc6 e5 Bb4,"Four Knights Game, Spanish Variation, Bardeleben Variation"
e4 e5 Nf3 Nc6 Nc3 Nf6 Bb5 Bc5,"Four Knights Game, Spanish Variation, Classical Variation"
e4 e5 Nf3 Nc6 Nc3 Nf6 Bb5 a6 Bxc6,"Four Knights Game, Spanish Variation, Ranken Variation"
e4 e5 Nf3 Nc6 Nc3 Nf6 Bb5 Nd4,"Four Knights Game, Spanish Variation, Rubinstein Variation"
e4 e5 Nf3 Nc6 Nc3 Nf6 Bb5 Nd4 Be2,"Four Knights Game, Spanish Variation, Rubinstein Variation"
e4 e5 Nf3 Nf6 Nc3 Nc6 Bb5 Nd4 Nxe5 Qe7 f4,"Four Knights Game, Spanish Variation, Rubinstein Variation"
e4 e5 Nf3 Nc6 Nc3 Nf6 Bb5 Nd4 Nxd4,"Four Knights Game, Spanish Variation, Rubinstein Variation Accepted"
e4 e5 Nf3 Nf6 Nc3 Nc6 Bb5 Nd4 O-O,"Four Knights Game, Spanish Variation, Rubinstein Variation, Henneberger Variation"
e4 e5 Nf3 Nc6 Nc3 Nf6 Bb5 Nd4 Ba4 Bc5 Nxe5 O-O,"Four Knights Game, Spanish Variation, Rubinstein Variation, Marshall Gambit"
e4 e5 Nf3 Nc6 Nc3 Nf6 Bb5 Nd4 Nxe5 Bc5 O-O O-O,"Four Knights Game, Spanish Variation, Rubinstein Variation, Marshall Variation"
e4 e5 Nf3 Nc6 Nc3 Nf6 Bb5 Nd4 Be2 Nxf3+ Bxf3 Bc5 O-O O-O d3 d6 Na4 Bb6,"Four Knights Game, Spanish Variation, Rubinstein Variation, Maróczy Variation"
e4 e5 Nf3 Nc6 Nc3 Nf6 Bb5 a6 Bxc6 dxc6 Nxe5 Nxe4 Nxe4 Qd4 O-O Qxe5 Re1 Be6 d4 Qd5,"Four Knights Game, Spanish Variation, Spielmann Variation"
e4 e5 Nf3 Nc6 Nc3 Nf6 Bb5 Bb4 O-O O-O d3 Bxc3,"Four Knights Game, Spanish Variation"
e4 e5 Nf3 Nc6 Nc3 Nf6 Bb5 Bb4 O-O O-O d3 Qe7 Ne2 d5,"Four Knights Game, Spanish Variation, Alatortsev Variation"
e4 e5 Nf3 Nc6 Nc3 Nf6 Bb5 Bb4,"Four Knights Game, Spanish Variation, Double Spanish"
e4 e5 Nf3 Nc6 Nc3 Nf6 Bb5 Bb4 O-O O-O d3,"Four Knights Game, Spanish Variation, Double Spanish"
e4 e5 Nf3 Nf6 Nc3 Nc6 Bb5 Bb4 O-O O-O Nd5 Nxd5 exd5 e4,"Four Knights Game, Spanish Variation, Gunsberg Counterattack"
e4 e5 Nf3 Nc6 Nc3 Nf6 Bb5 Bb4 O-O O-O d3 Bxc3 bxc3 d6 Re1,"Four Knights Game, Spanish Variation, Janowski Variation"
e4 e5 Nf3 Nc6 Nc3 Nf6 Bb5 Bb4 O-O O-O Bxc6,"Four Knights Game, Spanish Variation, Nimzowitsch Variation"
e4 e5 Nf3 Nc6 Nc3 Nf6 Bb5 Bb4 O-O O-O d3 Bxc3 bxc3 d5,"Four Knights Game, Spanish Variation, Svenonius Variation"
e4 e5 Nf3 Nc6 Nc3 Nf6 Bb5 Bb4 O-O O-O d3 d6,"Four Knights Game, Spanish Variation, Symmetrical Variation"
e4 e5 Nf3 Nc6 Nc3 Nf6 Bb5 Bb4 O-O O-O d3 d6 Bg5 Bxc3 bxc3 Qe7 Re1 Nd8 d4 Bg4,"Four Knights Game, Spanish Variation, Symmetrical Variation"
e4 e5 Nf3 Nc6 Nc3 Nf6 Bb5 Bb4 O-O O-O d3 d6 Bg5 Ne7,"Four Knights Game, Spanish Variation, Symmetrical Variation"
e4 e5 Nf3 Nc6 Nc3 Nf6 Bb5 Bb4 O-O O-O d3 d6 Ne2,"Four Knights Game, Spanish Variation, Symmetrical Variation"
e4 e5 Nf3 Nc6 Nc3 Nf6 Bb5 Bb4 O-O O-O d3 d6 Bg5 Ne7 Nh4 c6 Bc4 d5 Bb3 Qd6,"Four Knights Game, Spanish Variation, Symmetrical Variation, Blake Variation"
e4 e5 Nf3 Nc6 Nc3 Nf6 Bb5 Bb4 O-O O-O d3 d6 Bg5 Bxc3 bxc3 Qe7,"Four Knights Game, Spanish Variation, Symmetrical Variation, Metger Unpin"
e4 e5 Nf3 Nf6 Nc3 Nc6 Bb5 Bb4 O-O O-O d3 d6 Bg5 Be6,"Four Knights Game, Spanish Variation, Symmetrical Variation, Tarrasch Variation"
e4 e5 Nf3 Nc6 Bc4 Bc5 Nc3 Nf6,"Four Knights Game, Italian Variation"
e4 e5 Nf3 Nc6 Bc4,Italian Game
e4 e5 Nf3 Nc6 Bc4 h6,"Italian Game, Anti-Fried Liver Defense"
e4 e5 Nf3 Nc6 Bc4 Nd4,"Italian Game, Blackburne-Kostić Gambit"
e4 e5 Nf3 Nc6 Bc4 Bc5 O-O Nf6 c3,"Italian Game, Classical Variation, Albin Gambit"
e4 e5 Nf3 Nc6 Bc4 Bc5 O-O Nf6 d4,"Italian Game, Deutz Gambit"
e4 e5 Nf3 Nc6 Bc4 Bc5 d3,"Italian Game, Giuoco Pianissimo"
e4 e5 Nf3 Nc6 Bc4 Nf6 O-O Bc5 Nc3 d6 d3,"Italian Game, Giuoco Pianissimo"
e4 e5 Nf3 Nc6 Bc4 Bc5 Nc3 Nf6 O-O O-O,"Italian Game, Giuoco Pianissimo"
e4 e5 Nf3 Nc6 Bc4 Bc5 Nc3 Nf6 O-O O-O d3,"Italian Game, Giuoco Pianissimo"
e4 e5 Nf3 Nc6 Bc4 Bc5 d3 Nf6 Nc3 d6 Bg5,"Italian Game, Giuoco Pianissimo, Canal Variation"
e4 e5 Nf3 Nc6 Bc4 Bc5 d3 f5 Ng5 f4,"Italian Game, Giuoco Pianissimo, Dubois Variation"
e4 e5 Nf3 Nc6 Bc4 Bc5 d3 Nf6 Nc3,"Italian Game, Giuoco Pianissimo, Italian Four Knights Variation"
e4 e5 Nf3 Nc6 Bc4 Bc5 d3 f5,"Italian Game, Giuoco Pianissimo, Lucchini Gambit"
e4 e5 Nf3 Nc6 Bc4 Nf6 d3 Bc5,"Italian Game, Giuoco Pianissimo, Normal"
e4 e5 Nf3 Nc6 Bc4 Bc5,"Italian Game, Giuoco Piano"
e4 e5 Nf3 Nc6 Bc4 Be7,"Italian Game, Hungarian Defense"
e4 e5 Nf3 Nc6 Bc4 Be7 d4 exd4 c3 Nf6 e5 Ne4,"Italian Game, Hungarian Defense, Tartakower Variation"
e4 e5 Nf3 Nc6 Bc4 Bc5 Bxf7+,"Italian Game, Jerome Gambit"
e4 e5 Nf3 Nc6 Bc4 d6,"Italian Game, Paris Defense"
e4 e5 Nf3 Nc6 Bc4 Bc5 d4,"Italian Game, Rosentreter Gambit"
e4 e5 Nf3 Nc6 Bc4 f5,"Italian Game, Rousseau Gambit"
e4 e5 Nf3 Nc6 Bc4 Bc5 b4,"Italian Game, Evans Gambit"
e4 e5 Nf3 Nc6 Bc4 Bc5 b4 Bxb4 c3 Bc5 d4 exd4 O-O d6 cxd4 Bb6 Nc3 Bg4,"Italian Game, Evans Gambit"
e4 e5 Nf3 Nc6 Bc4 Bc5 b4 Bxb4,"Italian Game, Evans Gambit Accepted"
e4 e5 Nf3 Nc6 Bc4 Bc5 b4 Bb6,"Italian Game, Evans Gambit Declined"
e4 e5 Nf3 Nc6 Bc4 Bc5 b4 Bb6 a4,"Italian Game, Evans Gambit Declined"
e4 e5 Nf3 Nc6 Bc4 Bc5 b4 Bb6 Bb2,"Italian Game, Evans Gambit Declined, Cordel Variation"
e4 e5 Nf3 Nc6 Bc4 Bc5 b4 Bb6 b5 Na5 Nxe5 Qg5 Qf3 Qxe5 Qxf7+ Kd8 Bb2,"Italian Game, Evans Gambit Declined, Hicken Variation"
e4 e5 Nf3 Nc6 Bc4 Bc5 b4 Bb6 b5 Na5 Nxe5 Qg5,"Italian Game, Evans Gambit Declined, Hirschbach Variation"
e4 e5 Nf3 Nc6 Bc4 Bc5 b4 Bb6 b5 Na5 Nxe5 Nh6,"Italian Game, Evans Gambit Declined, Lange Variation"
e4 e5 Nf3 Nc6 Bc4 Bc5 b4 Bb6 b5 Na5 Nxe5 Nh6 d4 d6 Bxh6 dxe5 Bxg7 Rg8 Bxf7+ Kxf7 Bxe5 Qg5 Nd2,"Italian Game, Evans Gambit Declined, Pavlov Variation"
e4 e5 Nf3 Nc6 Bc4 Bc5 b4 Bb6 a4 a6 Nc3,"Italian Game, Evans Gambit Declined, Showalter Variation"
e4 e5 Nf3 Nc6 Bc4 Bc5 b4 Bb6 b5 Na5 Nxe5 Qg5 Bxf7+ Ke7 Qh5,"Italian Game, Evans Gambit Declined, Vasquez Variation"
e4 e5 Nf3 Nc6 Bc4 Bc5 b4 Bxb4 c3 Be7,"Italian Game, Evans Gambit, Anderssen Variation"
e4 e5 Nf3 Nc6 Bc4 Bc5 b4 Bxb4 c3 Be7 d4 Na5,"Italian Game, Evans Gambit, Anderssen Variation, Cordel Line"
e4 e5 Nf3 Nc6 Bc4 Bc5 b4 b5,"Italian Game, Evans Gambit, Fontaine Countergambit"
e4 e5 Nf3 Nc6 Bc4 Bc5 b4 Bxb4 c3 Bc5 d4 exd4 O-O d6 cxd4 Bb6 Nc3 Bg4 Qa4,"Italian Game, Evans Gambit, Fraser Attack"
e4 e5 Nf3 Nc6 Bc4 Bc5 b4 Bxb4 c3 Bc5 d4 exd4 O-O d6 cxd4 Bb6 Nc3 Bg4 Qa4 Bd7 Qb3 Na5 Bxf7+ Kf8 Qc2,"Italian Game, Evans Gambit, Fraser-Mortimer Attack"
e4 e5 Nf3 Nc6 Bc4 Bc5 b4 Bxb4 c3 Bc5 d4 exd4 O-O d6 cxd4 Bb6 Nc3 Na5 Bg5,"Italian Game, Evans Gambit, Göring Attack"
e4 e5 Nf3 Nc6 Bc4 Bc5 b4 Bxb4 c3 Bc5 d4 exd4 cxd4 Bb4+ Bd2,"Italian Game, Evans Gambit, Harding Variation"
e4 e5 Nf3 Nc6 Bc4 Bc5 b4 d5,"Italian Game, Evans Gambit, Hein Countergambit"
e4 e5 Nf3 Nc6 Bc4 Bc5 b4 Bxb4 c3 Bf8,"Italian Game, Evans Gambit, Mayet Defense"
e4 e5 Nf3 Nc6 Bc4 Bc5 b4 Bxb4 c3 Bc5,"Italian Game, Evans Gambit, McDonnell Defense"
e4 e5 Nf3 Nc6 Bc4 Bc5 b4 Bxb4 c3 Bc5 d4 exd4 O-O d6 cxd4 Bb6,"Italian Game, Evans Gambit, McDonnell Defense, Main Line"
e4 e5 Nf3 Nc6 Bc4 Bc5 b4 Bxb4 c3 Ba5 d4 exd4 O-O d6 cxd4 Bb6 Nc3,"Italian Game, Evans Gambit, Morphy Attack"
e4 e5 Nf3 Nc6 Bc4 Bc5 b4 Bxb4 c3 Bc5 d4 exd4 O-O d6 cxd4 Bb6 Nc3 Bg4 Qa4 Bd7 Qb3 Na5 Bxf7+ Kf8 Qc2 Kxf7,"Italian Game, Evans Gambit, Mortimer-Evans Gambit"
e4 e5 Nf3 Nc6 Bc4 Bc5 b4 Bxb4 c3 Bc5 d4 exd4 O-O d6 cxd4 Bb6 d5 Na5 Bb2 Ne7,"Italian Game, Evans Gambit, Paulsen Variation"
e4 e5 Nf3 Nc6 Bc4 Bc5 b4 Bxb4 c3 Bc5 d4 exd4 O-O d6 cxd4 Bb6 Nc3 Na5 Bg5 f6 Be3,"Italian Game, Evans Gambit, Steinitz Variation"
e4 e5 Nf3 Nc6 Bc4 Bc5 b4 Bxb4 c3 Bd6,"Italian Game, Evans Gambit, Stone-Ware Variation"
e4 e5 Nf3 Nc6 Bc4 Bc5 b4 Bxb4 c3 Bc5 d4 exd4 O-O d6 cxd4 Bb6 d5 Na5 Bb2,"Italian Game, Evans Gambit, Ulvestad Variation"
e4 e5 Nf3 Nc6 Bc4 Bc5 b4 Bxb4 c3 Ba5 O-O d6,"Italian Game, Evans Gambit"
e4 e5 Nf3 Nc6 Bc4 Bc5 b4 Bxb4 c3 Ba5 O-O d6 d4 Bg4,"Italian Game, Evans Gambit, Alapin-Steinitz Variation"
e4 e5 Nf3 Nc6 Bc4 Bc5 b4 Bxb4 c3 Ba5 O-O Nf6 d4 exd4,"Italian Game, Evans Gambit, Anderssen Defense"
e4 e5 Nf3 Nc6 Bc4 Bc5 b4 Bxb4 c3 Ba5 d4 d6,"Italian Game, Evans Gambit, Bronstein Defense"
e4 e5 Nf3 Nc6 Bc4 Bc5 b4 Bxb4 c3 Ba5 d4 exd4 O-O dxc3,"Italian Game, Evans Gambit, Compromised Defense"
e4 e5 Nf3 Nc6 Bc4 Bc5 b4 Bxb4 c3 Ba5 d4 exd4 O-O dxc3 Qb3 Qf6 e5 Qg6 Nxc3 Nge7 Ba3,"Italian Game, Evans Gambit, Compromised Defense, Main Line"
e4 e5 Nf3 Nc6 Bc4 Bc5 b4 Bxb4 c3 Ba5 d4 exd4 O-O dxc3 Qb3 Qf6 e5 Qg6 Nxc3 Nge7 Rd1,"Italian Game, Evans Gambit, Compromised Defense, Potter Variation"
e4 e5 Nf3 Nc6 Bc4 Bc5 b4 Bxb4 c3 Ba5 d4 exd4 O-O d3,"Italian Game, Evans Gambit, Dufresne Defense"
e4 e5 Nf3 Nc6 Bc4 Bc5 b4 Bxb4 c3 Ba5 d4 exd4 O-O b5,"Italian Game, Evans Gambit, Johner Defense"
e4 e5 Nf3 Nc6 Bc4 Bc5 b4 Bxb4 c3 Ba5 d4 Nf6,"Italian Game, Evans Gambit, Laroche Variation"
e4 e5 Nf3 Nc6 Bc4 Bc5 b4 Bxb4 c3 Ba5 O-O d6 d4 Bb6,"Italian Game, Evans Gambit, Lasker Defense"
e4 e5 Nf3 Nc6 Bc4 Bc5 b4 Bxb4 c3 Ba5 d4 b5,"Italian Game, Evans Gambit, Leonhardt Countergambit"
e4 e5 Nf3 Nc6 Bc4 Bc5 b4 Bxb4 c3 Ba5 d4 d6 Qb3 Qd7 dxe5 dxe5 O-O Bb6 Ba3 Na5 Nxe5,"Italian Game, Evans Gambit, Levenfish Variation"
e4 e5 Nf3 Nc6 Bc4 Bc5 b4 Bxb4 c3 Ba5,"Italian Game, Evans Gambit, Main Line"
e4 e5 Nf3 Nc6 Bc4 Bc5 b4 Bxb4 c3 Ba5 d4 exd4 O-O Nge7,"Italian Game, Evans Gambit, Mieses Defense"
e4 e5 Nf3 Nc6 Bc4 Bc5 b4 Bxb4 c3 Ba5 d4 exd4,"Italian Game, Evans Gambit, Pierce Defense"
e4 e5 Nf3 Nc6 Bc4 Bc5 b4 Bxb4 c3 Ba5 O-O Nf6 d4 O-O Nxe5,"Italian Game, Evans Gambit, Richardson Attack"
e4 e5 Nf3 Nc6 Bc4 Bc5 b4 Bxb4 c3 Ba5 O-O d6 d4 Bd7,"Italian Game, Evans Gambit, Sanders-Alapin Variation"
e4 e5 Nf3 Nc6 Bc4 Bc5 b4 Bxb4 c3 Ba5 O-O,"Italian Game, Evans Gambit, Slow Variation"
e4 e5 Nf3 Nc6 Bc4 Bc5 b4 Bxb4 c3 Ba5 d4 d6 Bg5,"Italian Game, Evans Gambit, Sokolsky Variation"
e4 e5 Nf3 Nc6 Bc4 Bc5 b4 Bxb4 c3 Ba5 d4 d6 Qb3,"Italian Game, Evans Gambit, Tartakower Attack"
e4 e5 Nf3 Nc6 Bc4 Bc5 b4 Bxb4 c3 Ba5 d4 exd4 O-O d6 Qb3,"Italian Game, Evans Gambit, Waller Attack"
e4 e5 Nf3 Nc6 Bc4 Bc5 c3 Nf6 b4,"Italian Game, Bird's Attack"
e4 e5 Nf3 Nc6 Bc4 Bc5 c3,"Italian Game, Classical Variation"
e4 e5 Nf3 Nc6 Bc4 Bc5 c3 Qe7 d4 Bb6,"Italian Game, Classical Variation, Center Holding Variation"
e4 e5 Nf3 Nc6 Bc4 Bc5 c3 Qe7,"Italian Game, Classical Variation, Closed Variation"
e4 e5 Nf3 Nc6 Bc4 Bc5 c3 Qe7 d4 Bb6 d5 Nb8 d6,"Italian Game, Classical Variation, Eisinger Variation"
e4 e5 Nf3 Nc6 Bc4 Bc5 c3 d6 d4 exd4 cxd4 Bb6,"Italian Game, Classical Variation, La Bourdonnais Variation"
e4 e5 Nf3 Nc6 Bc4 Bc5 c3 Qe7 d4 Bb6 Bg5,"Italian Game, Classical Variation, Mestel Variation"
e4 e5 Nf3 Nc6 Bc4 Bc5 c3 Qe7 d4 Bb6 O-O d6 a4 a6 h3 Nf6 Re1,"Italian Game, Classical Variation, Tarrasch Variation"
e4 e5 Nf3 Nc6 Bc4 Bc5 c3 Nf6,"Italian Game, Classical Variation"
e4 e5 Nf3 Nc6 Bc4 Bc5 c3 Nf6 d4,"Italian Game, Classical Variation, Center Attack"
e4 e5 Nf3 Nc6 Bc4 Bc5 c3 Nf6 d4 exd4 e5 Ne4 Bd5 Nxf2 Kxf2 dxc3+ Kg3,"Italian Game, Classical Variation, Ghulam-Kassim Variation"
e4 e5 Nf3 Nc6 Bc4 Bc5 c3 Nf6 d3,"Italian Game, Classical Variation, Giuoco Pianissimo"
e4 e5 Nf3 Nc6 Bc4 Bc5 c3 Nf6 d3 d6,"Italian Game, Classical Variation, Giuoco Pianissimo"
e4 e5 Nf3 Nc6 Bc4 Bc5 c3 Nf6 d3 d6 Nbd2 O-O O-O,"Italian Game, Classical Variation, Giuoco Pianissimo"
e4 e5 Nf3 Nc6 Bc4 Bc5 O-O Nf6 d3 h6 c3,"Italian Game, Classical Variation, Giuoco Pianissimo"
e4 e5 Nf3 Nc6 Bc4 Bc5 O-O Nf6 d3 d6 c3,"Italian Game, Classical Variation, Giuoco Pianissimo"
e4 e5 Nf3 Nc6 Bc4 Bc5 O-O Nf6 d3 d6 c3 a5,"Italian Game, Classical Variation, Giuoco Pianissimo"
e4 e5 Nf3 Nc6 Bc4 Bc5 O-O Nf6 d3 d6 c3 a6,"Italian Game, Classical Variation, Giuoco Pianissimo"
e4 e5 Nf3 Nc6 Bc4 Bc5 O-O Nf6 d3 d6 c3 Bb6,"Italian Game, Classical Variation, Giuoco Pianissimo"
e4 e5 Nf3 Nc6 Bc4 Bc5 O-O Nf6 d3 d6 c3 O-O,"Italian Game, Classical Variation, Giuoco Pianissimo"
e4 e5 Nf3 Nc6 Bc4 Bc5 O-O Nf6 d3 d6 c3 a6 a4,"Italian Game, Classical Variation, Giuoco Pianissimo"
e4 e5 Nf3 Nc6 Bc4 Bc5 O-O Nf6 d3 d6 c3 a6 a4 Ba7,"Italian Game, Classical Variation, Giuoco Pianissimo"
e4 e5 Nf3 Nc6 Bc4 Bc5 O-O Nf6 d3 d6 c3 a6 a4 O-O,"Italian Game, Classical Variation, Giuoco Pianissimo"
e4 e5 Nf3 Nc6 Bc4 Bc5 O-O Nf6 d3 d6 c3 a6 Re1,"Italian Game, Classical Variation, Giuoco Pianissimo"
e4 e5 Nf3 Nc6 Bc4 Bc5 O-O Nf6 d3 d6 c3 a6 Re1 Ba7,"Italian Game, Classical Variation, Giuoco Pianissimo"
e4 e5 Nf3 Nc6 Bc4 Bc5 O-O Nf6 d3 d6 c3 h6 Re1,"Italian Game, Classical Variation, Giuoco Pianissimo"
e4 e5 Nf3 Nc6 Bc4 Bc5 O-O Nf6 d3 d6 c3 h6 Nbd2,"Italian Game, Classical Variation, Giuoco Pianissimo"
e4 e5 Nf3 Nc6 Bc4 Bc5 O-O Nf6 d3 O-O c3 d5,"Italian Game, Classical Variation, Giuoco Pianissimo"
e4 e5 Nf3 Nc6 Bc4 Bc5 c3 Nf6 d3 d6 b4,"Italian Game, Classical Variation, Giuoco Pianissimo, Albin Variation"
e4 e5 Nf3 Nc6 Bc4 Bc5 c3 Nf6 d3 d6 O-O O-O Re1 a6 Bb3 Ba7 h3,"Italian Game, Classical Variation, Giuoco Pianissimo, Main Line"
e4 e5 Nf3 Nc6 Bc4 Bc5 c3 Nf6 d3 d6 O-O O-O a4 a5,"Italian Game, Classical Variation, Giuoco Pianissimo, with a4 a5"
e4 e5 Nf3 Nc6 Bc4 Bc5 O-O Nf6 d3 a5 c3,"Italian Game, Classical Variation, Giuoco Pianissimo, with a5"
e4 e5 Nf3 Nc6 Bc4 Bc5 c3 Nf6 d3 a6,"Italian Game, Classical Variation, Giuoco Pianissimo, with a6"
e4 e5 Nf3 Nc6 Bc4 Bc5 c3 Nf6 d3 d6 Nbd2 a6,"Italian Game, Classical Variation, Giuoco Pianissimo, with a6"
e4 e5 Nf3 Nc6 Bc4 Bc5 O-O Nf6 d3 d6 c3 h6,"Italian Game, Classical Variation, Giuoco Pianissimo, with h6"
e4 e5 Nf3 Nc6 Bc4 Bc5 c3 Nf6 d4 exd4 e5 d5 Bb5 Ne4 cxd4 Bb4+,"Italian Game, Classical Variation, Greco Gambit, Anderssen Variation"
e4 e5 Nf3 Nc6 Bc4 Bc5 c3 Nf6 d4 exd4 b4,"Italian Game, Classical Variation, Greco Gambit, Dubov Italian"
e4 e5 Nf3 Nc6 Bc4 Bc5 c3 Nf6 d4 exd4 cxd4 Bb4+ Nc3 Nxe4 O-O Nxc3,"Italian Game, Classical Variation, Greco Gambit, Greco Variation"
e4 e5 Nf3 Nc6 Bc4 Bc5 c3 Nf6 d4 exd4 cxd4 Bb4+ Nc3 Nxe4 O-O Bxc3,"Italian Game, Classical Variation, Greco Gambit, Main Line"
e4 e5 Nf3 Nc6 Bc4 Bc5 c3 Nf6 d4 exd4 e5,"Italian Game, Classical Variation, Greco Gambit, Modern Line"
e4 e5 Nf3 Nc6 Bc4 Bc5 c3 Nf6 d4 exd4 e5 d5,"Italian Game, Classical Variation, Greco Gambit, Modern Line"
e4 e5 Nf3 Nc6 Bc4 Bc5 c3 Nf6 d4 exd4 cxd4 Bb4+ Nc3 Nxe4 O-O Bxc3 d5 Bf6 Re1 Ne7 Rxe4 d6 g4,"Italian Game, Classical Variation, Greco Gambit, Moeller-Bayonet Attack"
e4 e5 Nf3 Nc6 Bc4 Bc5 c3 Nf6 d4 exd4 cxd4 Bb4+ Nc3 Nxe4 O-O Bxc3 d5,"Italian Game, Classical Variation, Greco Gambit, Moeller-Therkatz Attack"
e4 e5 Nf3 Nc6 Bc4 Bc5 c3 Nf6 d4 exd4 cxd4,"Italian Game, Classical Variation, Greco Gambit, Traditional Line"
e4 e5 Nf3 Nc6 Bc4 Bc5 c3 Nf6 d3 d5,"Italian Game, Classical Variation, with d5"
e4 e5 Nf3 Nc6 Bc4 Bc5 c3 Nf6 d4 exd4 cxd4 Bb4+ Nc3 Nxe4 O-O Nxc3 bxc3 Bxc3 Ba3,"Italian Game, Giuoco Piano, Aitken Variation"
e4 e5 Nf3 Nc6 Bc4 Bc5 c3 Nf6 d4 exd4 cxd4 Bb4+ Nc3 Nxe4 O-O Nxc3 bxc3 Bxc3 Qb3 d5,"Italian Game, Giuoco Piano, Bernstein Variation"
e4 e5 Nf3 Nc6 Bc4 Bc5 c3 Nf6 d4 exd4 cxd4 Bb4+ Kf1,"Italian Game, Giuoco Piano, Cracow Variation"
e4 e5 Nf3 Nc6 Bc4 Bc5 c3 Nf6 d4 exd4 cxd4 Bb4+ Nc3,"Italian Game, Giuoco Piano, Greco's Attack"
e4 e5 Nf3 Nc6 Bc4 Nf6 O-O Bc5 d4 Bxd4 Nxd4 Nxd4 Bg5 d6 f4 Qe7 fxe5 dxe5 Nc3,"Italian Game, Giuoco Piano, Holzhausen Attack"
e4 e5 Nf3 Nc6 Bc4 Bc5 c3 Nf6 d4 exd4 cxd4 Bb4+ Bd2 Nxe4 Bxb4 Nxb4 Bxf7+ Kxf7 Qb3+ d5 Ne5+ Kf6 f3,"Italian Game, Giuoco Piano, Krause Variation"
e4 e5 Nf3 Nc6 Bc4 Nf6 O-O Bc5 d4 Bxd4 Nxd4 Nxd4 Bg5 h6 Bh4 g5 f4,"Italian Game, Giuoco Piano, Rosentreter Variation"
e4 e5 Nf3 Nc6 Bc4 Bc5 c3 Nf6 d4 exd4 cxd4 Bb4+ Nc3 Nxe4 O-O Bxc3 bxc3 d5 Ba3,"Italian Game, Giuoco Piano, Steinitz Variation"
e4 e5 Nf3 Nc6 Bc4 Bc5 c3 Nf6 d4 exd4 cxd4 Bb4+ Nc3 Nxe4 O-O Bxc3 d5 Bf6 Re1 Ne7 Rxe4 d6 Bg5 Bxg5 Nxg5 O-O Nxh7,"Italian Game, Giuoco Piano, Therkatz-Herzog Variation"
e4 e5 Nf3 Nc6 Bc4 Nf6,"Italian Game, Two Knights Defense"
e4 e5 Nf3 Nc6 Bc4 Nf6 O-O Bc5 d4 Bxd4 Nxd4 Nxd4 Bg5 d6,"Italian Game, Two Knights Defense"
e4 e5 Nf3 Nc6 Bc4 Nf6 Nc3 Nxe4 Nxe4 d5,"Italian Game, Two Knights Defense"
e4 e5 Nf3 Nc6 Bc4 Nf6 d3,"Italian Game, Two Knights Defense, Modern Bishop's Opening"
e4 e5 Nf3 Nc6 Bc4 Nf6 d3 Be7,"Italian Game, Two Knights Defense, Modern Bishop's Opening"
e4 e5 Nf3 Nc6 Bc4 Nf6 d3 h6 O-O d6,"Italian Game, Two Knights Defense, Modern Bishop's Opening"
e4 e5 Nf3 Nc6 Bc4 Nf6 d4 exd4 O-O,"Italian Game, Scotch Gambit"
e4 e5 Nf3 Nc6 Bc4 Nf6 d4 exd4 O-O Nxe4 Re1 d5 Bxd5 Qxd5 Nc3,"Italian Game, Scotch Gambit, Anderssen Attack"
e4 e5 Nf3 Nc6 Bc4 Nf6 d4 exd4 O-O Nxe4 Re1 d5 Bxd5 Qxd5 Nc3 Qa5 Nxe4 Be6 Bd2 Qd5 Bg5,"Italian Game, Scotch Gambit, Anderssen Attack, Main Line"
e4 e5 Nf3 Nc6 d4 exd4 Bc4 Nf6 O-O Nxe4 Re1 d5 Nc3,"Italian Game, Scotch Gambit, Canal Variation"
e4 e5 Nf3 Nc6 Bc4 Nf6 d4 exd4 O-O Nxe4,"Italian Game, Scotch Gambit, Double Gambit Accepted"
e4 e5 Nf3 Nc6 d4 exd4 Bc4 Nf6 O-O d6,"Italian Game, Scotch Gambit, Janowski Defense"
e4 e5 Nf3 Nc6 d4 exd4 Bc4 Nf6 O-O Bc5,"Italian Game, Scotch Gambit, Max Lange Attack"
e4 e5 Nf3 Nc6 Bc4 Nf6 d4 exd4 e5 d5 Bb5 Ne4,"Italian Game, Scotch Gambit, Max Lange Attack"
e4 e5 Nf3 Nc6 Bc4 Bc5 O-O Nf6 d4 exd4 e5 d5 exf6 dxc4 Re1+ Be6 fxg7,"Italian Game, Scotch Gambit, Max Lange Attack Accepted"
e4 e5 Nf3 Nc6 d4 exd4 Bc4 Nf6 O-O Bc5 e5 d5 exf6 dxc4 Re1+ Be6 Ng5 Qd5 Nc3 Qf5 Nce4,"Italian Game, Scotch Gambit, Max Lange Attack, Long Variation"
e4 e5 Nf3 Nc6 d4 exd4 Bc4 Nf6 O-O Bc5 e5 Ng4,"Italian Game, Scotch Gambit, Max Lange Attack, Spielmann Defense"
e4 e5 Nf3 Nc6 Bc4 Nf6 d4 exd4 O-O Nxe4 Nc3,"Italian Game, Scotch Gambit, Nakhmanson Gambit"
e4 e5 Nf3 Nc6 Bc4 Bc5 c3 Nf6 d4 exd4 O-O,"Italian Game, Scotch Gambit, Walbrodt-Baird Gambit"
e4 e5 Nf3 Nc6 d4 exd4 Bc4 Nf6 O-O Be7,"Italian Game, Scotch Gambit, de Riviere Defense"
e4 e5 Nf3 Nc6 Bc4 Nf6 d4 d6,"Italian Game, Scotch Invitation Declined"
e4 e5 Nf3 Nc6 Bc4 Nf6 d4 exd4 e5 d5 Bb5 Ne4 Nxd4 Bc5 Nxc6 Bxf2+ Kf1 Qh4,"Italian Game, Two Knights Defense, Keidansky Variation"
e4 e5 Nf3 Nc6 d4 exd4 Bc4 Nf6 O-O Bc5 e5,"Italian Game, Two Knights Defense, Max Lange Attack"
e4 e5 Nf3 Nc6 Bc4 Nf6 d4 exd4 O-O Bc5 e5 d5 exf6 dxc4 Re1+ Be6 Ng5 Qd5 Nc3 Qf5 g4 Qg6 Nce4 Bb6 f4 O-O-O,"Italian Game, Two Knights Defense, Max Lange Attack, Berger Variation"
e4 e5 Nf3 Nc6 Bc4 Nf6 d4 exd4 O-O Bc5 e5 Ng4 c3,"Italian Game, Two Knights Defense, Max Lange Attack, Krause Variation"
e4 e5 Nf3 Nc6 d4 exd4 Bc4 Bc5 O-O Nf6 e5 d5 exf6 dxc4 Re1+ Be6 Ng5 g6,"Italian Game, Two Knights Defense, Max Lange Attack, Loman Defense"
e4 e5 Nf3 Nc6 Bc4 Nf6 d4 exd4 O-O Bc5 e5 d5 exf6 dxc4 Re1+ Be6 Ng5 Qd5 Nc3 Qf5 Nce4 Bf8,"Italian Game, Two Knights Defense, Max Lange Attack, Rubinstein Variation"
e4 e5 Nf3 Nc6 Bc4 Nf6 d4,"Italian Game, Two Knights Defense, Open Variation"
e4 e5 Nf3 Nc6 Bc4 Nf6 d4 exd4 Ng5,"Italian Game, Two Knights Defense, Perreux Variation"
e4 e5 Nf3 Nc6 d4 exd4 Bc4 Nf6 O-O Nxe4 Re1 d5 Bxd5 Qxd5 Nc3 Qa5 Nxe4 Be6 Bg5 h6 Bh4 g5 Nf6+ Ke7 b4,"Italian Game, Two Knights Defense, Yurdansky Attack"
e4 e5 Nf3 Nc6 Bc4 Nf6 Ng5 d5 exd5 Nxd5 Nxf7 Kxf7 Qf3+ Ke6 Nc3 Nb4 Qe4 c6 a3 Na6 d4 Nc7,"Italian Game, Two Knights Defense, Fegatello Attack, Leonhardt Variation"
e4 e5 Nf3 Nc6 Bc4 Nf6 Ng5 d5 exd5 Nxd5 Nxf7,"Italian Game, Two Knights Defense, Fried Liver Attack"
e4 e5 Nf3 Nc6 Bc4 Nf6 Ng5 d5 exd5 Nd4,"Italian Game, Two Knights Defense, Fritz Variation"
e4 e5 Nf3 Nc6 Bc4 Nf6 Ng5 d5 exd5 Nd4 c3 b5 Bf1 Nxd5 Ne4,"Italian Game, Two Knights Defense, Fritz, Gruber Variation"
e4 e5 Nf3 Nc6 Bc4 Nf6 Ng5 d5 exd5 Nb4,"Italian Game, Two Knights Defense, Kloss Gambit"
e4 e5 Nf3 Nc6 Bc4 Nf6 Ng5,"Italian Game, Two Knights Defense, Knight Attack"
e4 e5 Nf3 Nc6 Bc4 Nf6 Ng5 d5,"Italian Game, Two Knights Defense, Knight Attack, Normal Variation"
e4 e5 Nf3 Nc6 Bc4 Nf6 Ng5 d5 exd5 Nxd5 d4,"Italian Game, Two Knights Defense, Lolli Attack"
e4 e5 Nf3 Nc6 Bc4 Nf6 Ng5 d5 exd5 Nxd5 d4 Bb4+,"Italian Game, Two Knights Defense, Pincus Variation"
e4 e5 Nf3 Nc6 Bc4 Nf6 Ng5 Nxe4,"Italian Game, Two Knights Defense, Ponziani-Steinitz Gambit"
e4 e5 Nf3 Nc6 Bc4 Nf6 Ng5 Bc5,"Italian Game, Two Knights Defense, Traxler Counterattack"
e4 e5 Nf3 Nc6 Bc4 Nf6 Ng5 Bc5 Bxf7+,"Italian Game, Two Knights Defense, Traxler Counterattack, Bishop Sacrifice Line"
e4 e5 Nf3 Nc6 Bc4 Nf6 Ng5 Bc5 Nxf7 Bxf2+ Kxf2 Nxe4+ Ke3,"Italian Game, Two Knights Defense, Traxler Counterattack, King March Line"
e4 e5 Nf3 Nc6 Bc4 Nf6 Ng5 Bc5 Nxf7,"Italian Game, Two Knights Defense, Traxler Counterattack, Knight Sacrifice Line"
e4 e5 Nf3 Nc6 Bc4 Nf6 Ng5 Bc5 Bxf7+ Ke7 d4,"Italian Game, Two Knights Defense, Traxler Variation, Trencianske-Teplice Gambit"
e4 e5 Nf3 Nc6 Bc4 Nf6 Ng5 d5 exd5 b5,"Italian Game, Two Knights Defense, Ulvestad Variation"
e4 e5 Nf3 Nc6 Bc4 Nf6 Ng5 d5 exd5 b5 Bf1 h6 Nxf7,"Italian Game, Two Knights Defense, Ulvestad Variation, Kurkin Gambit"
e4 e5 Nf3 Nc6 Bc4 Nf6 Ng5 d5 exd5 Na5 Bb5+ c6 dxc6 bxc6 Be2,"Italian Game, Two Knights Defense"
e4 e5 Nf3 Nc6 Bc4 Nf6 Ng5 d5 exd5 Na5 Bb5+ c6 dxc6 bxc6 Qf3 cxb5,"Italian Game, Two Knights Defense, Blackburne Variation"
e4 e5 Nf3 Nc6 Bc4 Nf6 Ng5 d5 exd5 Na5 Bb5+ c6 dxc6 bxc6 Qf3 Rb8,"Italian Game, Two Knights Defense, Colman Variation"
e4 e5 Nf3 Nc6 Bc4 Nf6 Ng5 d5 exd5 Na5 d3 h6 Nf3 e4 Qe2 Nxc4 dxc4 Be7,"Italian Game, Two Knights Defense, Maróczy Variation"
e4 e5 Nf3 Nc6 Bc4 Nf6 Ng5 d5 exd5 Na5 Bb5+ c6 dxc6 bxc6 Qf3 Qc7 Bd3,"Italian Game, Two Knights Defense, Paoli Variation"
e4 e5 Nf3 Nc6 Bc4 Nf6 Ng5 d5 exd5 Na5,"Italian Game, Two Knights Defense, Polerio Defense"
e4 e5 Nf3 Nc6 Bc4 Nf6 Ng5 d5 exd5 Na5 Bb5+,"Italian Game, Two Knights Defense, Polerio Defense, Bishop Check Line"
e4 e5 Nf3 Nc6 Bc4 Nf6 Ng5 d5 exd5 Na5 Bb5+ c6 dxc6 bxc6 Qf3,"Italian Game, Two Knights Defense, Polerio Defense, Bogoljubow Variation"
e4 e5 Nf3 Nc6 Bc4 Nf6 Ng5 d5 exd5 Na5 d3,"Italian Game, Two Knights Defense, Polerio Defense, Kieseritzky Variation"
e4 e5 Nf3 Nc6 Bc4 Nf6 Ng5 d5 exd5 Na5 d3 h6 Nf3 e4 Qe2 Nxc4 dxc4 Bc5 Nfd2,"Italian Game, Two Knights Defense, Polerio Defense, Yankovich Variation"
e4 e5 Nf3 Nc6 Bc4 Nf6 Ng5 d5 exd5 Na5 Bb5+ c6 dxc6 bxc6 Be2 h6 Nf3 e4 Ne5 Bd6 d4 Qc7 Bd2,"Italian Game, Two Knights Defense, Knorre Variation"
e4 e5 Nf3 Nc6 Bc4 Nf6 Ng5 d5 exd5 Na5 Bb5+ c6 dxc6 bxc6 Be2 h6 Nf3 e4 Ne5 Qc7,"Italian Game, Two Knights Defense, Polerio Defense, Göring Variation"
e4 e5 Nf3 Nc6 Bc4 Nf6 Ng5 d5 exd5 Na5 Bb5+ c6 dxc6 bxc6 Be2 h6,"Italian Game, Two Knights Defense, Polerio Defense, Suhle Defense"
e4 e5 Nf3 Nc6 Bc4 Nf6 Ng5 d5 exd5 Na5 Bb5+ c6 dxc6 bxc6 Be2 h6 Nh3,"Italian Game, Two Knights Defense, Steinitz Variation"
e4 e5 Nf3 Nc6 Bb5,Ruy Lopez
e4 e5 Nf3 Nc6 Bb5 Bb4,"Ruy Lopez, Alapin Defense"
e4 e5 Nf3 Nc6 Bb5 Bb4 c3 Ba5 Bxc6 dxc6,"Ruy Lopez, Alapin Defense, Alapin Gambit"
e4 e5 Nf3 Nc6 Bb5 g5,"Ruy Lopez, Brentano Gambit"
e4 e5 Nf3 Nc6 Bb5 a5,"Ruy Lopez, Bulgarian Variation"
e4 e5 Nf3 Nc6 Bb5 Nge7,"Ruy Lopez, Cozio Defense"
e4 e5 Nf3 Nc6 Bb5 Nge7 Nc3 g6,"Ruy Lopez, Cozio Defense, Paulsen Variation"
e4 e5 Nf3 Nc6 Bb5 g6 d4 exd4 Nxd4 Bg7 Be3 Nge7 Nc3 O-O Qd2 d5,"Ruy Lopez, Cozio Defense, Tartakower Gambit"
e4 e5 Nf3 Nc6 Bb5 g6,"Ruy Lopez, Fianchetto Defense"
e4 e5 Nf3 Nc6 Bb5 g6 c3 f5,"Ruy Lopez, Fianchetto Defense, Kevitz Gambit"
e4 e5 Nf3 Nc6 Bb5 Be7,"Ruy Lopez, Lucena Variation"
e4 e5 Nf3 Nc6 Bb5 f6,"Ruy Lopez, Nürnberg Variation"
e4 e5 Nf3 Nc6 Bb5 Na5,"Ruy Lopez, Pollock Defense"
e4 e5 Nf3 Nc6 Bb5 Nb8,"Ruy Lopez, Retreat Variation"
e4 e5 Nf3 Nc6 Bb5 b6,"Ruy Lopez, Rotary-Albany Gambit"
e4 e5 Nf3 Nc6 Bb5 d5,"Ruy Lopez, Spanish Countergambit"
e4 e5 Nf3 Nc6 Bb5 d5 Nxe5 Qg5 O-O,"Ruy Lopez, Spanish Countergambit, Harding Countergambit, Fricke Gambit"
e4 e5 Nf3 Nc6 Bb5 d5 Nxe5 Qg5 Nxc6,"Ruy Lopez, Spanish Countergambit, Harding Gambit"
e4 e5 Nf3 Nc6 Bb5 Qe7,"Ruy Lopez, Vinogradov Variation"
e4 e5 Nf3 Nc6 Bb5 Nd4,"Ruy Lopez, Bird Variation"
e4 e5 Nf3 Nc6 Bb5 Nd4 Nxd4 exd4 O-O Ne7,"Ruy Lopez, Bird Variation, Paulsen Variation"
e4 e5 Nf3 Nc6 Bb5 d6,"Ruy Lopez, Steinitz Defense"
e4 e5 Nf3 Nc6 Bb5 d6 d4,"Ruy Lopez, Steinitz Defense"
e4 e5 Nf3 Nc6 Bb5 d6 d4 exd4 O-O,"Ruy Lopez, Steinitz Defense, Center Gambit"
e4 e5 Nf3 Nc6 Bb5 d6 d4 Bd7 Nc3 Nf6 Bxc6,"Ruy Lopez, Steinitz Defense, Nimzowitsch Attack"
e4 e5 Nf3 Nc6 Bb5 d6 d4 Bd7 c4,"Ruy Lopez, Steinitz Defense, Semi-Duras Variation"
e4 e5 Nf3 Nc6 Bb5 f5,"Ruy Lopez, Schliemann Defense"
e4 e5 Nf3 Nc6 Bb5 f5 Nc3 fxe4 Nxe4 d5 Nxe5 dxe4 Nxc6 Qg5,"Ruy Lopez, Schliemann Defense, Classical Variation"
e4 e5 Nf3 Nc6 Bb5 f5 Nc3,"Ruy Lopez, Schliemann Defense, Dyckhoff Variation"
e4 e5 Nf3 Nc6 Bb5 f5 Bxc6,"Ruy Lopez, Schliemann Defense, Exchange Variation"
e4 e5 Nf3 Nc6 Bb5 f5 exf5,"Ruy Lopez, Schliemann Defense, Jaenisch Gambit Accepted"
e4 e5 Nf3 Nc6 Bb5 f5 Nc3 fxe4 Nxe4 Be7,"Ruy Lopez, Schliemann Defense, Kostić Defense"
e4 e5 Nf3 Nc6 Bb5 f5 Nc3 fxe4 Nxe4 d5 Nxe5 dxe4 Nxc6 Qd5,"Ruy Lopez, Schliemann Defense, Möhring Variation"
e4 e5 Nf3 Nc6 Bb5 f5 d4,"Ruy Lopez, Schliemann Defense, Schönemann Attack"
e4 e5 Nf3 Nc6 Bb5 f5 Nc3 fxe4 Nxe4 Nf6,"Ruy Lopez, Schliemann Defense, Tartakower Variation"
e4 e5 Nf3 Nc6 Bb5 Nf6 O-O Bc5 c3 O-O d4 Bb6,"Ruy Lopez, Classical Defense, Benelux Variation"
e4 e5 Nf3 Nc6 Bb5 Bc5 c3 Qe7,"Ruy Lopez, Classical Defense, Boden Variation"
e4 e5 Nf3 Nc6 Bb5 Bc5 O-O Nd4 b4,"Ruy Lopez, Classical Defense, Zaitsev Variation"
e4 e5 Nf3 Nc6 Bb5 Bc5,"Ruy Lopez, Classical Variation"
e4 e5 Nf3 Nc6 Bb5 Bc5 c3,"Ruy Lopez, Classical Variation, Central Variation"
e4 e5 Nf3 Nc6 Bb5 Bc5 c3 Bb6,"Ruy Lopez, Classical Variation, Charousek Variation"
e4 e5 Nf3 Nc6 Bb5 Bc5 c3 f5,"Ruy Lopez, Classical Variation, Cordel Gambit"
e4 e5 Nf3 Nc6 Bb5 Bc5 c3 d5,"Ruy Lopez, Classical Variation, Konikowski Gambit"
e4 e5 Nf3 Nc6 Bb5 Nf6 O-O Bc5 c3 O-O d4 Bb6 Bg5,"Ruy Lopez, Classical Variation, Modern Main Line"
e4 e5 Nf3 Nc6 Bb5 Bc5 b4,"Ruy Lopez, Classical Variation, Spanish Wing Gambit"
e4 e5 Nf3 Nc6 Bb5 Nf6,"Ruy Lopez, Berlin Defense"
e4 e5 Nf3 Nc6 Bb5 Nf6 O-O,"Ruy Lopez, Berlin Defense"
e4 e5 Nf3 Nc6 Bb5 Nf6 d3,"Ruy Lopez, Berlin Defense, Anti-Berlin Variation"
e4 e5 Nf3 Nc6 Bb5 Nf6 d3 d6 Bxc6+,"Ruy Lopez, Berlin Defense, Anti-Berlin Variation, Anderssen Variation"
e4 e5 Nf3 Nc6 Bb5 Nf6 d3 d6 c4,"Ruy Lopez, Berlin Defense, Anti-Berlin Variation, Duras Variation"
e4 e5 Nf3 Nc6 Bb5 Nf6 d3 Bc5 Be3,"Ruy Lopez, Berlin Defense, Anti-Berlin Variation, Kaufmann Variation"
e4 e5 Nf3 Nc6 Bb5 Nf6 d3 Ne7 Nxe5 c6,"Ruy Lopez, Berlin Defense, Anti-Berlin Variation, Mortimer Trap"
e4 e5 Nf3 Nc6 Bb5 Nf6 d3 Ne7,"Ruy Lopez, Berlin Defense, Anti-Berlin Variation, Mortimer Variation"
e4 e5 Nf3 Nc6 Bb5 Nf6 O-O Bc5,"Ruy Lopez, Berlin Defense, Beverwijk Variation"
e4 e5 Nf3 Nc6 Bb5 Nf6 O-O Ng4,"Ruy Lopez, Berlin Defense, Fishing Pole Variation"
e4 e5 Nf3 Nc6 Bb5 Nf6 d4 exd4 O-O,"Ruy Lopez, Berlin Defense, Nyholm Attack"
e4 e5 Nf3 Nc6 Bb5 Nf6 O-O Bc5 c3,"Ruy Lopez, Classical Variation, Zukertort Gambit"
e4 e5 Nf3 Nc6 Bb5 Nf6 Nxe5,"Ruy Lopez, Halloween Attack"
e4 e5 Nf3 Nc6 Bb5 Nf6 O-O d6 d4 Bd7 Nc3 Be7 Bg5,"Ruy Lopez, Berlin Defense, Closed Bernstein Variation"
e4 e5 Nf3 Nc6 Bb5 Nf6 O-O d6 d4 Bd7 Nc3 Be7 Bxc6,"Ruy Lopez, Berlin Defense, Closed Showalter Variation"
e4 e5 Nf3 Nc6 Bb5 Nf6 O-O d6 d4 Bd7 Nc3 exd4,"Ruy Lopez, Berlin Defense, Closed Wolf Variation"
e4 e5 Nf3 Nc6 Bb5 Nf6 O-O d6 d4 Bd7 Nc3 Be7,"Ruy Lopez, Berlin Defense, Hedgehog Variation"
e4 e5 Nf3 Nc6 Bb5 Nf6 O-O d6,"Ruy Lopez, Berlin Defense, Improved Steinitz Defense"
e4 e5 Nf3 Nc6 Bb5 d6 d4 Bd7 Nc3 Nf6 O-O Be7 Re1 O-O,"Ruy Lopez, Berlin Defense, Tarrasch Trap"
e4 e5 Nf3 Nc6 Bb5 Nf6 O-O d6 d4 Nd7,"Ruy Lopez, Closed Berlin Defense, Chigorin Variation"
e4 e5 Nf3 Nc6 Bb5 Nf6 O-O Nxe4 d4 Nd6 Bxc6 dxc6 dxe5 Nf5 Qxd8+ Kxd8 Nc3 Bd7,"Ruy Lopez, Berlin Defense, Berlin Wall"
e4 e5 Nf3 Nc6 Bb5 Nf6 O-O Nxe4 d4 Be7 Qe2 Nd6 Bxc6 bxc6 dxe5 Nf5,"Ruy Lopez, Berlin Defense, Cordel Variation"
e4 e5 Nf3 Nc6 Bb5 Nf6 O-O Nxe4 d4 Be7 dxe5,"Ruy Lopez, Berlin Defense, Minckwitz Variation"
e4 e5 Nf3 Nc6 Bb5 Nf6 O-O Nxe4 d4 Be7 Qe2 Nd6 Bxc6 bxc6 dxe5 Nb7 b3,"Ruy Lopez, Berlin Defense, Pillsbury Variation"
e4 e5 Nf3 Nc6 Bb5 Nf6 O-O Nxe4,"Ruy Lopez, Berlin Defense, Rio Gambit Accepted"
e4 e5 Nf3 Nc6 Bb5 Nf6 O-O Nxe4 d4 Be7,"Ruy Lopez, Berlin Defense, Rio de Janeiro Variation"
e4 e5 Nf3 Nc6 Bb5 Nf6 O-O Nxe4 d4 Be7 Qe2 Nd6 Bxc6 bxc6 dxe5 Nb7 Nc3 O-O Re1 Nc5 Nd4 Ne6 Be3 Nxd4 Bxd4 c5,"Ruy Lopez, Berlin Defense, Rio de Janeiro Variation"
e4 e5 Nf3 Nc6 Bb5 Nf6 O-O Nxe4 d4 a6,"Ruy Lopez, Berlin Defense, Rosenthal Variation"
e4 e5 Nf3 Nc6 Bb5 Nf6 O-O Nxe4 d4 Be7 Qe2 d5,"Ruy Lopez, Berlin Defense, Trifunovic Variation"
e4 e5 Nf3 Nc6 Bb5 Nf6 O-O Nxe4 d4 Be7 Qe2 Nd6 Bxc6 bxc6 dxe5 Nb7 Nd4,"Ruy Lopez, Berlin Defense, Winawer Attack"
e4 e5 Nf3 Nc6 Bb5 Nf6 O-O Nxe4 d4 Be7 Qe2 Nd6 Bxc6 bxc6 dxe5 Nb7 c4,"Ruy Lopez, Berlin Defense, Zukertort Variation"
e4 e5 Nf3 Nc6 Bb5 Nf6 O-O Nxe4 d4 Nd6,"Ruy Lopez, Berlin Defense, l'Hermet Variation"
e4 e5 Nf3 Nc6 Bb5 Nf6 O-O Nxe4 d4 Nd6 Bxc6 dxc6 dxe5 Nf5 Qxd8+ Kxd8,"Ruy Lopez, Berlin Defense, l'Hermet Variation, Berlin Wall Defense"
e4 e5 Nf3 Nc6 Bb5 Nf6 O-O Nxe4 d4 Nd6 Bxc6 dxc6 dxe5 Ne4,"Ruy Lopez, Berlin Defense, l'Hermet Variation, Westerinen Line"
e4 e5 Nf3 Nc6 Bb5 Nf6 O-O Nxe4 d4 Nd6 Ba4,"Ruy Lopez, Open Berlin Defense, Showalter Variation"
e4 e5 Nf3 Nc6 Bb5 Nf6 O-O Nxe4 d4 Nd6 dxe5,"Ruy Lopez, Open Berlin Defense, l'Hermet Variation"
e4 e5 Nf3 Nc6 Bb5 a6 Bxc6,"Ruy Lopez, Exchange Variation"
e4 e5 Nf3 Nc6 Bb5 a6 Bxc6 dxc6 d4 exd4 Qxd4 Qxd4 Nxd4 Bd6,"Ruy Lopez, Exchange Variation, Alekhine Variation"
e4 e5 Nf3 Nc6 Bb5 a6 Bxc6 dxc6 Nc3,"Ruy Lopez, Exchange Variation, Keres Variation"
e4 e5 Nf3 Nc6 Bb5 a6 Bxc6 bxc6,"Ruy Lopez, Exchange Variation, Lutikov Variation"
e4 e5 Nf3 Nc6 Bb5 a6 Bxc6 dxc6 Nc3 f6 d3,"Ruy Lopez, Exchange Variation, Romanovsky Variation"
e4 e5 Nf3 Nc6 Bb5 a6 Bxc6 dxc6 d4 exd4 Qxd4 Qxd4 Nxd4 Bd7,"Ruy Lopez, Exchange, Alekhine Variation"
e4 e5 Nf3 Nc6 Bb5 a6 Bxc6 dxc6 O-O Bg4 h3 h5,"Ruy Lopez, Exchange Variation, Alapin Gambit"
e4 e5 Nf3 Nc6 Bb5 a6 Bxc6 dxc6 O-O Qd6,"Ruy Lopez, Exchange Variation, Bronstein Variation"
e4 e5 Nf3 Nc6 Bb5 a6 Bxc6 dxc6 O-O f6,"Ruy Lopez, Exchange Variation, Gligoric Variation"
e4 e5 Nf3 Nc6 Bb5 a6 Bxc6 dxc6 O-O Bd6,"Ruy Lopez, Exchange Variation, King's Bishop Variation"
e4 e5 Nf3 Nc6 Bb5 a6 Bxc6 dxc6 O-O,"Ruy Lopez, Exchange Variation, Normal Variation"
e4 e5 Nf3 Nc6 Bb5 a6 Ba4 Nd4,"Ruy Lopez, Bird's Defense Deferred"
e4 e5 Nf3 Nc6 Bb5 a6,"Ruy Lopez, Morphy Defense"
e4 e5 Nf3 Nc6 Bb5 a6 Ba4 Bb4,"Ruy Lopez, Morphy Defense, Alapin's Defense Deferred"
e4 e5 Nf3 Nc6 Bb5 a6 Ba4 b5,"Ruy Lopez, Morphy Defense, Caro Variation"
e4 e5 Nf3 Nc6 Bb5 a6 Ba4 Bc5,"Ruy Lopez, Morphy Defense, Classical Defense Deferred"
e4 e5 Nf3 Nc6 Bb5 a6 Ba4 Nge7,"Ruy Lopez, Morphy Defense, Cozio Defense"
e4 e5 Nf3 Nc6 Bb5 a6 Ba4 g6,"Ruy Lopez, Morphy Defense, Fianchetto Defense Deferred"
e4 e5 Nf3 Nc6 Bb5 a6 Ba4 b5 Bb3 Bc5,"Ruy Lopez, Morphy Defense, Graz Variation"
e4 e5 Nf3 Nc6 Bb5 a6 Ba4 b5 Bb3 Na5,"Ruy Lopez, Morphy Defense, Norwegian Variation"
e4 e5 Nf3 Nc6 Bb5 a6 Ba4 b5 Bb3 Na5 Bxf7+,"Ruy Lopez, Morphy Defense, Norwegian Variation, Nightingale Gambit"
e4 e5 Nf3 Nc6 Bb5 a6 Ba4 f5,"Ruy Lopez, Morphy Defense, Schliemann Defense Deferred"
e4 e5 Nf3 Nc6 Bb5 a6 Ba4 f5 exf5,"Ruy Lopez, Morphy Defense, Schliemann Defense Deferred, Jaenisch Gambit Deferred"
e4 e5 Nf3 Nc6 Bb5 a6 Ba4 d6,"Ruy Lopez, Morphy Defense, Modern Steinitz Defense"
e4 e5 Nf3 Nc6 Bb5 a6 Ba4 d6 Nc3,"Ruy Lopez, Morphy Defense, Modern Steinitz Defense"
e4 e5 Nf3 Nc6 Bb5 a6 Ba4 d6 c4,"Ruy Lopez, Morphy Defense, Modern Steinitz Defense"
e4 e5 Nf3 Nc6 Bb5 a6 Ba4 b5 Bb3 d6 d4 Nxd4 Nxd4 exd4 Qxd4 c5,"Ruy Lopez, Noah's Ark Trap"
e4 e5 Nf3 Nc6 Bb5 a6 Ba4 d6 O-O Bd7 c3 Nf6 d4 Be7 Nbd2 O-O Re1 Be8,"Ruy Lopez, Closed, Kecskemet Variation"
e4 e5 Nf3 Nc6 Bb5 a6 Ba4 d6 O-O,"Ruy Lopez, Morphy Defense, Modern Steinitz Defense"
e4 e5 Nf3 Nc6 Bb5 a6 Ba4 d6 Bxc6+ bxc6 d4,"Ruy Lopez, Morphy Defense, Modern Steinitz Defense"
e4 e5 Nf3 Nc6 Bb5 a6 Ba4 d6 Bxc6+ bxc6 d4 f6,"Ruy Lopez, Morphy Defense, Modern Steinitz Defense"
e4 e5 Nf3 Nc6 Bb5 a6 Ba4 d6 c3,"Ruy Lopez, Morphy Defense, Modern Steinitz Defense"
e4 e5 Nf3 Nc6 Bb5 a6 Ba4 d6 c3 f5 exf5 Bxf5 O-O,"Ruy Lopez, Morphy Defense, Modern Steinitz Defense"
e4 e5 Nf3 Nc6 Bb5 a6 Ba4 d6 c3 f5,"Ruy Lopez, Morphy Defense, Modern Steinitz Defense, Siesta Variation"
e4 e5 Nf3 Nc6 Bb5 a6 Ba4 d6 c3 Bd7,"Ruy Lopez, Morphy Defense, Modern Steinitz Defense"
e4 e5 Nf3 Nc6 Bb5 a6 Ba4 d6 c3 Bd7 d4 Nge7,"Ruy Lopez, Morphy Defense, Modern Steinitz Defense"
e4 e5 Nf3 Nc6 Bb5 g6 c3 a6 Ba4 d6 d4 Bd7,"Ruy Lopez, Morphy Defense, Modern Steinitz Defense, Fianchetto Variation"
e4 e5 Nf3 Nc6 Bb5 a6 Ba4 Nf6 d3,"Ruy Lopez, Morphy Defense, Anderssen Variation"
e4 e5 Nf3 Nc6 Bb5 a6 Ba4 Nf6 Bxc6,"Ruy Lopez, Morphy Defense, Bayreuth Variation"
e4 e5 Nf3 Nc6 Bb5 a6 Ba4 Nf6 d3 d6 c4,"Ruy Lopez, Morphy Defense, Duras Variation"
e4 e5 Nf3 Nc6 Bb5 a6 Ba4 Nf6 c3,"Ruy Lopez, Morphy Defense, Jaffe Gambit"
e4 e5 Nf3 Nc6 Bb5 a6 Ba4 Nf6 d4,"Ruy Lopez, Morphy Defense, Mackenzie Variation"
e4 e5 Nf3 Nc6 Bb5 a6 Ba4 Nf6 Nc3,"Ruy Lopez, Morphy Defense, Tarrasch Variation"
e4 e5 Nf3 Nc6 Bb5 a6 Ba4 Nf6 Qe2,"Ruy Lopez, Morphy Defense, Wormald Attack"
e4 e5 Nf3 Nc6 Bb5 a6 Ba4 Nf6 Qe2 b5 Bb3 Be7 d4 d6 c3 Bg4,"Ruy Lopez, Wormald Attack, Grünfeld Variation"
e4 e5 Nf3 Nc6 Bb5 a6 Ba4 Nf6 O-O g6,"Ruy Lopez, Brix Variation"
e4 e5 Nf3 Nc6 Bb5 a6 Ba4 Nf6 O-O d5,"Ruy Lopez, Central Countergambit"
e4 e5 Nf3 Nc6 Bb5 a6 Ba4 Nf6 O-O,"Ruy Lopez, Morphy Defense"
e4 e5 Nf3 Nc6 Bb5 a6 Ba4 Nf6 O-O b5 Bb3 d6,"Ruy Lopez, Morphy Defense"
e4 e5 Nf3 Nc6 Bb5 a6 Ba4 Nf6 O-O b5 Bb3 Bb7,"Ruy Lopez, Morphy Defense, Arkhangelsk Variation"
e4 e5 Nf3 Nc6 Bb5 a6 Ba4 Nf6 O-O Bc5,"Ruy Lopez, Morphy Defense, Møller Variation"
e4 e5 Nf3 Nc6 Bb5 a6 Ba4 Nf6 O-O b5 Bb3 Bc5,"Ruy Lopez, Morphy Defense, Neo-Arkhangelsk Variation"
e4 e5 Nf3 Nc6 Bb5 a6 Ba4 Nf6 O-O b5 Bb3 Be7 a4,"Ruy Lopez, Morphy Defense, Wing Attack"
e4 e5 Nf3 Nc6 Bb5 a6 Ba4 Nf6 O-O b5 Bb3 d6 Ng5 d5 exd5 Nd4 Re1 Bc5 Rxe5+ Kf8,"Ruy Lopez, Rabinovich Variation"
e4 e5 Nf3 Nc6 Bb5 a6 Ba4 Nf6 O-O d6,"Ruy Lopez, Morphy Defense, Steinitz Deferred"
e4 e5 Nf3 Nc6 Bb5 a6 Ba4 Nf6 O-O d6 Bxc6+ bxc6 d4 Nxe4,"Ruy Lopez, Morphy Defense, Steinitz Deferred"
e4 e5 Nf3 Nc6 Bb5 a6 Ba4 Nf6 O-O d6 Bxc6+ bxc6 d4 Nxe4 Re1 f5 dxe5 d5 Nc3,"Ruy Lopez, Steinitz Defense Deferred, Boleslavsky Variation"
e4 e5 Nf3 Nc6 Bb5 a6 Ba4 Nf6 O-O d6 Bxc6+ bxc6 d4 Bg4,"Ruy Lopez, Steinitz Defense Deferred, Lipnitsky Variation"
e4 e5 Nf3 Nc6 Bb5 a6 Ba4 Nf6 O-O Nxe4 Qe2,"Ruy Lopez, Morphy Defense, Tartakower Variation"
e4 e5 Nf3 Nc6 Bb5 a6 Ba4 Nf6 O-O Nxe4,"Ruy Lopez, Open"
e4 e5 Nf3 Nc6 Bb5 a6 Ba4 Nf6 O-O Nxe4 d4,"Ruy Lopez, Open"
e4 e5 Nf3 Nc6 Bb5 a6 Ba4 Nf6 O-O Nxe4 d4 b5 Bb3,"Ruy Lopez, Open"
e4 e5 Nf3 Nc6 Bb5 a6 Ba4 Nf6 O-O Nxe4 d4 b5 Bb3 d5 dxe5,"Ruy Lopez, Open"
e4 e5 Nf3 Nc6 Bb5 a6 Ba4 Nf6 O-O Nxe4 d4 b5 Bb3 d5 a4 Nxd4 Nxd4 exd4 Nc3,"Ruy Lopez, Open, Berger Variation"
e4 e5 Nf3 Nc6 Bb5 a6 Ba4 Nf6 O-O Nxe4 d4 b5 Bb3 d5 dxe5 Be6 Nbd2,"Ruy Lopez, Open, Bernstein Variation"
e4 e5 Nf3 Nc6 Bb5 a6 Ba4 Nf6 O-O Nxe4 d4 b5 Bb3 d5 dxe5 Be6 Nbd2 Bc5 Qe1,"Ruy Lopez, Open, Bernstein Variation, Luther Line"
e4 e5 Nf3 Nc6 Bb5 a6 Ba4 Nf6 O-O Nxe4 d4 b5 Nxe5,"Ruy Lopez, Open, Friess Attack"
e4 e5 Nf3 Nc6 Bb5 a6 Ba4 Nf6 O-O Nxe4 d4 b5 Bb3 d5 c4,"Ruy Lopez, Open, Harksen Gambit"
e4 e5 Nf3 Nc6 Bb5 a6 Ba4 Nf6 O-O Nxe4 d4 b5 Bb3 d5 dxe5 Be6 Nbd2 Nc5 c3 d4 Ng5,"Ruy Lopez, Open, Karpov Gambit"
e4 e5 Nf3 Nc6 Bb5 a6 Ba4 Nf6 O-O Nxe4 Nc3,"Ruy Lopez, Open, Knorre Variation"
e4 e5 Nf3 Nc6 Bb5 a6 Ba4 Nf6 O-O Nxe4 d4 b5 Bb3 d5 dxe5 Be6,"Ruy Lopez, Open, Main Line"
e4 e5 Nf3 Nc6 Bb5 a6 Ba4 Nf6 O-O Nxe4 d4 b5 d5,"Ruy Lopez, Open, Richter Variation"
e4 e5 Nf3 Nc6 Bb5 a6 Ba4 Nf6 O-O Nxe4 d4 exd4,"Ruy Lopez, Open, Riga Variation"
e4 e5 Nf3 Nc6 Bb5 a6 Ba4 Nf6 O-O Nxe4 d4 b5 Bb3 d5 a4 Nxd4,"Ruy Lopez, Open, Schlechter Defense"
e4 e5 Nf3 Nc6 Bb5 a6 Ba4 Nf6 O-O Nxe4 Re1 d5,"Ruy Lopez, Open, Skipworth Gambit"
e4 e5 Nf3 Nc6 Bb5 a6 Ba4 Nf6 O-O Nxe4 d4 b5 Bb3 d5 dxe5 Ne7,"Ruy Lopez, Open, Zukertort Variation"
e4 e5 Nf3 Nc6 Bb5 a6 Ba4 Nf6 O-O Nxe4 d4 b5 Bb3 d5 dxe5 Be6 Qe2,"Ruy Lopez, Open, Howell Attack"
e4 e5 Nf3 Nc6 Bb5 a6 Ba4 Nf6 O-O Nxe4 d4 b5 Bb3 d5 dxe5 Be6 Qe2 Be7 c4,"Ruy Lopez, Open, Howell Attack"
e4 e5 Nf3 Nc6 Bb5 a6 Ba4 Nf6 O-O Nxe4 d4 b5 Bb3 d5 dxe5 Be6 Qe2 Be7 Rd1 O-O c4 bxc4 Bxc4 Qd7,"Ruy Lopez, Open, Howell Attack, Ekstrom Variation"
e4 e5 Nf3 Nc6 Bb5 a6 Ba4 Nf6 O-O Nxe4 d4 b5 Bb3 d5 dxe5 Be6 c3,"Ruy Lopez, Open"
e4 e5 Nf3 Nc6 Bb5 a6 Ba4 Nf6 O-O Nxe4 d4 b5 Bb3 d5 dxe5 Be6 c3 Nc5,"Ruy Lopez, Open, Berlin Variation"
e4 e5 Nf3 Nc6 Bb5 a6 Ba4 Nf6 O-O Nxe4 d4 b5 Bb3 d5 dxe5 Be6 c3 Bc5 Nbd2 O-O Bc2 Nxf2,"Ruy Lopez, Open, Dilworth Variation"
e4 e5 Nf3 Nc6 Bb5 a6 Ba4 Nf6 O-O Nxe4 d4 b5 Bb3 d5 dxe5 Be6 c3 Bc5,"Ruy Lopez, Open, Italian Variation"
e4 e5 Nf3 Nc6 Bb5 a6 Ba4 Nf6 O-O Nxe4 d4 b5 Bb3 d5 dxe5 Be6 c3 Bc5 Qd3,"Ruy Lopez, Open, Motzko Attack"
e4 e5 Nf3 Nc6 Bb5 a6 Ba4 Nf6 O-O Nxe4 d4 b5 Bb3 d5 dxe5 Be6 c3 Bc5 Qd3 Ne7,"Ruy Lopez, Open, Motzko Attack, Nenarokov Variation"
e4 e5 Nf3 Nc6 Bb5 a6 Ba4 Nf6 O-O Nxe4 d4 b5 Bb3 d5 dxe5 Be6 c3 Bc5 Nbd2,"Ruy Lopez, Open, St. Petersburg Variation"
e4 e5 Nf3 Nc6 Bb5 a6 Ba4 Nf6 O-O Nxe4 d4 b5 Bb3 d5 dxe5 Be6 c3 Be7 Re1 O-O Nd4 Nxe5,"Ruy Lopez, Open, Breslau Variation"
e4 e5 Nf3 Nc6 Bb5 a6 Ba4 Nf6 O-O Nxe4 d4 b5 Bb3 d5 dxe5 Be6 c3 Be7,"Ruy Lopez, Open, Classical Defense"
e4 e5 Nf3 Nc6 Bb5 a6 Ba4 Nf6 O-O Nxe4 d4 b5 Bb3 d5 dxe5 Be6 Nbd2 Nc5 c3 Be7,"Ruy Lopez, Open, Classical Defense"
e4 e5 Nf3 Nc6 Bb5 a6 Ba4 Nf6 O-O Nxe4 d4 Be7 Re1 b5 Bb3 d5 dxe5 Be6 c3,"Ruy Lopez, Open, Classical Defense, Main Line"
e4 e5 Nf3 Nc6 Bb5 a6 Ba4 Nf6 O-O Nxe4 d4 b5 Bb3 d5 dxe5 Be6 c3 Be7 Nbd2 O-O Qe2,"Ruy Lopez, Open, Malkin Variation"
e4 e5 Nf3 Nc6 Bb5 a6 Ba4 Nf6 O-O Nxe4 d4 b5 Bb3 d5 dxe5 Be6 c3 Be7 Re1 O-O Nd4 Qd7 Nxe6 fxe6 Rxe4,"Ruy Lopez, Open, Tarrasch Trap"
e4 e5 Nf3 Nc6 Bb5 a6 Ba4 Nf6 O-O Be7,"Ruy Lopez, Closed"
e4 e5 Nf3 Nc6 Bb5 a6 Ba4 Nf6 O-O Be7 d4 exd4 e5 Ne4 c3,"Ruy Lopez, Closed, Basque Gambit"
e4 e5 Nf3 Nc6 Bb5 a6 Ba4 Nf6 O-O Be7 d4,"Ruy Lopez, Closed, Center Attack"
e4 e5 Nf3 Nc6 Bb5 a6 Ba4 Nf6 O-O Be7 d4 exd4 e5 Ne4 c3 dxc3,"Ruy Lopez, Closed, Center Attack, Basque Gambit"
e4 e5 Nf3 Nc6 Bb5 a6 Ba4 Nf6 O-O Be7 d3,"Ruy Lopez, Closed, Martinez Variation"
e4 e5 Nf3 Nc6 Bb5 a6 Ba4 Nf6 O-O Be7 Nc3,"Ruy Lopez, Closed, Morphy Attack"
e4 e5 Nf3 Nc6 Bb5 a6 Ba4 Nf6 O-O Be7 Bxc6,"Ruy Lopez, Closed, Delayed Exchange"
e4 e5 Nf3 Nc6 Bb5 a6 Ba4 Nf6 O-O Be7 Qe2,"Ruy Lopez, Closed, Worrall Attack"
e4 e5 Nf3 Nc6 Bb5 a6 Ba4 Nf6 O-O Be7 Qe2 b5 Bb3 O-O,"Ruy Lopez, Closed, Worrall Attack, Castling Line"
e4 e5 Nf3 Nc6 Bb5 a6 Ba4 Nf6 Qe2 Be7 O-O b5 Bb3 O-O c3 d5 d3,"Ruy Lopez, Closed, Worrall Attack, Castling Line"
e4 e5 Nf3 Nc6 Bb5 a6 Ba4 Nf6 O-O Be7 Qe2 b5 Bb3 d6,"Ruy Lopez, Closed, Worrall Attack, Delayed Castling Line"
e4 e5 Nf3 Nc6 Bb5 a6 Ba4 Nf6 O-O Be7 Re1 d6,"Ruy Lopez, Closed, Averbakh Variation"
e4 e5 Nf3 Nc6 Bb5 a6 Ba4 Nf6 O-O Be7 Re1 b5 Bb3,"Ruy Lopez, Closed"
e4 e5 Nf3 Nc6 Bb5 a6 Ba4 Nf6 O-O Be7 Re1 b5 Bb3 O-O,"Ruy Lopez, Closed"
e4 e5 Nf3 Nc6 Bb5 a6 Ba4 Nf6 O-O Be7 Re1 b5 Bb3 d6 c3 Na5 Bc2 c5 d4 Qc7 Nbd2 O-O Nf1 Bg4 Ne3 Bxf3 Qxf3,"Ruy Lopez, Closed, Alekhine Gambit"
e4 e5 Nf3 Nc6 Bb5 a6 Ba4 Nf6 O-O Be7 Re1 b5 Bb3 O-O a4,"Ruy Lopez, Closed, Anti-Marshall"
e4 e5 Nf3 Nc6 Bb5 a6 Ba4 Nf6 O-O Be7 Re1 b5 Bb3 d6 c3 Na5 Bc2 c5 d4 Qc7 a4,"Ruy Lopez, Closed, Balla Variation"
e4 e5 Nf3 Nc6 Bb5 a6 Ba4 Nf6 O-O Be7 Re1 b5 Bb3 d6 c3 Na5 Bc2 c5 d4 Qc7 h3 Nc6 d5 Nb8 Nbd2 g5,"Ruy Lopez, Closed, Leonhardt Variation"
e4 e5 Nf3 Nc6 Bb5 a6 Ba4 Nf6 O-O Be7 Re1 b5 Bb3 d6 d4,"Ruy Lopez, Closed, Rosen Attack"
e4 e5 Nf3 Nc6 Bb5 a6 Ba4 Nf6 O-O Be7 Re1 b5 Bb3 Bb7,"Ruy Lopez, Closed, Trajkovic Counterattack"
e4 e5 Nf3 Nc6 Bb5 a6 Ba4 Nf6 O-O Be7 Re1 b5 Bb3 d6 d4 Nxd4 Nxd4 exd4 Qxd4 c5,"Ruy Lopez, Noah's Ark Trap"
e4 e5 Nf3 Nc6 Bb5 a6 Ba4 Nf6 O-O Be7 Re1 b5 Bb3 O-O c3 d5,"Ruy Lopez, Marshall Attack"
e4 e5 Nf3 Nc6 Bb5 a6 Ba4 Nf6 O-O Be7 Re1 b5 Bb3 O-O c3 d5 exd5 Nxd5 a4 Bb7,"Ruy Lopez, Marshall Attack"
e4 e5 Nf3 Nc6 Bb5 a6 Ba4 Nf6 O-O Be7 Re1 b5 Bb3 O-O c3 d5 exd5 Nxd5 Nxe5 Nxe5 Rxe5 c6 d4,"Ruy Lopez, Marshall Attack, Main Line"
e4 e5 Nf3 Nc6 Bb5 a6 Ba4 Nf6 O-O Be7 Re1 b5 Bb3 O-O c3 d5 exd5 Nxd5 Nxe5 Nxe5 Rxe5 c6 d4 Bd6 Re1 Qh4 g3 Qh3 Be3 Bg4 Qd3 Rae8 Nd2 Re6 a4 Qh5,"Ruy Lopez, Marshall Attack, Main Line, Spassky Variation"
e4 e5 Nf3 Nc6 Bb5 a6 Ba4 Nf6 O-O Be7 Re1 b5 Bb3 O-O c3 d5 exd5 Nxd5 Nxe5 Nxe5 Rxe5 c6 d4 Bd6 Re1 Qh4 g3 Qh3,"Ruy Lopez, Marshall Attack, Modern Main Line"
e4 e5 Nf3 Nc6 Bb5 a6 Ba4 Nf6 O-O Be7 Re1 b5 Bb3 O-O c3 d5 exd5 Nxd5 Nxe5 Nxe5 Rxe5 c6,"Ruy Lopez, Marshall Attack, Modern Variation"
e4 e5 Nf3 Nc6 Bb5 a6 Ba4 Nf6 O-O Be7 Re1 b5 Bb3 O-O c3 d5 exd5 Nxd5 Nxe5 Nxe5 Rxe5 Nf6,"Ruy Lopez, Marshall Attack, Original Marshall Attack"
e4 e5 Nf3 Nc6 Bb5 a6 Ba4 Nf6 O-O Be7 Re1 b5 Bb3 O-O c3 d5 exd5 Nxd5 Nxe5 Nxe5 Rxe5 c6 Bxd5 cxd5 d4 Bd6 Re3,"Ruy Lopez, Marshall Attack, Re3 Variation"
e4 e5 Nf3 Nc6 Bb5 a6 Ba4 Nf6 O-O Be7 Re1 b5 Bb3 O-O c3 d5 exd5 e4,"Ruy Lopez, Marshall Attack, Steiner Variation"
e4 e5 Nf3 Nc6 Bb5 a6 Ba4 Nf6 O-O Be7 Re1 b5 Bb3 d6 c3 O-O,"Ruy Lopez, Closed"
e4 e5 Nf3 Nc6 Bb5 a6 Ba4 Nf6 O-O Be7 Re1 b5 Bb3 d6 c3 O-O Bc2,"Ruy Lopez, Closed, Lutikov Variation"
e4 e5 Nf3 Nc6 Bb5 a6 Ba4 Nf6 O-O Be7 Re1 b5 Bb3 O-O d3 d6 c3,"Ruy Lopez, Closed, Pilnik Variation"
e4 e5 Nf3 Nc6 Bb5 a6 Ba4 Nf6 O-O Be7 Re1 b5 Bb3 d6 c3 O-O a3,"Ruy Lopez, Closed, Suetin Variation"
e4 e5 Nf3 Nc6 Bb5 a6 Ba4 Nf6 O-O Be7 Re1 b5 Bb3 d6 c3 O-O d4 Bg4,"Ruy Lopez, Closed, Bogoljubow Variation"
e4 e5 Nf3 Nc6 Bb5 a6 Ba4 Nf6 O-O Be7 Re1 b5 Bb3 d6 c3 O-O d4,"Ruy Lopez, Closed, Yates Variation"
e4 e5 Nf3 Nc6 Bb5 a6 Ba4 Nf6 O-O Be7 Re1 b5 Bb3 d6 c3 O-O d4 Bg4 a4,"Ruy Lopez, Closed, Yates Variation, Short Attack"
e4 e5 Nf3 Nc6 Bb5 a6 Ba4 Nf6 O-O Be7 Re1 b5 Bb3 d6 c3 O-O h3,"Ruy Lopez, Closed"
e4 e5 Nf3 Nc6 Bb5 a6 Ba4 Nf6 O-O Be7 Re1 b5 Bb3 d6 c3 O-O h3 Bb7,"Ruy Lopez, Closed, Flohr System"
e4 e5 Nf3 Nc6 Bb5 a6 Ba4 Nf6 O-O Be7 Re1 b5 Bb3 d6 c3 O-O h3 Nd7,"Ruy Lopez, Closed, Karpov Variation"
e4 e5 Nf3 Nc6 Bb5 a6 Ba4 Nf6 O-O Be7 Re1 b5 Bb3 d6 c3 O-O h3 Be6,"Ruy Lopez, Closed, Kholmov Variation"
e4 e5 Nf3 Nc6 Bb5 a6 Ba4 Nf6 O-O Be7 Re1 b5 Bb3 d6 c3 O-O h3 Bb7 d4 Re8 Nbd2 Bf8 a3 h6,"Ruy Lopez, Closed, Smyslov-Breyer-Zaitsev Hybrid"
e4 e5 Nf3 Nc6 Bb5 a6 Ba4 Nf6 O-O Be7 Re1 b5 Bb3 d6 c3 O-O h3 Re8,"Ruy Lopez, Closed, Zaitsev System"
e4 e5 Nf3 Nc6 Bb5 a6 Ba4 Nf6 O-O Be7 Re1 b5 Bb3 d6 c3 O-O h3 h6,"Ruy Lopez, Closed, Smyslov Defense"
e4 e5 Nf3 Nc6 Bb5 a6 Ba4 Nf6 O-O Be7 Re1 b5 Bb3 d6 c3 O-O h3 Nb8,"Ruy Lopez, Closed, Breyer Defense"
e4 e5 Nf3 Nc6 Bb5 a6 Ba4 Nf6 O-O Be7 Re1 b5 Bb3 d6 c3 O-O h3 Nb8 d3,"Ruy Lopez, Closed, Breyer Defense, Quiet Variation"
e4 e5 Nf3 Nc6 Bb5 a6 Ba4 Nf6 O-O Be7 Re1 b5 Bb3 d6 c3 O-O h3 Nb8 d4,"Ruy Lopez, Closed, Breyer"
e4 e5 Nf3 Nc6 Bb5 a6 Ba4 Nf6 O-O Be7 Re1 b5 Bb3 d6 c3 O-O h3 Nb8 d4 Nbd7 Nbd2 Bb7 Bc2 c5,"Ruy Lopez, Closed, Breyer Defense"
e4 e5 Nf3 Nc6 Bb5 a6 Ba4 Nf6 O-O Be7 Re1 b5 Bb3 d6 c3 O-O h3 Nb8 d4 Nbd7 Nh4,"Ruy Lopez, Closed, Breyer Defense"
e4 e5 Nf3 Nc6 Bb5 a6 Ba4 Nf6 O-O Be7 Re1 b5 Bb3 d6 c3 O-O h3 Nb8 d4 Nbd7,"Ruy Lopez, Closed, Breyer Defense, Zaitsev Hybrid"
e4 e5 Nf3 Nc6 Bb5 a6 Ba4 Nf6 O-O Be7 Re1 b5 Bb3 d6 c3 O-O h3 Na5 Bc2 c5 d4 Nc6,"Ruy Lopez, Closed, Borisenko Variation"
e4 e5 Nf3 Nc6 Bb5 a6 Ba4 Nf6 O-O Be7 Re1 b5 Bb3 d6 c3 O-O h3 Na5 Bc2,"Ruy Lopez, Closed, Chigorin Defense"
e4 e5 Nf3 Nc6 Bb5 a6 Ba4 Nf6 O-O Be7 Re1 b5 Bb3 d6 c3 O-O h3 Na5 Bc2 c5,"Ruy Lopez, Closed, Chigorin Defense"
e4 e5 Nf3 Nc6 Bb5 a6 Ba4 Nf6 O-O Be7 Re1 b5 Bb3 d6 c3 O-O h3 Na5 Bc2 d5,"Ruy Lopez, Closed, Chigorin Defense, Gajewski Gambit"
e4 e5 Nf3 Nc6 Bb5 a6 Ba4 Nf6 O-O Be7 Re1 b5 Bb3 d6 c3 O-O h3 Na5 Bc2 c5 d4 Nd7,"Ruy Lopez, Closed, Keres Defense"
e4 e5 Nf3 Nc6 Bb5 a6 Ba4 Nf6 O-O Be7 Re1 b5 Bb3 d6 c3 O-O h3 Na5 Bc2 c6 d4 Qc7,"Ruy Lopez, Closed, Rossolimo Defense"
e4 e5 Nf3 Nc6 Bb5 a6 Ba4 Nf6 O-O Be7 Re1 b5 Bb3 d6 c3 O-O h3 Na5,"Ruy Lopez, Closed, Chigorin Defense"
e4 e5 Nf3 Nc6 Bb5 a6 Ba4 Nf6 O-O Be7 Re1 b5 Bb3 d6 c3 O-O h3 Na5 Bc2 c5 d4 Qc7,"Ruy Lopez, Closed, Chigorin Defense"
e4 e5 Nf3 Nc6 Bb5 a6 Ba4 Nf6 O-O Be7 Re1 b5 Bb3 d6 c3 O-O h3 Na5 Bc2 c5 d4 Qc7 Nbd2 Bd7 Nf1 Rfe8 Ne3 g6,"Ruy Lopez, Closed, Chigorin, Yugoslav System"
e4 e5 Nf3 Nc6 Bb5 a6 Ba4 Nf6 O-O Be7 Re1 b5 Bb3 d6 c3 O-O h3 Na5 Bc2 c5 d4 Qc7 Nbd2 Nc6,"Ruy Lopez, Closed, Chigorin Defense"
e4 e5 Nf3 Nc6 Bb5 a6 Ba4 Nf6 O-O Be7 Re1 b5 Bb3 d6 c3 O-O h3 Na5 Bc2 c5 d4 Qc7 Nbd2 Nc6 dxc5,"Ruy Lopez, Closed, Chigorin Defense"
e4 e5 Nf3 Nc6 Bb5 a6 Ba4 Nf6 O-O Be7 Re1 b5 Bb3 d6 c3 O-O h3 Na5 Bc2 c5 d4 Qc7 Nbd2 cxd4 cxd4,"Ruy Lopez, Closed, Chigorin Defense, Panov System"
d4 d5 Qd3,Amazon Attack
d4 d5 e4,Blackmar-Diemer Gambit
d4 d5 e4 dxe4 Nc3 Nf6,Blackmar-Diemer Gambit
d4 d5 e4 dxe4 Nc3 Nf6 f3 exf3,Blackmar-Diemer Gambit Accepted
d4 d5 e4 dxe4 Nc3 Nf6 f3 exf3 Nxf3 g6,"Blackmar-Diemer Gambit Accepted, Bogoljubow Defense"
d4 d5 e4 dxe4 Nc3 Nf6 f3 exf3 Nxf3 g6 Bc4 Bg7 O-O O-O Kh1,"Blackmar-Diemer Gambit Accepted, Bogoljubow Defense, Kloss Attack"
d4 d5 e4 dxe4 Nc3 Nf6 f3 exf3 Nxf3 g6 Bc4 Bg7 h4,"Blackmar-Diemer Gambit Accepted, Bogoljubow Defense, Mad Dog Attack"
d4 d5 e4 dxe4 Nc3 Nf6 f3 exf3 Nxf3 g6 Bc4 Bg7 Ne5,"Blackmar-Diemer Gambit Accepted, Bogoljubow Defense, Nimzowitsch Attack"
d4 d5 e4 dxe4 Nc3 Nf6 f3 exf3 Nxf3 g6 Bc4 Bg7 O-O O-O Qe1,"Blackmar-Diemer Gambit Accepted, Bogoljubow Defense, Studier Attack"
d4 d5 e4 dxe4 Nc3 Nf6 f3 exf3 Nxf3 e6,"Blackmar-Diemer Gambit Accepted, Euwe Defense"
d4 d5 e4 dxe4 Nc3 Nf6 f3 exf3 Nxf3 e6 Bd3,"Blackmar-Diemer Gambit Accepted, Euwe Defense, Duthilleul Gambit"
d4 d5 e4 dxe4 Nc3 Nf6 f3 exf3 Nxf3 e6 Bg5 Be7 Bd3 Nc6 O-O Nxd4 Kh1,"Blackmar-Diemer Gambit Accepted, Euwe Defense, Zilbermints Gambit"
d4 d5 e4 dxe4 Nc3 Nf6 f3 exf3 Nxf3 Bf5,"Blackmar-Diemer Gambit Accepted, Gunderam Defense"
d4 d5 e4 dxe4 Nc3 Nf6 f3 exf3 Nxf3 Bf5 Ne5 e6 g4 Be4,"Blackmar-Diemer Gambit Accepted, Gunderam Defense, Stader Variation"
d4 d5 e4 dxe4 Nc3 Nf6 f3 exf3 Nxf3 Qd6,"Blackmar-Diemer Gambit Accepted, Holwell Defense"
d4 d5 e4 dxe4 Nc3 Nf6 f3 exf3 Nxf3 c5,"Blackmar-Diemer Gambit Accepted, Kaulich Defense"
d4 d5 e4 dxe4 Nc3 Nf6 f3 exf3 Nxf3 Nc6,"Blackmar-Diemer Gambit Accepted, Pietrowsky Defense"
d4 d5 e4 dxe4 Nc3 Nf6 f3 exf3 Nxf3 b6,"Blackmar-Diemer Gambit Accepted, Ritter Defense"
d4 d5 e4 dxe4 Nc3 Nf6 f3 exf3 Qxf3,"Blackmar-Diemer Gambit Accepted, Ryder Gambit"
d4 d5 e4 dxe4 Nc3 Nf6 f3 exf3 Nxf3 Nbd7,"Blackmar-Diemer Gambit Accepted, Schlutter Defense"
d4 d5 e4 dxe4 Nc3 Nf6 f3 exf3 Nxf3 Bg4,"Blackmar-Diemer Gambit Accepted, Teichmann Defense"
d4 d5 e4 dxe4 Nc3 Nf6 f3 exf3 Nxf3 Bg4 h3 Bxf3 Qxf3 c6 Qf2,"Blackmar-Diemer Gambit Accepted, Teichmann Defense, Ciesielski Variation"
d4 d5 e4 dxe4 Nc3 Nf6 f3 exf3 Nxf3 Bg4 h3 Bxf3 Qxf3 c6 Be3,"Blackmar-Diemer Gambit Accepted, Teichmann Defense, Classical Variation"
d4 d5 e4 dxe4 Nc3 Nf6 f3 exf3 Nxf3 Bg4 h3 Bxf3 Qxf3 c6 g4,"Blackmar-Diemer Gambit Accepted, Teichmann Defense, Seidel-Hall Attack"
d4 d5 e4 dxe4 Nc3 Nf6 f3 exf3 Nxf3 c6,"Blackmar-Diemer Gambit Accepted, Ziegler Defense"
d4 d5 e4 dxe4 Nc3 Nf6 f3 c5,"Blackmar-Diemer Gambit Declined, Brombacher Countergambit"
d4 d5 e4 dxe4 Nc3 Nf6 f3 e5,"Blackmar-Diemer Gambit Declined, Elbert Countergambit"
d4 d5 e4 dxe4 Nc3 Nf6 f3 a6,"Blackmar-Diemer Gambit Declined, Gedult Defense"
d4 d5 e4 dxe4 Nc3 Nf6 f3 Nc6,"Blackmar-Diemer Gambit Declined, Lamb Defense"
d4 d5 e4 dxe4 Nc3 Nf6 f3 e3,"Blackmar-Diemer Gambit Declined, Langeheinicke Defense"
d4 d5 e4 dxe4 Nc3 Nf6 f3 c6,"Blackmar-Diemer Gambit Declined, O'Kelly Defense"
d4 d5 e4 dxe4 Nc3 Nf6 f3 Bf5,"Blackmar-Diemer Gambit Declined, Vienna Defense"
d4 d5 e4 dxe4 Nc3 Nf6 f3 e6,"Blackmar-Diemer Gambit Declined, Weinsbach Defense"
d4 d5 e4 dxe4 Nc3 Nf6 f3 e6 fxe4,"Blackmar-Diemer Gambit Declined, Weinsbach Defense, Pfrang Gambit"
d4 d5 e4 dxe4 f3,"Blackmar-Diemer Gambit, Blackmar Gambit"
d4 d5 e4 dxe4 Be3,"Blackmar-Diemer Gambit, Diemer-Rosenberg Attack"
d4 d5 e4 dxe4 Bc4,"Blackmar-Diemer Gambit, Fritz Attack"
d4 d5 e4 dxe4 Nc3 e5,"Blackmar-Diemer Gambit, Lemberger Countergambit"
d4 d5 e4 dxe4 Nc3 e5 dxe5,"Blackmar-Diemer Gambit, Lemberger Countergambit, Endgame Variation"
d4 d5 e4 dxe4 Nc3 e5 Nxe4,"Blackmar-Diemer Gambit, Lemberger Countergambit, Lange Gambit"
d4 d5 e4 dxe4 Nc3 e5 Nge2,"Blackmar-Diemer Gambit, Lemberger Countergambit, Rasmussen Attack"
d4 d5 e4 dxe4 Nc3 e5 Qh5,"Blackmar-Diemer Gambit, Lemberger Countergambit, Sneiders Attack"
d4 d5 e4 dxe4 Nc3 e5 Be3,"Blackmar-Diemer Gambit, Lemberger Countergambit, Soller Attack"
d4 d5 e4 dxe4 Nc3 f5,"Blackmar-Diemer Gambit, Netherlands Variation"
d4 d5 e4 dxe4 Nc3 Nf6 Be3,"Blackmar-Diemer Gambit, Rasa-Studier Gambit"
d4 d5 e4 dxe4 Nc3 c5,"Blackmar-Diemer Gambit, Reversed Albin Countergambit"
d4 d5 e4 dxe4 Nc3 Bf5,"Blackmar-Diemer Gambit, Zeller Defense"
d4 d5 e4 dxe4 Nc3 Bf5 f3 Nf6 Bc4,"Blackmar-Diemer Gambit, Zeller Defense, Soller Attack"
d4 d5 e4 dxe4 Nc3 Nf6 Bg5,"Blackmar-Diemer Gambit, von Popiel Gambit"
d4 d5 e4 dxe4 Nc3 Nf6 Bg5 Bf5 Bxf6 exf6 g4 Bg6 Qe2 Bb4 Qb5+,"Blackmar-Diemer Gambit, von Popiel Gambit, Zilbermints Variation"
d4 d5,Queen's Pawn Game
d4 d5 e3,Queen's Pawn Game
d4 d5 e3 Nf6,Queen's Pawn Game
d4 d5 Bf4,"Queen's Pawn Game, Accelerated London System"
d4 d5 Bf4 c5,"Queen's Pawn Game, Accelerated London System, Steinitz Countergambit"
d4 d5 Bf4 c5 dxc5,"Queen's Pawn Game, Accelerated London System, Steinitz Countergambit Accepted"
d4 d5 Bf4 c5 e4,"Queen's Pawn Game, Accelerated London System, Steinitz Countergambit, Morris Countergambit"
d4 d5 Bf4 c5 e4 dxe4,"Queen's Pawn Game, Accelerated London System, Steinitz Countergambit, Morris Countergambit Accepted"
d4 d5 Nc3,"Queen's Pawn Game, Chigorin Variation"
d4 d5 Nc3 e6,"Queen's Pawn Game, Chigorin Variation"
d4 d5 Nc3 Bf5,"Queen's Pawn Game, Chigorin Variation, Alburt Defense"
d4 d5 Nc3 Bg4,"Queen's Pawn Game, Chigorin Variation, Anti-Veresov"
d4 g6 Nf3 Bg7 Nc3 d5,"Queen's Pawn Game, Chigorin Variation, Fianchetto Defense"
d4 d5 Nc3 c5,"Queen's Pawn Game, Chigorin Variation, Irish Gambit"
d4 d5 Nc3 e5,"Queen's Pawn Game, Chigorin Variation, Shaviliuk Gambit"
d4 d5 Nc3 h5,"Queen's Pawn Game, Chigorin Variation, Shropshire Defense"
d4 Nf6 Nc3 d5 e4,"Queen's Pawn Game, Hübsch Gambit"
d4 d5 Bg5,"Queen's Pawn Game, Levitsky Attack"
d4 d5 Bg5 Bg4,"Queen's Pawn Game, Levitsky Attack, Welling Variation"
d4 d5 f4,"Queen's Pawn Game, Mason Attack"
d4 d5 e3 Nf6 Bd3,"Queen's Pawn Game, Stonewall Attack"
d4 d5 g4,"Queen's Pawn Game, Zurich Gambit"
d4 d5 Nc3 Nf6 Bf4,Rapport-Jobava System
d4 d5 Nc3 Nf6 Bf4 e6,Rapport-Jobava System
d4 d5 Nc3 Nf6 Bf4 g6,Rapport-Jobava System
d4 d5 Nc3 e6 Bf4,"Rapport-Jobava System, with e6"
d4 Nf6 Nc3 d5 Bg5,Richter-Veresov Attack
d4 Nf6 Nc3 d5 Bg5 Bf5,Richter-Veresov Attack
d4 Nf6 Nc3 d5 Bg5 Ne4,"Richter-Veresov Attack, Boyce Defense"
d4 Nf6 Nc3 d5 Bg5 c5 Bxf6 gxf6 e4 dxe4 d5,"Richter-Veresov Attack, Malich Gambit"
d4 Nf6 Nc3 d5 Bg5 Bf5 f3,"Richter-Veresov Attack, Richter Variation"
d4 Nf6 Nc3 d5 Bg5 Nbd7 Nf3,"Richter-Veresov Attack, Two Knights System"
d4 Nf6 Nc3 d5 Bg5 Nbd7 Nf3 g6,"Richter-Veresov Attack, Two Knights System, Grünfeld Defense"
d4 Nf6 Nc3 d5 Bg5 Bf5 Bxf6,"Richter-Veresov Attack, Veresov Variation"
d4 Nf6 Nf3 d5 Bf4 c5 e3 Qb6 Nc3,"London System, Poisoned Pawn Variation"
d4 d5 Nf3 Bf5 c4 e6 Nc3 c6,"Queen's Gambit Declined, Baltic Defense, Pseudo-Slav"
Nf3 d5 d4 Bg4,"Queen's Pawn Game, Anti-Torre"
d4 d5 Nf3 c5 g3 cxd4 Bg2,"Queen's Pawn Game, Chandler Gambit"
d4 d5 Nf3 Nc6,"Queen's Pawn Game, Chigorin Variation"
d4 d5 Nf3 c5,"Queen's Pawn Game, Krause Variation"
d4 d5 Nf3 c6 Bg5 h6 Bh4 Qb6,"Queen's Pawn Game, Levitsky Attack, Euwe Variation, Modern Line"
d4 d5 Nf3 Nf6 Bf4,"Queen's Pawn Game, London System"
d4 d5 Nf3 Nf6 Bf4 c5 e3,"Queen's Pawn Game, London System"
d4 d5 Nf3 Nf6 Bf4 c5 e3 Nc6 Nbd2,"Queen's Pawn Game, London System"
d4 d5 Nf3 Nf6 Bf4 c5 e3 Nc6 Nbd2 e6 c3,"Queen's Pawn Game, London System"
d4 g6 Nf3 Bg7 Bf4 c5 c3 cxd4 cxd4 Qa5+,"Queen's Pawn Game, London System, Pterodactyl Variation"
d4 d5 Nf3 e6 Bf4,"Queen's Pawn Game, London System, with e6"
d4 d5 Nf3 e6 Bf4 Nf6,"Queen's Pawn Game, London System, with e6"
d4 d5 Nf3 Nf6,"Queen's Pawn Game, Symmetrical Variation"
d4 d5 Nf3 Nf6 g3,"Queen's Pawn Game, Symmetrical Variation, Pseudo-Catalan"
d4 d5 Nf3 Nf6 g3 c6 Bg2 Bg4,"Queen's Pawn Game, Symmetrical Variation, Pseudo-Catalan"
Nf3 d5 g3 c6 Bg2 Nf6 O-O Bg4 d4 e6,"Queen's Pawn Game, Symmetrical Variation, Pseudo-Catalan"
d4 d5 Nf3 Nf6 c4 b5,"Queen's Pawn Game, Zilbermints Countergambit"
d4 d5 Nf3,"Queen's Pawn Game, Zukertort Variation"
d4 d5 Nf3 Nf6 Bg5,"Queen's Pawn Game, Torre Attack"
d4 d5 Nf3 Nf6 Bg5 e6 e3 c5 Nbd2,"Queen's Pawn Game, Torre Attack"
d4 d5 Nf3 Nf6 Bg5 e6 e3 c5 Nbd2 Nc6 c3,"Queen's Pawn Game, Torre Attack"
d4 d5 Nf3 Nf6 Bg5 e6 e3 c5 c3 Nbd7,"Queen's Pawn Game, Torre Attack"
d4 d5 Nf3 Nf6 Bg5 e6 e3 c5 c3 Nbd7 Nbd2,"Queen's Pawn Game, Torre Attack"
d4 d5 Nf3 Nf6 Bg5 e6 e3 c5 c3 Nbd7 Nbd2 Bd6,"Queen's Pawn Game, Torre Attack"
d4 d5 Nf3 Nf6 Bg5 e6 e3 c5 c3 Nbd7 Nbd2 Be7,"Queen's Pawn Game, Torre Attack"
d4 d5 Nf3 Nf6 Bg5 e6 e3 c5 c3 Nc6,"Queen's Pawn Game, Torre Attack"
d4 d5 Nf3 Nf6 Bg5 e6 e3 c5 c3 Nc6 Bd3,"Queen's Pawn Game, Torre Attack"
d4 d5 Nf3 Nf6 Bg5 e6 e3 Nbd7 Bd3,"Queen's Pawn Game, Torre Attack"
d4 d5 Nf3 Nf6 Bg5 e6 Nbd2 Be7 c3 Nbd7 e3,"Queen's Pawn Game, Torre Attack"
d4 d5 Nf3 Nf6 Bg5 Ne4,"Queen's Pawn Game, Torre Attack, Gossip Variation"
d4 d5 Nf3 Nf6 Bg5 g6,"Queen's Pawn Game, Torre Attack, Grünfeld Variation"
d4 d5 Nf3 Nf6 Bg5 g6 e3,"Queen's Pawn Game, Torre Attack, Grünfeld Variation"
d4 d5 Nf3 Nf6 e3,"Queen's Pawn Game, Colle System"
d4 d5 Nf3 Nf6 e3 Bf5,"Queen's Pawn Game, Colle System, Anti-Colle"
d4 d5 Nf3 Nf6 e3 g6 Bd3 Bg7,"Queen's Pawn Game, Colle System, Grünfeld Formation"
d4 d5 Nf3 Nf6 e3 e6,"Queen's Pawn Game, Colle System"
d4 d5 Nf3 Nf6 e3 e6 Bd3,"Queen's Pawn Game, Colle System"
d4 d5 Nf3 Nf6 e3 e6 b3,"Queen's Pawn Game, Colle System"
d4 d5 Nf3 Nf6 e3 e6 b3 c5 Bb2 Nc6,"Queen's Pawn Game, Colle System"
d4 d5 Nf3 Nf6 e3 e6 b3 c5 Bb2 Nc6 Bd3,"Queen's Pawn Game, Colle System"
d4 d5 Nf3 Nf6 e3 e6 b3 c5 Bb2 Nc6 Nbd2,"Queen's Pawn Game, Colle System"
d4 Nf6 Nf3 e6 e3 b6 Bd3 Bb7 O-O c5 b3 Be7 Bb2 O-O Nbd2 d5,"Queen's Pawn Game, Colle System"
d4 Nf6 Nf3 e6 e3 c5 Bd3 d5 c3,"Queen's Pawn Game, Colle System, Traditional Colle"
d4 d5 Nf3 c5 e3 Nf6 Nbd2 e6 b3,"Queen's Pawn Game, Zukertort Variation"
d4 Nf6 Nf3 e6 e3 c5 Bd3 d5 b3,Rubinstein Opening
d4 Nf6 Nf3 e6 e3 c5 Bd3 d5 b3 Nc6 O-O Bd6 Bb2 O-O,"Rubinstein Opening, Bogoljubow Defense"
d4 Nf6 Nf3 e6 e3 c5 Bd3 d5 b3 Nc6 O-O Be7 Bb2 O-O,"Rubinstein Opening, Classical Defense"
d4 d5 Nf3 Nf6 e3 e6 Bd3 Bd6 O-O O-O b3 Nbd7 Bb2,"Rubinstein Opening, Semi-Slav Defense"
d4 d5 Nf3 Nf6 e3 e6 Bd3 Bd6 O-O O-O b3 Nbd7 Bb2 c6,"Rubinstein Opening, Semi-Slav Defense"
d4 d5 Nf3 Nf6 e3 e6 Bd3 Bd6 O-O O-O b3 Nbd7 Bb2 c6 Nbd2,"Rubinstein Opening, Semi-Slav Defense"
d4 d5 c4,Queen's Gambit
d4 d5 c4 c5 dxc5 d4,"Queen's Gambit Declined, Austrian Attack, Salvio Countergambit"
d4 d5 c4 c5,"Queen's Gambit Declined, Austrian Defense"
d4 d5 c4 c5 cxd5 Nf6,"Queen's Gambit Declined, Austrian Defense, Gusev Countergambit"
d4 d5 c4 c5 cxd5 Nf6 e4 Nxe4 dxc5 Qa5+,"Queen's Gambit Declined, Austrian Defense, Haberditz Variation"
d4 d5 c4 Bf5,"Queen's Gambit Declined, Baltic Defense"
d4 d5 c4 Bf5 cxd5 Bxb1 Qa4+ c6 dxc6 Nxc6,"Queen's Gambit Declined, Baltic Defense, Argentinian Gambit"
d4 d5 c4 Bf5 Nc3 e6 Nf3 Nc6,"Queen's Gambit Declined, Baltic Defense, Pseudo-Chigorin"
d4 d5 c4 Bf5 Qb3,"Queen's Gambit Declined, Baltic Defense, Queen Attack"
d4 d5 c4 Bf5 Nc3 e6 Qb3,"Queen's Gambit Declined, Baltic Defense, Queen Attack Deferred"
d4 d5 c4 Nf6,"Queen's Gambit Declined, Marshall Defense"
d4 d5 c4 Nf6 cxd5 c6,"Queen's Gambit Declined, Marshall Defense, Tan Gambit"
d4 d5 c4 b5,"Queen's Gambit Declined, Zilbermints Gambit"
d4 d5 c4 Nc6,"Queen's Gambit Declined, Chigorin Defense"
d4 d5 c4 Nc6 Nc3,"Queen's Gambit Declined, Chigorin Defense"
d4 d5 c4 Nc6 Nc3 dxc4,"Queen's Gambit Declined, Chigorin Defense"
d4 d5 c4 Nc6 cxd5 Qxd5,"Queen's Gambit Declined, Chigorin Defense, Exchange Variation"
d4 d5 c4 Nc6 cxd5 Qxd5 e3 e5 Nc3 Bb4 Bd2 Bxc3 Bxc3 exd4 Ne2,"Queen's Gambit Declined, Chigorin Defense, Exchange Variation, Costa's Line"
d4 d5 c4 Nc6 Nc3 dxc4 Nf3,"Queen's Gambit Declined, Chigorin Defense, Janowski Variation"
d4 d5 c4 Nc6 Nf3 e5,"Queen's Gambit Declined, Chigorin Defense, Lazard Gambit"
d4 d5 c4 Nc6 Nf3 Bg4,"Queen's Gambit Declined, Chigorin Defense, Main Line"
d4 d5 c4 Nc6 Nf3 Bg4 Qa4,"Queen's Gambit Declined, Chigorin Defense, Main Line, Alekhine Variation"
d4 d5 c4 Nc6 Nc3 dxc4 Nf3 Nf6,"Queen's Gambit Declined, Chigorin Defense, Modern Gambit"
d4 d5 c4 Nc6 Nc3 e5,"Queen's Gambit Declined, Chigorin Defense, Tartakower Gambit"
d4 d5 c4 e5,"Queen's Gambit Declined, Albin Countergambit"
d4 d5 c4 e5 dxe5 d4 Nf3 Nc6 Nbd2 Qe7,"Queen's Gambit Declined, Albin Countergambit, Balogh Variation"
d4 d5 c4 e5 dxe5 d4 Nf3 Nc6 Nbd2 f6,"Queen's Gambit Declined, Albin Countergambit, Janowski Variation"
d4 d5 c4 e5 dxe5 d4 Nf3 Nc6 Nbd2 Bg4 h3 Bxf3 Nxf3 Bb4+ Bd2 Qe7,"Queen's Gambit Declined, Albin Countergambit, Krenosz Variation"
d4 d5 c4 e5 dxe5 d4 e3 Bb4+ Bd2 dxe3,"Queen's Gambit Declined, Albin Countergambit, Lasker Trap"
d4 d5 c4 e5 dxe5 d4 Nf3 Nc6 Nbd2,"Queen's Gambit Declined, Albin Countergambit, Modern Line"
d4 d5 c4 e5 dxe5 d4 Nf3,"Queen's Gambit Declined, Albin Countergambit, Normal Line"
d4 d5 c4 e5 dxe5 d4 e4,"Queen's Gambit Declined, Albin Countergambit, Spassky Variation"
d4 d5 c4 e5 dxe5 d4 Nf3 c5,"Queen's Gambit Declined, Albin Countergambit, Tartakower Defense"
d4 d5 c4 e5 dxe5 d4 Nf3 Nc6 g3,"Queen's Gambit Declined, Albin Countergambit, Fianchetto Variation"
d4 d5 c4 e5 dxe5 d4 Nf3 Nc6 g3 Be6,"Queen's Gambit Declined, Albin Countergambit, Fianchetto Variation, Be6 Line"
d4 d5 c4 e5 dxe5 d4 Nf3 Nc6 g3 Bf5,"Queen's Gambit Declined, Albin Countergambit, Fianchetto Variation, Bf5 Line"
d4 d5 c4 e5 dxe5 d4 Nf3 Nc6 g3 Bg4,"Queen's Gambit Declined, Albin Countergambit, Fianchetto Variation, Bg4 Line"
d4 d5 c4 c6,Slav Defense
d4 d5 c4 c6 Nc3,Slav Defense
d4 d5 c4 c6 Nc3 dxc4,Slav Defense
d4 d5 c4 c6 e4,"Slav Defense, Diemer Gambit"
d4 d5 c4 c6 cxd5,"Slav Defense, Exchange Variation"
d4 d5 c4 c6 cxd5 cxd5 Nc3 Nf6 f3,"Slav Defense, Exchange Variation, Boor Attack"
d4 d5 c4 c6 Nc3 dxc4 e4,"Slav Defense, Slav Gambit, Alekhine Attack"
d4 d5 c4 c6 Nc3 e5,"Slav Defense, Winawer Countergambit"
d4 d5 c4 c6 Nc3 e5 e4,"Slav Defense, Winawer Countergambit, Anti-Winawer Gambit"
d4 d5 c4 c6 Nf3 Nf6 Bg5,"Slav Defense, Bonet Gambit"
d4 d5 c4 c6 Nf3 Nf6 Nbd2,"Slav Defense, Breyer Variation"
d4 d5 c4 c6 Nf3,"Slav Defense, Modern Line"
d4 d5 c4 c6 Nf3 Nf6 g3 dxc4 Bg2 g6,"Slav Defense, Modern Line"
d4 d5 c4 c6 Nf3 Nf6 g3 Bg4 Bg2 e6 O-O,"Slav Defense, Modern Line"
d4 d5 Nf3 Nf6 g3 c6 Bg2 Bg4 O-O Nbd7 c4,"Slav Defense, Modern Line"
d4 d5 c4 c6 Nf3 Nf6 e3,"Slav Defense, Quiet Variation"
d4 d5 c4 c6 Nf3 Nf6 e3 Bg4,"Slav Defense, Quiet Variation, Pin Defense"
d4 d5 c4 c6 Nf3 Nf6 e3 Bf5 cxd5 cxd5 Nc3 e6 Ne5 Nfd7,"Slav Defense, Quiet Variation, Amsterdam Variation"
d4 d5 c4 c6 Nf3 Nf6 e3 Bf5 cxd5 cxd5 Qb3 Qc8 Bd2 e6 Na3,"Slav Defense, Quiet Variation, Landau Variation"
d4 d5 c4 c6 Nf3 Nf6 e3 Bf5,"Slav Defense, Quiet Variation, Schallopp Defense"
d4 d5 c4 c6 Nf3 Nf6 e3 Bf5 Nc3 e6,"Slav Defense, Quiet Variation, Schallopp Defense"
d4 d5 c4 c6 Nf3 Nf6 cxd5 cxd5,"Slav Defense, Exchange Variation"
d4 d5 c4 c6 Nf3 Nf6 e3 Bf5 cxd5 cxd5 Nc3,"Slav Defense, Exchange Variation, Schallopp Variation"
d4 d5 c4 c6 cxd5 cxd5 Nc3 Nf6 Nf3 Nc6 Bf4 Bf5,"Slav Defense, Exchange Variation, Symmetrical Line"
d4 d5 c4 c6 Nf3 Nf6 cxd5 cxd5 Nc3 Nc6 Bf4 Bf5 e3 e6 Qb3 Bb4,"Slav Defense, Exchange Variation, Trifunovic Variation"
d4 d5 c4 c6 Nf3 Nf6 Nc3 dxc4 e3,"Slav Defense, Alekhine Variation"
d4 d5 c4 c6 Nf3 Nf6 Nc3 a6,"Slav Defense, Chebanenko Variation"
d4 d5 c4 c6 Nf3 Nf6 Nc3 a6 e3 Bf5,"Slav Defense, Chebanenko Variation"
d4 d5 c4 c6 Nf3 Nf6 Nc3 a6 c5,"Slav Defense, Chebanenko Variation, Advance System"
d4 d5 c4 c6 Nf3 Nf6 Nc3 dxc4 e4,"Slav Defense, Geller Gambit"
d4 d5 c4 c6 Nf3 Nf6 Nc3 dxc4 e4 b5 e5,"Slav Defense, Geller Gambit"
d4 d5 c4 c6 Nf3 Nf6 Nc3 g6,"Slav Defense, Schlechter Variation"
d4 d5 c4 c6 Nf3 Nf6 Nc3 Qb6,"Slav Defense, Süchting Variation"
d4 d5 c4 c6 Nf3 Nf6 Nc3,"Slav Defense, Three Knights Variation"
d4 d5 c4 c6 Nf3 Nf6 Nc3 dxc4,"Slav Defense, Two Knights Attack"
d4 d5 c4 c6 Nf3 Nf6 Nc3 dxc4 a4,"Slav Defense, Alapin Variation"
d4 d5 c4 c6 Nf3 Nf6 Nc3 dxc4 a4 Na6,"Slav Defense, Smyslov Variation"
d4 d5 c4 c6 Nf3 Nf6 Nc3 dxc4 a4 e6,"Slav Defense, Soultanbeieff Variation"
d4 d5 c4 c6 Nf3 Nf6 Nc3 dxc4 a4 Bg4,"Slav Defense, Steiner Variation"
d4 d5 c4 c6 Nf3 Nf6 Nc3 dxc4 a4 Bf5,"Slav Defense, Czech Variation"
d4 d5 c4 c6 Nf3 Nf6 Nc3 dxc4 a4 Bf5 Nh4,"Slav Defense, Czech Variation, Bled Attack"
d4 d5 c4 c6 Nf3 Nf6 Nc3 dxc4 a4 Bf5 Ne5 Nbd7 Nxc4 Qc7 g3 e5,"Slav Defense, Czech Variation, Carlsbad Variation"
d4 d5 c4 c6 Nf3 Nf6 Nc3 dxc4 a4 Bf5 Ne5 Nbd7 Nxc4 Qc7 g3 e5 dxe5 Nxe5 Bf4 Nfd7 Bg2 g5,"Slav Defense, Czech Variation, Carlsbad Variation, Morozevich Variation"
d4 d5 c4 c6 Nf3 Nf6 Nc3 dxc4 a4 Bf5 Ne5,"Slav Defense, Czech Variation, Krause Attack"
d4 d5 c4 c6 Nf3 Nf6 Nc3 dxc4 a4 Bf5 Ne5 Na6 e4,"Slav Defense, Czech Variation, Krause Attack, Fazekas Gambit"
d4 d5 c4 c6 Nf3 Nf6 Nc3 dxc4 a4 Bf5 Ne5 e6,"Slav Defense, Czech Variation, Wiesbaden Variation"
d4 d5 c4 c6 Nf3 Nf6 Nc3 dxc4 a4 Bf5 Ne5 e6 f3 Bb4 e4,"Slav Defense, Czech Variation, Wiesbaden Variation, Sharp Line"
d4 d5 c4 c6 Nf3 Nf6 Nc3 dxc4 a4 Bf5 e3,"Slav Defense, Czech Variation, Classical System"
d4 d5 c4 c6 Nf3 Nf6 Nc3 dxc4 a4 Bf5 e3 Na6,"Slav Defense, Czech Variation, Lasker Variation"
d4 d5 c4 c6 Nf3 Nf6 Nc3 dxc4 a4 Bf5 e3 e6 Bxc4 Bb4 O-O O-O Qe2,"Slav Defense, Czech Variation, Classical System, Main Line"
d4 d5 c4 c6 Nf3 Nf6 Nc3 dxc4 a4 Bf5 e3 e6 Bxc4 Bb4 O-O,"Slav Defense, Czech Variation, Dutch Variation"
d4 d5 c4 c6 Nf3 Nf6 Nc3 dxc4 a4 Bf5 e3 e6 Bxc4 Bb4 O-O O-O Qe2 Ne4 g4,"Slav Defense, Czech Variation, Dutch Variation, Sämisch Variation"
d4 d5 c4 dxc4,Queen's Gambit Accepted
d4 d5 c4 dxc4 Qa4+,"Queen's Gambit Accepted, Accelerated Mannheim Variation"
d4 d5 c4 dxc4 e4 Nf6,"Queen's Gambit Accepted, Central Variation, Alekhine System"
d4 d5 c4 dxc4 e4 b5,"Queen's Gambit Accepted, Central Variation, Greco Variation"
d4 d5 c4 dxc4 e4 e5,"Queen's Gambit Accepted, Central Variation, McDonnell Defense"
d4 d5 c4 dxc4 e4 e5 Bxc4,"Queen's Gambit Accepted, Central Variation, McDonnell Defense, Somov Gambit"
d4 d5 c4 dxc4 e4 Nc6,"Queen's Gambit Accepted, Central Variation, Modern Defense"
d4 d5 c4 dxc4 e4 c5,"Queen's Gambit Accepted, Central Variation, Rubinstein Defense"
d4 d5 c4 dxc4 e4 c5 d5 b5,"Queen's Gambit Accepted, Central Variation, Rubinstein Defense, Yefimov Gambit"
d4 d5 c4 dxc4 e4 c5 d5 Nf6 Nc3 b5,"Queen's Gambit Accepted, Linares Variation"
d4 d5 c4 dxc4 e3,"Queen's Gambit Accepted, Old Variation"
d4 d5 c4 dxc4 e3 e5 Bxc4 exd4 Qb3 Qe7 a3,"Queen's Gambit Accepted, Old Variation, Billinger Gambit"
d4 d5 c4 dxc4 e3 e5 Bxc4 exd4 Qb3 Qe7 Nf3,"Queen's Gambit Accepted, Old Variation, Christensen Gambit"
d4 d5 c4 dxc4 e3 e5 Bxc4 exd4 Qb3 Qe7 Kf1,"Queen's Gambit Accepted, Old Variation, Korchnoi Gambit"
d4 d5 c4 dxc4 e3 e5 Bxc4 exd4 Qb3 Qe7 Nd2,"Queen's Gambit Accepted, Old Variation, Novikov Gambit"
d4 d5 c4 dxc4 e4,"Queen's Gambit Accepted, Saduleto Variation"
d4 d5 c4 dxc4 e4 f5,"Queen's Gambit Accepted, Schwartz Defense"
d4 d5 c4 dxc4 Nf3 a6 e4,"Queen's Gambit Accepted, Alekhine Defense, Borisenko-Furman Variation"
d4 d5 c4 dxc4 Nf3 Nd7,"Queen's Gambit Accepted, Godes Variation"
d4 d5 c4 dxc4 Nf3 c5,"Queen's Gambit Accepted, Gunsberg Defense"
d4 d5 c4 dxc4 Nf3,"Queen's Gambit Accepted, Normal Variation"
d4 d5 c4 dxc4 Nf3 e6,"Queen's Gambit Accepted, Rosenthal Variation"
d4 d5 c4 dxc4 Nf3 b5,"Queen's Gambit Accepted, Slav Gambit"
d4 d5 c4 dxc4 Nf3 a6,"Queen's Gambit Accepted, Alekhine Defense"
d4 d5 c4 dxc4 Nf3 a6 e3 Bg4 Bxc4 e6 d5,"Queen's Gambit Accepted, Alekhine Defense, Alatortsev Variation"
d4 d5 c4 dxc4 Nf3 a6 e3 b5,"Queen's Gambit Accepted, Alekhine Defense, Haberditz Variation"
d4 d5 c4 dxc4 Nf3 Nf6,Queen's Gambit Accepted
d4 d5 c4 dxc4 Nf3 Nf6 Qa4+,"Queen's Gambit Accepted, Mannheim Variation"
d4 d5 c4 e6 Nf3 Nf6 Nc3 dxc4 e4,Queen's Gambit Accepted
d4 d5 c4 e6 Nf3 Nf6 Nc3 dxc4 Bg5,Queen's Gambit Accepted
d4 d5 c4 dxc4 Nf3 Nf6 Nc3 a6 e4,"Queen's Gambit Accepted, Bogoljubow Defense"
d4 d5 c4 dxc4 Nf3 Nf6 Nc3 c5 d5 e6 e4 exd5 e5,"Queen's Gambit Accepted, Gunsberg Defense, Prianishenmo Gambit"
d4 d5 c4 dxc4 Nf3 Nf6 Nc3,"Queen's Gambit Accepted, Showalter Variation"
d4 d5 c4 dxc4 Nf3 Nf6 e3 Bg4,"Queen's Gambit Accepted, Janowski-Larsen Variation"
d4 d5 c4 dxc4 Nf3 Nf6 e3,"Queen's Gambit Accepted, Normal Variation"
d4 d5 c4 dxc4 Nf3 Nf6 e3 g6,"Queen's Gambit Accepted, Smyslov Variation"
d4 d5 c4 dxc4 Nf3 Nf6 e3 Be6,"Queen's Gambit Accepted, Winawer Defense"
d4 d5 c4 dxc4 Nf3 Nf6 e3 e6 Bxc4 c5,"Queen's Gambit Accepted, Classical Defense"
d4 d5 c4 dxc4 Nf3 Nf6 e3 e6 Bxc4 c5 O-O,"Queen's Gambit Accepted, Classical Defense, Normal Line"
d4 d5 c4 dxc4 Nf3 Nf6 e3 e6 Bxc4 c5 O-O Nc6,"Queen's Gambit Accepted, Classical Defense, Steinitz Variation, Development Variation"
d4 d5 c4 dxc4 Nf3 Nf6 e3 e6 Bxc4 c5 O-O cxd4,"Queen's Gambit Accepted, Classical Defense, Steinitz Variation, Exchange Variation"
d4 d5 c4 dxc4 Nf3 Nf6 e3 e6 Bxc4 c5 Qe2 a6 dxc5 Bxc5 O-O Nc6 e4 b5 e5,"Queen's Gambit Accepted, Classical, Furman Variation"
d4 d5 c4 dxc4 Nf3 Nf6 e3 e6,"Queen's Gambit Accepted, Normal Variation, Traditional System"
d4 d5 c4 dxc4 Nf3 Nf6 e3 e6 Bxc4 Be7 O-O a6,"Queen's Gambit Accepted, Normal Variation, Traditional System"
d4 d5 c4 dxc4 Nf3 Nf6 e3 e6 Bxc4 Be7 O-O O-O,"Queen's Gambit Accepted, Normal Variation, Traditional System"
d4 d5 c4 dxc4 Nf3 Nf6 e3 e6 Bxc4 Be7 O-O O-O Nc3,"Queen's Gambit Accepted, Normal Variation, Traditional System"
d4 d5 c4 dxc4 Nf3 Nf6 e3 e6 Bxc4 c5 O-O a6,"Queen's Gambit Accepted, Classical Defense, Main Line"
d4 d5 c4 dxc4 Nf3 Nf6 e3 e6 Bxc4 c5 O-O a6 Nc3,"Queen's Gambit Accepted, Classical Defense, Main Line"
d4 d5 c4 dxc4 Nf3 Nf6 e3 e6 Bxc4 c5 O-O a6 a4,"Queen's Gambit Accepted, Classical Defense, Rubinstein Variation"
d4 d5 c4 dxc4 Nf3 e6 e3 Nf6 Bxc4 Be7 O-O O-O Nc3 a6 a4 c5,"Queen's Gambit Accepted, Classical Defense, Rubinstein Variation"
d4 d5 c4 dxc4 e3 Nf6 Bxc4 e6 Nf3 c5 O-O a6 e4,"Queen's Gambit Accepted, Classical Defense, Russian Gambit"
d4 d5 c4 dxc4 Nf3 Nf6 e3 e6 Bxc4 c5 O-O a6 dxc5 Bxc5,"Queen's Gambit Accepted, Furman Variation"
d4 d5 c4 dxc4 Nf3 Nf6 e3 e6 Bxc4 c5 O-O a6 Qe2,"Queen's Gambit Accepted, Classical Defense, Alekhine System"
d4 d5 c4 dxc4 Nf3 Nf6 e3 e6 Bxc4 c5 O-O a6 Qe2 b5,"Queen's Gambit Accepted, Classical Defense, Alekhine System"
d4 d5 c4 dxc4 Nf3 Nf6 e3 e6 Bxc4 c5 O-O a6 Qe2 b5 Bb3 Nc6 Rd1 c4 Bc2 Nb4 Nc3 Nxc2 Qxc2 Bb7 d5 Qc7,"Queen's Gambit Accepted, Classical, Flohr Variation"
d4 d5 c4 dxc4 Nf3 Nf6 e3 e6 Bxc4 c5 O-O a6 Qe2 b5 Bb3 Bb7,"Queen's Gambit Accepted, Classical Defense, Alekhine System, Main Line"
d4 d5 c4 dxc4 Nf3 Nf6 e3 e6 Bxc4 c5 O-O a6 Qe2 b5 Bb3 Bb7 Nc3,"Queen's Gambit Accepted, Classical Defense, Alekhine System, Main Line"
d4 d5 c4 dxc4 Nf3 Nf6 e3 e6 Bxc4 c5 O-O a6 Qe2 b5 Bb3 Bb7 Rd1 Nbd7 Nc3 Bd6,"Queen's Gambit Accepted, Classical Defense, Alekhine System, Smyslov Variation"
d4 d5 c4 e6,Queen's Gambit Declined
d4 Nf6 c4 e6 Nf3 d5 Bg5 h6,"Queen's Gambit Declined, Capablanca Variation"
d4 Nf6 Nf3 e6 c4 d5 Bg5 c6 Nbd2 Nbd7 e3,"Queen's Gambit Declined, Capablanca Variation"
d4 d5 c4 c6 Nf3 Nf6 e3 e6 Nbd2 Nbd7 Bd3 c5,"Queen's Gambit Declined, Semmering Variation"
d4 d5 c4 e6 Nf3 Nf6 e3 c6 Nbd2 g6,"Queen's Gambit Declined, Spielmann Variation"
d4 d5 c4 c6 Nf3 Nf6 e3 e6 Nbd2 Ne4 Bd3 f5,"Queen's Gambit Declined, Stonewall Variation"
d4 d5 c4 e6 Nf3 c5,"Queen's Gambit Declined, Tarrasch Defense, Pseudo-Tarrasch"
d4 d5 c4 e6 Nf3 c5 cxd5 exd5 Bg5,"Queen's Gambit Declined, Tarrasch Defense, Pseudo-Tarrasch Bishop Attack"
d4 Nf6 c4 e6 Nf3 d5 Bg5,"Queen's Gambit Declined, Traditional Variation"
d4 Nf6 c4 e6 Nf3 d5 Bg5 Bb4+,"Queen's Gambit Declined, Vienna Variation"
d4 d5 c4 c6 Nf3 Nf6 e3 e6 Nbd2,"Semi-Slav Defense, Quiet Variation"
d4 d5 c4 c6 Nf3 Nf6 e3 e6 Nbd2 Nbd7,"Semi-Slav Defense, Quiet Variation"
d4 e6 c4 b6 Nc3 d5,"Queen's Gambit Declined, Alapin Variation"
d4 d5 c4 e6 Nc3 Be7,"Queen's Gambit Declined, Charousek Variation"
d4 d5 c4 e6 Nc3 Be7 e4 dxe4 f3,"Queen's Gambit Declined, Charousek Variation, Miladinovic Gambit"
d4 d5 c4 e6 Nc3 a6,"Queen's Gambit Declined, Janowski Variation"
d4 d5 c4 e6 Nc3,"Queen's Gambit Declined, Queen's Knight Variation"
d4 d5 c4 e6 Nc3 c6 Nf3 dxc4 a4 Bb4 e3 b5 Bd2 a5,"Queen's Gambit Declined, Semi-Slav, Abrahams Variation"
d4 d5 c4 e6 Nf3 c6 Nc3 dxc4 a4 Bb4 e3 b5 Bd2 Qb6,"Queen's Gambit Declined, Semi-Slav, Junge Variation"
d4 d5 c4 e6 Nc3 c6 Nf3 dxc4 e3 b5 a4 Bb4 Bd2 Qe7,"Queen's Gambit Declined, Semi-Slav, Koomen Variation"
d4 d5 c4 e6 Nc3 c6,"Semi-Slav Defense, Accelerated Move Order"
d4 d5 c4 e6 Nc3 c6 e3 f5,"Semi-Slav Defense, Anti-Noteboom, Stonewall Variation"
d4 d5 c4 e6 Nc3 c6 e3 f5 g4,"Semi-Slav Defense, Anti-Noteboom, Stonewall Variation, Portisch Gambit"
d4 d5 c4 e6 Nc3 c6 e4 dxe4 f3,"Semi-Slav Defense, Gunderam Gambit"
d4 d5 c4 e6 Nc3 c6 e4,"Semi-Slav Defense, Marshall Gambit"
d4 d5 c4 e6 Nc3 c6 e4 dxe4 Nxe4 Bb4+ Nc3,"Semi-Slav Defense, Marshall Gambit, Forgotten Variation"
d4 d5 c4 e6 Nc3 c6 e4 dxe4 Nxe4 Bb4+ Bd2,"Semi-Slav Defense, Marshall Gambit, Main Line"
d4 d5 c4 e6 Nc3 c6 e4 dxe4 Nxe4 Bb4+ Bd2 Qxd4 Bxb4 Qxe4+ Be2 c5 Bxc5 Qxg2,"Semi-Slav Defense, Marshall Gambit, Tolush Variation"
d4 d5 c4 e6 Nc3 c6 Nf3 dxc4,"Semi-Slav Defense, Noteboom Variation"
d4 d5 c4 e6 Nc3 c6 Nf3 dxc4 a4 Bb4 e3 Bxc3+ bxc3 b5 axb5 cxb5,"Semi-Slav Defense, Noteboom Variation, Abrahams Variation"
d4 d5 c4 e6 Nc3 c6 Nf3 dxc4 g3,"Semi-Slav Defense, Noteboom Variation, Anti-Noteboom Gambit"
d4 d5 c4 e6 Nc3 c6 Nf3 dxc4 Bg5,"Semi-Slav Defense, Noteboom Variation, Anti-Noteboom Variation"
d4 d5 c4 e6 Nc3 c6 Nf3 dxc4 Bg5 f6,"Semi-Slav Defense, Noteboom Variation, Anti-Noteboom Variation, Belyavsky Line"
d4 d5 c4 e6 Nc3 c5 cxd5 exd5,"Queen's Gambit Declined, Tarrasch Defense"
d4 d5 c4 e6 Nc3 c5 cxd5 exd5 Nf3 Nc6 Bg5 Be7,"Queen's Gambit Declined, Tarrasch Defense"
d4 d5 c4 e6 Nc3 c5 cxd5 exd5 Nf3 Nc6 Bg5 Be7 Bxe7 Ngxe7,"Queen's Gambit Declined, Tarrasch Defense"
d4 Nf6 c4 e6 Nf3 d5 e3 c5 cxd5 exd5 Nc3 a6 Be2 Nc6,"Queen's Gambit Declined, Tarrasch Defense"
d4 d5 c4 e6 Nc3 c5,Tarrasch Defense
d4 d5 c4 e6 Nc3 c5 cxd5 exd5 Nf3 Nc6 dxc5 d4 Na4 b5,"Tarrasch Defense, Grünfeld Gambit"
d4 d5 c4 e6 Nc3 c5 cxd5 exd5 e4,"Tarrasch Defense, Marshall Gambit"
d4 d5 c4 e6 Nc3 c5 cxd5 cxd4,"Tarrasch Defense, Schara Gambit"
d4 d5 c4 e6 Nc3 c5 e3 Nf6 Nf3 Nc6,"Tarrasch Defense, Symmetrical Variation"
c4 c5 Nf3 Nc6 Nc3 Nf6 e3 e6 d4 d5 cxd5 exd5,"Tarrasch Defense, Symmetrical Variation"
d4 d5 c4 e6 Nc3 c5 cxd5 exd5 dxc5 d4 Na4 b5,"Tarrasch Defense, Tarrasch Gambit"
d4 d5 c4 e6 Nc3 c5 cxd5 exd5 Nf3,"Tarrasch Defense, Two Knights Variation"
d4 d5 c4 e6 Nc3 c5 cxd5 cxd4 Qxd4 Nc6 Qd1 exd5 Qxd5 Be6,"Tarrasch Defense, von Hennig Gambit"
d4 d5 c4 e6 Nc3 c5 cxd5 exd5 Nf3 Nc6 g3 Nf6 Bg2 cxd4 Nxd4 Bc5,"Tarrasch Defense, Dubov Tarrasch"
d4 d5 c4 e6 Nc3 c5 cxd5 exd5 Nf3 Nc6 g3 Nf6,"Tarrasch Defense, Prague Variation"
d4 d5 c4 e6 Nc3 c5 cxd5 exd5 Nf3 Nc6 g3,"Tarrasch Defense, Rubinstein System"
d4 d5 c4 e6 Nc3 c5 cxd5 exd5 Nf3 Nc6 g3 c4,"Tarrasch Defense, Swedish Variation"
d4 d5 c4 e6 Nc3 c5 cxd5 exd5 Nf3 Nc6 g3 c4 e4,"Tarrasch Defense, Swedish Variation, Central Break"
d4 d5 c4 e6 Nc3 c5 cxd5 exd5 Nf3 Nc6 g3 Nf6 Bg2 Bg4,"Tarrasch Defense, Wagner Variation"
d4 d5 c4 e6 Nf3 c5 cxd5 exd5 g3 Nc6 Bg2 Nf6 O-O Be7 Nc3 O-O Bg5 Be6 Rc1 b6,"Queen's Gambit Declined, Tarrasch Defense, Stoltz Variation"
d4 d5 c4 e6 Nc3 c5 cxd5 exd5 Nf3 Nc6 g3 Nf6 Bg2 Be7 O-O O-O,"Tarrasch Defense, Classical Variation"
d4 d5 c4 e6 Nc3 c5 cxd5 exd5 Nf3 Nc6 g3 Nf6 Bg2 Be7 O-O O-O Bg5 c4,"Tarrasch Defense, Classical Variation, Advance Variation"
d4 Nf6 c4 e6 Nc3 c5 Nf3 d5 cxd5 exd5 g3 Nc6 Bg2 Be7 O-O O-O Bg5 Be6 Rc1 c4,"Tarrasch Defense, Classical Variation, Bogoljubow Variation"
d4 d5 c4 e6 Nc3 c5 cxd5 exd5 Nf3 Nc6 g3 Nf6 Bg2 Be7 O-O O-O Bg5,"Tarrasch Defense, Classical Variation, Carlsbad Variation"
d4 d5 c4 e6 Nc3 c5 cxd5 exd5 Nf3 Nc6 g3 Nf6 Bg2 Be7 O-O O-O Bg5 cxd4 Nxd4 h6 Be3 Re8 Rc1 Be6,"Tarrasch Defense, Classical Variation, Chandler Variation"
d4 d5 c4 e6 Nc3 c5 cxd5 exd5 Nf3 Nc6 g3 Nf6 Bg2 Be7 O-O O-O dxc5 d4,"Tarrasch Defense, Classical Variation, Classical Tarrasch Gambit"
d4 d5 c4 e6 Nc3 c5 cxd5 exd5 Nf3 Nc6 g3 Nf6 Bg2 Be7 O-O O-O Bg5 Be6,"Tarrasch Defense, Classical Variation, Endgame Variation"
d4 d5 c4 e6 Nc3 c5 cxd5 exd5 Nf3 Nc6 g3 Nf6 Bg2 Be7 O-O O-O Bg5 cxd4 Nxd4 h6 Be3 Re8,"Tarrasch Defense, Classical Variation, Main Line"
d4 d5 c4 e6 Nc3 c5 cxd5 exd5 Nf3 Nc6 g3 Nf6 Bg2 Be7 O-O O-O Bg5 cxd4 Nxd4 Re8,"Tarrasch Defense, Classical Variation, Petursson Variation"
d4 d5 c4 e6 Nc3 c5 cxd5 exd5 Nf3 Nc6 g3 Nf6 Bg2 Be7 O-O O-O dxc5 Bxc5 Na4,"Tarrasch Defense, Classical Variation, Réti Variation"
d4 d5 c4 e6 Nc3 c5 cxd5 exd5 Nf3 Nc6 g3 Nf6 Bg2 Be7 O-O O-O Bg5 cxd4 Nxd4 h6 Be3 Bg4,"Tarrasch Defense, Classical Variation, Spassky Variation"
d4 d5 c4 e6 Nc3 c5 cxd5 exd5 Nf3 Nc6 g3 Nf6 Bg2 Be7,"Tarrasch Defense, Prague Variation, Main Line"
d4 Nf6 c4 e6 Nc3 d5 cxd5,"Queen's Gambit Declined, Exchange Variation"
d4 Nf6 c4 e6 Nf3 d5 e3 b6 Nc3 Bd6 cxd5 exd5,"Queen's Gambit Declined, Exchange Variation"
d4 d5 c4 e6 Nc3 Nf6 e3 Be7 cxd5 exd5 Bd3 O-O Nf3 c6,"Queen's Gambit Declined, Exchange Variation"
d4 Nf6 c4 e6 Nc3 d5 cxd5 exd5 Bg5 Be7 e3 h6 Bh4 Bg4,"Queen's Gambit Declined, Exchange Variation, Carlsen Variation"
d4 Nf6 c4 e6 Nc3 d5 cxd5 exd5 Bg5 Be7 e3 O-O Bd3 Nbd7 Qc2 Re8 Nge2 Nf8 O-O-O,"Queen's Gambit Declined, Exchange Variation, Chameleon Variation"
d4 Nf6 c4 e6 Nc3 d5 cxd5 exd5 Bg5,"Queen's Gambit Declined, Exchange Variation, Positional Variation"
d4 Nf6 c4 e6 Nc3 d5 cxd5 exd5 Bg5 c6,"Queen's Gambit Declined, Exchange Variation, Positional Variation"
d4 Nf6 c4 e6 Nf3 d5 Nc3 Nbd7 cxd5 exd5 Bf4,"Queen's Gambit Declined, Exchange Variation, Sämisch Variation"
d4 d5 c4 e6 Nc3 Nf6 Bf4,"Queen's Gambit Declined, Harrwitz Attack"
d4 d5 c4 e6 Nc3 Nf6,"Queen's Gambit Declined, Normal Defense"
d4 Nf6 c4 e6 Nc3 d5 cxd5 exd5 Bg5 c6 Qc2,"Queen's Gambit Declined, Exchange Variation, Reshevsky Variation"
d4 Nf6 c4 e6 Nc3 d5 cxd5 exd5 Bg5 c6 Qc2 Be7 e3 Nbd7 Bd3,"Queen's Gambit Declined, Exchange Variation, Reshevsky Variation"
d4 Nf6 c4 e6 Nc3 d5 cxd5 exd5 Bg5 c6 Qc2 Be7 e3 O-O Bd3,"Queen's Gambit Declined, Exchange Variation, Reshevsky Variation"
d4 Nf6 c4 e6 Nc3 d5 cxd5 exd5 Bg5 c6 Qc2 Be7 e3 O-O Bd3 h6 Bh4,"Queen's Gambit Declined, Exchange Variation, Reshevsky Variation"
d4 Nf6 c4 e6 Nf3 d5 Nc3 Nbd7,"Queen's Gambit Declined, Barmen Variation"
d4 Nf6 c4 e6 Nf3 d5 Nc3 Be7 Bf4,"Queen's Gambit Declined, Harrwitz Attack"
d4 Nf6 c4 e6 Nf3 d5 Nc3 Be7 Bf4 O-O e3 c5 dxc5 Bxc5 Qc2 Nc6 Rd1 Qa5 a3,"Queen's Gambit Declined, Harrwitz Attack"
d4 Nf6 c4 e6 Nf3 d5 Nc3 Be7 Bf4 O-O e3 c5 dxc5 Bxc5 Qc2 Nc6 a3 Qa5 O-O-O,"Queen's Gambit Declined, Harrwitz Attack"
d4 d5 c4 e6 Nc3 Be7 Nf3 Nf6 Bf4 O-O e3 b6,"Queen's Gambit Declined, Harrwitz Attack, Fianchetto Defense"
d4 Nf6 c4 e6 Nf3 d5 Nc3 Be7 Bf4 O-O e3 c5 dxc5 Bxc5,"Queen's Gambit Declined, Harrwitz Attack, Main Line"
d4 d5 c4 e6 Nc3 Nf6 Nf3 Be7 Bf4 O-O e3 c6,"Queen's Gambit Declined, Harrwitz Attack, Orthodox Defense"
d4 Nf6 c4 e6 Nf3 d5 Nc3 Be7 Bf4 O-O e3 Nbd7,"Queen's Gambit Declined, Harrwitz Attack, Two Knights Defense"
d4 Nf6 c4 e6 Nc3 d5 Nf3 Be7 Bf4 O-O e3 Nbd7 c5,"Queen's Gambit Declined, Harrwitz Attack, Two Knights Defense, Blockade Line"
d4 Nf6 c4 e6 Nf3 d5 Nc3 Nbd7 Bg5 h6 Bh4 dxc4,"Queen's Gambit Declined, Knight Defense, Alekhine Gambit"
d4 Nf6 c4 e6 Nf3 d5 Nc3 Be7 Bg5 O-O Qc2,"Queen's Gambit Declined, Miles Variation"
d4 Nf6 c4 e6 Nf3 d5 Nc3,"Queen's Gambit Declined, Three Knights Variation"
d4 d5 c4 e6 Nc3 Nf6 Nf3 Be7 e3 O-O,"Queen's Gambit Declined, Three Knights Variation"
d4 Nf6 c4 e6 Nf3 d5 Nc3 dxc4,"Queen's Gambit Declined, Three Knights, Vienna Variation"
d4 Nf6 c4 e6 Nf3 d5 Nc3 dxc4 e3,"Queen's Gambit Declined, Vienna Variation, Quiet Variation"
d4 Nf6 c4 e6 Nf3 d5 Nc3 Bb4,"Queen's Gambit Declined, Ragozin Defense"
d4 Nf6 c4 e6 Nf3 d5 Nc3 Bb4 Qa4+,"Queen's Gambit Declined, Ragozin Defense, Alekhine Variation"
d4 Nf6 c4 e6 Nf3 d5 Nc3 Bb4 Bg5 Nbd7 e3 c5,"Queen's Gambit Declined, Westphalian Variation"
d4 Nf6 c4 e6 Nf3 d5 Nc3 Bb4 Bg5 dxc4,"Queen's Gambit Declined, Ragozin Defense, Vienna Variation"
d4 Nf6 c4 e6 Nf3 d5 Nc3 c5,"Queen's Gambit Declined, Semi-Tarrasch Defense"
d4 d5 c4 e6 Nc3 Nf6 Nf3 c5 e3 Nc6 a3 cxd4 exd4 Bd6,"Queen's Gambit Declined, Semi-Tarrasch Defense"
d4 d5 c4 e6 Nc3 Nf6 Nf3 c5 e3 Nc6 Bd3 Bd6 O-O O-O Qe2 Qe7 dxc5 Bxc5 e4,"Queen's Gambit Declined, Semi-Tarrasch Defense, Levenfish Variation"
d4 d5 c4 e6 Nc3 Nf6 Nf3 c5 Bg5,"Queen's Gambit Declined, Semi-Tarrasch Defense, Pillsbury Variation"
d4 d5 c4 e6 Nc3 Nf6 Nf3 c5 e3 Nc6 Bd3 Bd6 O-O O-O,"Queen's Gambit Declined, Semi-Tarrasch Defense, Symmetrical Variation"
d4 d5 c4 c5 Nf3 Nf6 Nc3 e6 e3 Nc6 Bd3,"Queen's Gambit Declined, Semi-Tarrasch Defense, with e3"
c4 c5 Nf3 Nf6 Nc3 Nc6 g3 d5 d4 e6,"Queen's Gambit Declined, Semi-Tarrasch Defense"
d4 Nf6 c4 e6 Nf3 d5 Nc3 c5 cxd5,"Queen's Gambit Declined, Semi-Tarrasch Defense"
d4 Nf6 c4 e6 Nf3 d5 Nc3 c5 cxd5 Nxd5 g3,"Queen's Gambit Declined, Semi-Tarrasch Defense"
d4 Nf6 c4 e6 Nf3 d5 Nc3 c5 cxd5 Nxd5 g3 Nc6 Bg2,"Queen's Gambit Declined, Semi-Tarrasch Defense"
d4 Nf6 c4 e6 Nf3 d5 Nc3 c5 cxd5 cxd4 Qxd4 exd5 e4 dxe4 Qxd8+,"Queen's Gambit Declined, Semi-Tarrasch Defense, Endgame Variation"
d4 Nf6 c4 e6 Nf3 d5 Nc3 c5 cxd5 Nxd5 e4,"Queen's Gambit Declined, Semi-Tarrasch Defense, Exchange Variation"
d4 Nf6 c4 e6 Nf3 d5 Nc3 c5 cxd5 Nxd5 e4 Nxc3 bxc3,"Queen's Gambit Declined, Semi-Tarrasch Defense, Exchange Variation"
d4 d5 c4 e6 Nc3 Nf6 Nf3 c5 cxd5 Nxd5 e4 Nxc3 bxc3 cxd4 cxd4 Bb4+ Bd2 Bxd2+ Qxd2 O-O Bb5,"Queen's Gambit Declined, Semi-Tarrasch Defense, Kmoch Variation"
d4 Nf6 c4 e6 Nf3 d5 Nc3 c5 cxd5 Nxd5 e3,"Queen's Gambit Declined, Semi-Tarrasch Defense, Pillsbury Variation"
d4 d5 c4 e6 Nc3 Nf6 cxd5 Nxd5 e4 Nxc3 bxc3 c5 Nf3 cxd4 cxd4 Bb4+ Bd2 Qa5,"Queen's Gambit Declined, Semi-Tarrasch Defense, San Sebastian Variation"
d4 Nf6 c4 e6 Nf3 d5 Nc3 c5 cxd5 Nxd5 e3 Nc6 Bd3,"Queen's Gambit Declined, Semi-Tarrasch Defense, Main Line"
d4 d5 c4 c6 Nf3 Nf6 Nc3 e6,Semi-Slav Defense
d4 d5 c4 c6 Nf3 Nf6 Nc3 e6 Bg5 h6 Bh4,"Semi-Slav Defense, Anti-Moscow Gambit"
d4 d5 c4 c6 Nf3 Nf6 Nc3 e6 Bg5 h6 Bxf6 Qxf6 Qb3,"Semi-Slav Defense, Hastings Variation"
d4 d5 c4 c6 Nf3 Nf6 Nc3 e6 Bg5 h6 Bxf6 Qxf6,"Semi-Slav Defense, Moscow Variation"
d4 d5 c4 c6 Nf3 Nf6 Nc3 e6 Bg5 dxc4,Semi-Slav Defense Accepted
d4 d5 c4 c6 Nf3 Nf6 Nc3 e6 Bg5 dxc4 e4,"Semi-Slav Defense, Botvinnik Variation"
d4 d5 c4 c6 Nf3 Nf6 Nc3 e6 Bg5 dxc4 e4 b5 e5 h6 Bh4 g5 Nxg5,"Semi-Slav Defense, Botvinnik Variation"
d4 Nf6 c4 e6 Nf3 d5 Nc3 c6 Bg5 dxc4 e4 b5 e5 h6 Bh4 g5 Nxg5 Nd5,"Semi-Slav Defense, Botvinnik Variation, Alatortsev System"
d4 d5 c4 c6 Nf3 Nf6 Nc3 e6 Bg5 dxc4 e4 b5 e5 h6 Bh4 g5 exf6 gxh4 Ne5,"Semi-Slav Defense, Botvinnik Variation, Ekstrom Variation"
d4 d5 c4 c6 Nf3 Nf6 Nc3 e6 Bg5 dxc4 e4 b5 e5 h6 Bh4 g5 Nxg5 hxg5 Bxg5 Nbd7 g3,"Semi-Slav Defense, Botvinnik Variation, Lilienthal Variation"
d4 Nf6 c4 e6 Nf3 d5 Nc3 c6 Bg5 dxc4 e4 b5 e5 h6 Bh4 g5 Nxg5 hxg5 Bxg5 Nbd7 Qf3,"Semi-Slav Defense, Botvinnik Variation, Szabo Variation"
d4 d5 c4 c6 Nc3 Nf6 e3 e6 Nf3 a6,"Semi-Slav Defense, Accelerated Meran Variation"
d4 d5 c4 c6 Nc3 Nf6 e3 e6 Nf3,"Semi-Slav Defense, Main Line"
d4 d5 c4 c6 Nc3 Nf6 e3 e6 Nf3 Nbd7,"Semi-Slav Defense, Normal Variation"
Nf3 d5 e3 Nf6 c4 c6 Nc3 e6 b3 Bd6 Bb2 O-O d4 Nbd7,"Semi-Slav Defense, Normal Variation"
d4 d5 c4 e6 Nc3 c6 Nf3 Nf6 e3 Nbd7 b3 Bd6 Bb2 O-O Be2,"Semi-Slav Defense, Normal Variation"
d4 d5 c4 e6 Nc3 c6 Nf3 Nf6 e3 Nbd7 Ne5,"Semi-Slav Defense, Rubinstein System"
d4 d5 c4 c6 Nc3 Nf6 e3 e6 Nf3 Nbd7 Qc2,"Semi-Slav Defense, Stoltz Variation"
d4 d5 c4 c6 Nc3 Nf6 e3 e6 Nf3 Nbd7 Qc2 b6 b3,"Semi-Slav Defense, Stoltz Variation"
d4 d5 c4 c6 Nc3 Nf6 e3 e6 Nf3 Nbd7 Qc2 b6 b3 Bb7,"Semi-Slav Defense, Stoltz Variation"
d4 d5 Nf3 Nf6 c4 c6 e3 e6 Nc3 Nbd7 Qc2 Bd6 b3,"Semi-Slav Defense, Stoltz Variation"
d4 d5 Nf3 Nf6 c4 c6 e3 e6 Nc3 Nbd7 Qc2 Bd6 b3 O-O Bb2,"Semi-Slav Defense, Stoltz Variation"
d4 d5 c4 c6 Nf3 Nf6 Nc3 e6 e3 Nbd7 Qc2 Bd6 e4,"Semi-Slav Defense, Stoltz Variation, Center Variation"
d4 d5 c4 c6 Nf3 Nf6 Nc3 e6 e3 Nbd7 Qc2 Bd6 e4 dxe4 Nxe4 Nxe4 Qxe4 e5 dxe5,"Semi-Slav Defense, Stoltz Variation, Center Variation, Mikhalchishin Line"
d4 d5 c4 c6 Nf3 Nf6 Nc3 e6 e3 Nbd7 Qc2 Bd6 g4,"Semi-Slav Defense, Stoltz Variation, Shabalov Attack"
d4 d5 Nf3 Nf6 c4 c6 Nc3 e6 e3 Ne4 Bd3 f5,"Semi-Slav Defense, Stonewall Defense"
d4 d5 c4 c6 Nc3 Nf6 e3 e6 Nf3 Nbd7 Bd3 Be7,"Semi-Slav Defense, Bogoljubow Variation"
d4 d5 c4 c6 Nc3 Nf6 e3 e6 Nf3 Nbd7 Bd3 Bd6,"Semi-Slav Defense, Chigorin Defense"
d4 d5 c4 c6 Nc3 Nf6 e3 e6 Nf3 Nbd7 Bd3 Bd6 Qc2,"Semi-Slav Defense, Chigorin Defense"
d4 d5 c4 c6 Nc3 Nf6 e3 e6 Nf3 Nbd7 b3 Bd6 Bb2 O-O Bd3,"Semi-Slav Defense, Chigorin Defense"
d4 d5 c4 c6 Nc3 Nf6 e3 e6 Nf3 Nbd7 Qc2 b6 b3 Bb7 Bd3,"Semi-Slav Defense, Chigorin Defense"
d4 d5 c4 c6 Nc3 Nf6 e3 e6 Nf3 Nbd7 Qc2 Bd6 b3 O-O Bb2 Re8 Bd3,"Semi-Slav Defense, Chigorin Defense"
d4 d5 c4 c6 Nc3 Nf6 e3 e6 Nf3 Nbd7 Qc2 Bd6 b3 O-O Bb2 Qe7 Bd3,"Semi-Slav Defense, Chigorin Defense"
d4 d5 c4 c6 Nf3 e6 e3 Nf6 Nc3 Bd6 Bd3 dxc4 Bxc4 b5 Bd3 Nbd7 O-O O-O Qc2,"Semi-Slav Defense, Chigorin Defense"
d4 d5 c4 c6 Nc3 Nf6 e3 e6 Nf3 Nbd7 Bd3 dxc4 Bxc4 b5 Bd3 Bd6 O-O Bb7 a3 O-O Qc2,"Semi-Slav Defense, Chigorin Defense"
d4 d5 c4 c6 Nc3 Nf6 e3 e6 Nf3 Nbd7 Bd3,"Semi-Slav Defense, Main Line"
d4 d5 c4 c6 Nc3 Nf6 e3 e6 Nf3 Nbd7 Qc2 b6 b3 Bb7 Bd3 Be7 O-O O-O Bb2,"Semi-Slav Defense, Main Line"
d4 d5 c4 c6 Nc3 Nf6 e3 e6 Nf3 Nbd7 Bd3 Bb4,"Semi-Slav Defense, Romih Variation"
d4 d5 c4 c6 Nc3 Nf6 e3 e6 Nf3 Nbd7 Bd3 dxc4 Bxc4 b5,"Semi-Slav Defense, Meran Variation"
d4 d5 c4 c6 Nf3 Nf6 Nc3 e6 e3 Nbd7 Bd3 dxc4 Bxc4 b5 Bd3 b4,"Semi-Slav Defense, Meran Variation, Lundin Variation"
d4 d5 c4 c6 Nc3 Nf6 e3 e6 Nf3 Nbd7 Bd3 dxc4 Bxc4 b5 Bd3 Bb7,"Semi-Slav Defense, Meran Variation, Wade Variation"
d4 d5 c4 c6 Nc3 Nf6 e3 e6 Nf3 Nbd7 Bd3 dxc4 Bxc4 b5 Bd3 Bb7 e4 b4 Na4 c5 e5 Nd5 O-O cxd4 Nxd4,"Semi-Slav Defense, Meran Variation, Wade Variation, Kaidanov Gambit"
d4 d5 c4 c6 Nc3 Nf6 e3 e6 Nf3 Nbd7 Bd3 dxc4 Bxc4 b5 Bd3 Bb7 e4 b4 Na4 c5 e5 Nd5,"Semi-Slav Defense, Meran Variation, Wade Variation, Larsen Variation"
d4 d5 c4 c6 Nc3 Nf6 e3 e6 Nf3 Nbd7 Bd3 dxc4 Bxc4,"Semi-Slav Defense, Semi-Meran Variation"
d4 d5 c4 c6 Nc3 Nf6 e3 e6 Nf3 Nbd7 Bd3 dxc4 Bxc4 b5 Bd3 a6,"Semi-Slav Defense, Meran Variation"
d4 d5 c4 c6 Nc3 Nf6 e3 e6 Nf3 Nbd7 Bd3 dxc4 Bxc4 b5 Bd3 a6 e4 c5,"Semi-Slav Defense, Meran Variation"
d4 d5 c4 c6 Nc3 Nf6 e3 e6 Nf3 Nbd7 Bd3 dxc4 Bxc4 b5 Bd3 a6 e4 c5 e5,"Semi-Slav Defense, Meran Variation, Old Variation"
d4 d5 c4 e6 Nc3 c6 e3 Nf6 Nf3 Nbd7 Bd3 dxc4 Bxc4 b5 Bd3 a6 e4 b4,"Semi-Slav Defense, Meran Variation, Pirc Variation"
d4 d5 c4 c6 Nf3 Nf6 Nc3 e6 e3 Nbd7 Bd3 dxc4 Bxc4 b5 Bd3 a6 e4 c5 d5,"Semi-Slav Defense, Meran Variation, Reynolds' Variation"
d4 d5 c4 c6 Nc3 Nf6 e3 e6 Nf3 Nbd7 Bd3 dxc4 Bxc4 b5 Bd3 a6 e4 c5 e5 cxd4 Nxb5,"Semi-Slav Defense, Meran Variation, Blumenfeld Variation"
d4 d5 c4 c6 Nc3 Nf6 e3 e6 Nf3 Nbd7 Bd3 dxc4 Bxc4 b5 Bd3 a6 e4 c5 e5 cxd4 Nxb5 Ng4,"Semi-Slav Defense, Meran Variation, Rabinovich Variation"
d4 d5 c4 c6 Nc3 Nf6 Nf3 e6 e3 Nbd7 Bd3 dxc4 Bxc4 b5 Bd3 a6 e4 c5 e5 cxd4 Nxb5 Nxe5 Nxe5 axb5 O-O Qd5 Qe2 Ba6 Bg5,"Semi-Slav Defense, Meran Variation, Rellstab Attack"
d4 d5 c4 c6 Nf3 Nf6 Nc3 e6 e3 Nbd7 Bd3 dxc4 Bxc4 b5 Bd3 a6 e4 c5 e5 cxd4 Nxb5 Nxe5,"Semi-Slav Defense, Meran Variation, Sozin Variation"
d4 d5 Nf3 Nf6 c4 c6 Nc3 e6 e3 Nbd7 Bd3 dxc4 Bxc4 b5 Bd3 a6 e4 c5 e5 cxd4 Nxb5 Nxe5 Nxe5 axb5 O-O,"Semi-Slav Defense, Meran Variation, Sozin Variation"
d4 d5 c4 c6 Nc3 Nf6 e3 e6 Nf3 Nbd7 Bd3 dxc4 Bxc4 b5 Bd3 a6 e4 c5 e5 cxd4 Nxb5 Nxe5 Nxe5 axb5 Qf3,"Semi-Slav Defense, Meran Variation, Stahlberg Variation"
d4 d5 c4 e6 Nc3 Nf6 Bg5 c5,"Queen's Gambit Declined, Been-Koomen Variation"
d4 d5 c4 e6 Nc3 Nf6 Bg5,"Queen's Gambit Declined, Modern Variation"
d4 d5 c4 e6 Nc3 Nf6 Bg5 c5 cxd5,"Queen's Gambit Declined, Pseudo-Tarrasch Variation"
d4 d5 c4 e6 Nc3 Nf6 Bg5 c5 cxd5 Qb6,"Queen's Gambit Declined, Pseudo-Tarrasch Variation, Canal Variation"
d4 d5 c4 e6 Nc3 Nf6 Bg5 c5 Nf3 cxd4 Qxd4,"Queen's Gambit Declined, Pseudo-Tarrasch Variation, Primitive Pillsbury Variation"
d4 d5 c4 e6 Nc3 Nf6 Bg5 c5 Nf3 cxd4 Nxd4 e5 Ndb5 a6 Qa4,"Queen's Gambit Declined, Semi-Tarrasch Defense, Krause Variation"
d4 d5 c4 e6 Nc3 Nf6 Bg5 Nbd7 Nf3 c6 e4,"Queen's Gambit Declined, Alekhine Variation"
d4 d5 c4 e6 Nc3 Nf6 Bg5 Nbd7 e3 c6 a3,"Queen's Gambit Declined, Capablanca Variation, Anti-Cambridge Springs Variation"
d4 d5 c4 e6 Nc3 Nf6 Bg5 Nbd7 e3 Bb4,"Queen's Gambit Declined, Manhattan Variation"
d4 d5 c4 e6 Nc3 Nf6 Bg5 Nbd7,"Queen's Gambit Declined, Modern Variation, Knight Defense"
d4 d5 c4 e6 Nc3 Nf6 Bg5 Nbd7 e3,"Queen's Gambit Declined, Modern Variation, Knight Defense"
d4 d5 c4 e6 Nc3 Nf6 Bg5 Nbd7 e3 c6,"Queen's Gambit Declined, Modern Variation, Knight Defense"
d4 d5 c4 e6 Nc3 Nf6 Bg5 Nbd7 Nf3 c6 Rc1 Qa5 Bd2,"Queen's Gambit Declined, Rochlin Variation"
d4 d5 c4 c6 Nf3 Nf6 Nc3 e6 Bg5 Nbd7 e3,Queen's Gambit Declined
d4 d5 c4 c6 Nf3 Nf6 Nc3 e6 Bg5 Nbd7 e3 Qa5,"Queen's Gambit Declined, Cambridge Springs Defense"
d4 d5 c4 c6 Nf3 Nf6 Nc3 e6 Bg5 Nbd7 e3 Qa5 cxd5,"Queen's Gambit Declined, Cambridge Springs Defense"
d4 d5 c4 e6 Nc3 Nf6 Bg5 Nbd7 e3 c6 Nf3 Qa5 Nd2 Bb4 Qc2 O-O Bh4,"Queen's Gambit Declined, Cambridge Springs Defense, Argentine Variation"
d4 d5 c4 c6 Nf3 Nf6 Nc3 e6 Bg5 Nbd7 e3 Qa5 Nd2 Bb4 Qc2,"Queen's Gambit Declined, Cambridge Springs Defense, Bogoljubow Variation"
d4 d5 c4 e6 Nc3 Nf6 Bg5 Nbd7 e3 c6 Nf3 Qa5 Bxf6,"Queen's Gambit Declined, Cambridge Springs Defense, Capablanca Variation"
d4 d5 c4 c6 Nf3 Nf6 Nc3 e6 Bg5 Nbd7 e3 Qa5 Nd2 dxc4,"Queen's Gambit Declined, Cambridge Springs Defense, Rubinstein Variation"
d4 d5 c4 c6 Nf3 Nf6 Nc3 e6 Bg5 Nbd7 e3 Qa5 cxd5 Nxd5,"Queen's Gambit Declined, Cambridge Springs Defense, Yugoslav Variation"
d4 d5 c4 e6 Nc3 Nf6 Bg5 Be7,Queen's Gambit Declined
d4 d5 c4 e6 Nc3 Nf6 Bg5 Be7 Nf3,Queen's Gambit Declined
d4 d5 c4 e6 Nc3 Nf6 Bg5 Be7 Nf3 c6 e3 dxc4 Bxc4,Queen's Gambit Declined
d4 d5 c4 e6 Nf3 Nf6 Nc3 dxc4 Bg5 Be7,Queen's Gambit Declined
d4 d5 c4 e6 Nf3 Nf6 Nc3 dxc4 Bg5 Be7 e4,Queen's Gambit Declined
d4 d5 c4 e6 Nf3 Nf6 Nc3 Nc6 Bg5 Be7 e3 O-O,Queen's Gambit Declined
d4 Nf6 c4 e6 Nc3 d5 Bg5 Be7 e3 Ne4,"Queen's Gambit Declined, Lasker Defense"
d4 d5 c4 e6 Nc3 Nf6 Bg5 Be7 Bxf6,"Queen's Gambit Declined, Modern Variation, Heral Variation"
d4 d5 c4 e6 Nc3 Be7 Nf3 Nf6 Bg5 h6 Bh4 O-O Rc1 dxc4,"Queen's Gambit Declined, Uhlmann Variation"
d4 Nf6 c4 e6 Nc3 d5 Bg5 Be7 e3 O-O Rc1,"Queen's Gambit Declined, Neo-Orthodox Variation"
d4 Nf6 c4 e6 Nf3 d5 Nc3 Be7 Bg5 O-O e3 h6 Bxf6,"Queen's Gambit Declined, Anti-Tartakower Variation"
d4 Nf6 c4 e6 Nf3 d5 Nc3 Be7 Bg5 h6 Bxf6 Bxf6 e3 O-O Rc1 c6 Bd3 Nd7 O-O dxc4 Bxc4,"Queen's Gambit Declined, Anti-Tartakower Variation, Petrosian Variation"
d4 Nf6 c4 e6 Nf3 d5 Nc3 Be7 Bg5 O-O e3,"Queen's Gambit Declined, Modern Variation, Normal Line"
d4 Nf6 c4 e6 Nf3 d5 Nc3 Be7 Bg5 O-O e3 h6,"Queen's Gambit Declined, Neo-Orthodox Variation"
d4 Nf6 c4 e6 Nf3 d5 Nc3 Be7 Bg5 h6 Bh4 O-O e3,"Queen's Gambit Declined, Neo-Orthodox Variation, Main Line"
d4 Nf6 c4 e6 Nf3 b6 Nc3 d5 cxd5 exd5 Bg5 Be7 e3 O-O Bd3 Bb7 Ne5,"Queen's Gambit Declined, Pillsbury Attack"
d4 d5 c4 e6 Nf3 Nf6 Nc3 Nc6 Bg5 Be7 e3 O-O Rc1 h6 Bh4,Queen's Gambit Declined
d4 d5 c4 e6 Nc3 Be7 Nf3 Nf6 Bg5 h6 Bh4 O-O e3 Ne4,"Queen's Gambit Declined, Lasker Defense"
d4 d5 c4 e6 Nf3 Nf6 Nc3 Nc6 Bg5 Be7 e3 O-O Rc1 h6 Bh4 Ne4,"Queen's Gambit Declined, Lasker Defense"
d4 d5 c4 e6 Nc3 Nf6 Bg5 Be7 e3 O-O Nf3 h6 Bh4 Ne4 Bxe7 Qxe7 Qc2 Nf6 Bd3 dxc4 Bxc4 c5 O-O Nc6 Rfd1 Bd7,"Queen's Gambit Declined, Lasker Defense, Russian Variation"
d4 Nf6 c4 e6 Nf3 d5 Nc3 Be7 Bg5 h6 Bh4 O-O e3 Ne4 Bxe7 Qxe7 Qc2,"Queen's Gambit Declined, Lasker Defense, Teichmann Variation"
d4 Nf6 c4 e6 Nc3 d5 Bg5 Be7 e3 h6 Bh4 O-O Nf3 Ne4 Bxe7 Qxe7 cxd5 Nxc3 bxc3 exd5 Qb3 Qd6,"Queen's Gambit Declined, Lasker Defense, Bernstein Variation"
d4 d5 c4 e6 Nc3 Nf6 Bg5 Be7 e3 O-O Nf3 h6 Bh4 Ne4 Bxe7 Qxe7 cxd5 Nxc3 bxc3 exd5 Qb3 Rd8 c4 Be6,"Queen's Gambit Declined, Lasker Defense, Bernstein Variation, Mar del Plata Gambit"
d4 d5 c4 e6 Nc3 Be7 Nf3 Nf6 Bg5 h6 Bh4 O-O e3 Ne4 Bxe7 Qxe7 cxd5 Nxc3 bxc3,"Queen's Gambit Declined, Lasker Defense, Main Line"
d4 Nf6 c4 e6 Nf3 d5 Nc3 Be7 Bg5 h6 Bh4 O-O e3 b6,"Queen's Gambit Declined, Tartakower Defense"
d4 d5 c4 e6 Nc3 Be7 Nf3 Nf6 Bg5 h6 Bh4 O-O e3 b6 cxd5 exd5,"Queen's Gambit Declined, Tartakower Defense, Exchange Variation"
d4 d5 c4 e6 Nc3 Be7 Nf3 Nf6 Bg5 h6 Bh4 O-O e3 b6 cxd5 Nxd5 Bxe7 Qxe7 Nxd5 exd5 Rc1 Be6,"Queen's Gambit Declined, Tartakower Defense"
d4 d5 c4 e6 Nc3 Be7 Nf3 Nf6 Bg5 h6 Bh4 O-O e3 b6 cxd5 Nxd5,"Queen's Gambit Declined, Tartakower Defense, Makogonov Exchange Variation"
d4 Nf6 c4 e6 Nf3 d5 Nc3 Be7 Bg5 O-O e3 Nbd7,"Queen's Gambit Declined, Orthodox Defense"
d4 Nf6 c4 e6 Nf3 d5 Nc3 Be7 Bg5 O-O e3 Nbd7 Bd3,"Queen's Gambit Declined, Orthodox Defense, Botvinnik Variation"
d4 Nf6 c4 e6 Nf3 d5 Nc3 Be7 Bg5 O-O e3 Nbd7 Bd3 c6,"Queen's Gambit Declined, Orthodox Defense, Botvinnik Variation"
d4 d5 Nf3 Nf6 c4 e6 Nc3 Be7 Bg5 O-O e3 Nbd7 Qb3,"Queen's Gambit Declined, Orthodox Defense, Rauzer Variation"
d4 d5 c4 e6 Nc3 Nf6 Bg5 Be7 e3 O-O Nf3 Nbd7 Qc2,"Queen's Gambit Declined, Orthodox Defense, Rubinstein Variation"
d4 d5 c4 e6 Nc3 Nf6 Bg5 Be7 e3 O-O Nf3 Nbd7 Qc2 c5,"Queen's Gambit Declined, Orthodox Defense, Rubinstein Variation"
d4 d5 c4 e6 Nc3 Nf6 Bg5 Be7 e3 O-O Nf3 Nbd7 Qc2 c6,"Queen's Gambit Declined, Orthodox Defense, Rubinstein Variation"
d4 d5 c4 e6 Nc3 Nf6 Bg5 Be7 e3 O-O Nf3 Nbd7 Qc2 c6 a3,"Queen's Gambit Declined, Orthodox Defense, Rubinstein Variation"
d4 d5 c4 e6 Nc3 Nf6 Bg5 Be7 e3 O-O Nf3 Nbd7 Qc2 a6 cxd5 exd5 Bd3 Re8,"Queen's Gambit Declined, Orthodox Defense, Rubinstein Variation"
d4 d5 c4 e6 Nc3 Nf6 Bg5 Be7 e3 O-O Nf3 Nbd7 Qc2 c6 Rd1 a6,"Queen's Gambit Declined, Orthodox Defense, Rubinstein Variation"
d4 Nf6 c4 e6 Nf3 d5 Nc3 Be7 Bg5 O-O e3 Nbd7 Qc2 c5 cxd5,"Queen's Gambit Declined, Orthodox Defense, Rubinstein Variation, Flohr Line"
Nf3 d5 d4 Nf6 c4 e6 Nc3 Be7 Bg5 O-O e3 Nbd7 Rc1 b6 cxd5 exd5 Bb5,"Queen's Gambit Declined, Orthodox Defense, Capablanca Variation"
d4 Nf6 c4 e6 Nf3 d5 Nc3 Be7 Bg5 O-O e3 Nbd7 Rc1 a6,"Queen's Gambit Declined, Orthodox Defense, Henneberger Variation"
d4 Nf6 c4 e6 Nf3 d5 Nc3 Be7 Bg5 O-O e3 Nbd7 Rc1 a6 c5,"Queen's Gambit Declined, Orthodox Defense, Henneberger Variation"
d4 Nf6 c4 e6 Nf3 d5 Nc3 Be7 Bg5 O-O e3 Nbd7 Rc1 a6 c5 c6,"Queen's Gambit Declined, Orthodox Defense, Henneberger Variation"
d4 Nf6 c4 e6 Nf3 d5 Nc3 Be7 Bg5 O-O e3 Nbd7 Rc1 a6 c5 c6 Bd3,"Queen's Gambit Declined, Orthodox Defense, Henneberger Variation"
d4 Nf6 c4 e6 Nf3 d5 Nc3 Be7 Bg5 O-O e3 Nbd7 Rc1,"Queen's Gambit Declined, Orthodox Defense, Main Line"
d4 Nf6 c4 e6 Nf3 d5 Nc3 Be7 Bg5 O-O e3 Nbd7 Rc1 c6,"Queen's Gambit Declined, Orthodox Defense, Main Line"
d4 d5 c4 e6 Nc3 Nf6 Bg5 Be7 e3 Nbd7 Nf3 O-O Rc1 h6 Bh4 c5,"Queen's Gambit Declined, Orthodox Defense, Main Line"
d4 Nf6 c4 e6 Nc3 d5 Bg5 Be7 e3 O-O Nf3 Nbd7 Rc1 b6 cxd5 exd5 Bd3,"Queen's Gambit Declined, Orthodox Defense, Pillsbury Variation"
d4 Nf6 c4 e6 Nf3 d5 Nc3 Be7 Bg5 O-O e3 Nbd7 Rc1 a6 cxd5,"Queen's Gambit Declined, Orthodox Defense, Swiss, Carlsbad Variation"
d4 Nf6 c4 e6 Nc3 d5 Nf3 Be7 Bg5 O-O e3 Nbd7 Rc1 c6 a3 a6 Qc2,"Queen's Gambit Declined, Orthodox Defense, Rubinstein Attack"
d4 Nf6 c4 e6 Nf3 d5 Nc3 Be7 Bg5 O-O e3 Nbd7 Rc1 c6 Qc2,"Queen's Gambit Declined, Orthodox Defense, Rubinstein Attack"
d4 Nf6 c4 e6 Nf3 d5 Nc3 Be7 Bg5 O-O e3 Nbd7 Rc1 c6 Qc2 a6,"Queen's Gambit Declined, Orthodox Defense, Rubinstein Attack"
Nf3 d5 d4 Nf6 c4 e6 Nc3 Be7 Bg5 O-O e3 Nbd7 Rc1 c6 Qc2 Ne4,"Queen's Gambit Declined, Orthodox Defense, Rubinstein Attack"
d4 d5 Nf3 Nf6 c4 e6 Nc3 Be7 Bg5 O-O e3 Nbd7 Rc1 c6 Qc2 a6 cxd5,"Queen's Gambit Declined, Orthodox Defense, Rubinstein Attack"
d4 d5 Nf3 Nf6 c4 e6 Nc3 Be7 Bg5 O-O e3 Nbd7 Rc1 c6 Qc2 a6 cxd5 exd5 Bd3,"Queen's Gambit Declined, Orthodox Defense, Rubinstein Attack"
d4 d5 c4 e6 Nc3 Nf6 Bg5 Be7 e3 O-O Nf3 Nbd7 Rc1 c6 Bd3,"Queen's Gambit Declined, Orthodox Defense, Bd3 Line"
d4 d5 c4 e6 Nc3 Nf6 Bg5 Be7 e3 O-O Nf3 Nbd7 Rc1 c6 Bd3 h6 Bh4,"Queen's Gambit Declined, Orthodox Defense, Bd3 Line"
d4 d5 c4 e6 Nc3 Nf6 Bg5 c6 Nf3 Be7 e3 Nbd7 Rc1 O-O Bd3 dxc4 Bxc4 b5,"Queen's Gambit Declined, Orthodox Defense, Fianchetto Variation"
d4 d5 c4 e6 Nc3 Nf6 Bg5 Be7 e3 O-O Nf3 Nbd7 Rc1 c6 Bd3 dxc4 Bxc4 Nd5 Bxe7 Qxe7 Ne4,"Queen's Gambit Declined, Orthodox Defense, Alekhine Variation"
d4 d5 c4 e6 Nc3 Nf6 Bg5 Be7 e3 O-O Nf3 Nbd7 Rc1 c6 Bd3 dxc4 Bxc4 Nd5 Bxe7 Qxe7,"Queen's Gambit Declined, Orthodox Defense, Bd3 Line"
d4 d5 c4 e6 Nc3 Nf6 Bg5 Be7 e3 O-O Nf3 Nbd7 Rc1 c6 Bd3 dxc4 Bxc4 Nd5,"Queen's Gambit Declined, Orthodox Defense, Capablanca System"
d4 d5 Nf3 Nf6 c4 e6 Nc3 Be7 Bg5 O-O e3 Nbd7 Rc1 c6 Bd3 dxc4 Bxc4 Nd5 h4,"Queen's Gambit Declined, Orthodox Defense, Janowski Variation"
d4 d5 c4 e6 Nc3 Nf6 Bg5 Be7 e3 O-O Nf3 Nbd7 Rc1 c6 Bd3 dxc4 Bxc4 Nd5 Bxe7 Qxe7 O-O,"Queen's Gambit Declined, Orthodox Defense, Main Line"
d4 d5 c4 e6 Nc3 Nf6 Bg5 Be7 e3 O-O Nf3 Nbd7 Rc1 c6 Bd3 dxc4 Bxc4 Nd5 Bxe7 Qxe7 O-O Nxc3 Rxc3 e5,"Queen's Gambit Declined, Orthodox Defense, Classical Variation"
d4 d5 c4 e6 Nf3 Nf6 Nc3 Be7 Bg5 O-O e3 Nbd7 Rc1 c6 Bd3 dxc4 Bxc4 Nd5 Bxe7 Qxe7 O-O Nxc3 Rxc3 e5 Qb1,"Queen's Gambit Declined, Orthodox Defense, Classical Variation"
d4 Nf6 c4 e6 Nf3 d5 Nc3 Be7 Bg5 O-O e3 Nbd7 Rc1 c6 Bd3 dxc4 Bxc4 Nd5 Bxe7 Qxe7 O-O Nxc3 Rxc3 e5 Qc2,"Queen's Gambit Declined, Orthodox Defense, Classical Variation"
d4 d5 c4 e6 Nc3 Nf6 Bg5 Be7 e3 O-O Nf3 Nbd7 Rc1 c6 Bd3 dxc4 Bxc4 Nd5 Bxe7 Qxe7 O-O Nxc3 Rxc3 e5 dxe5 Nxe5 Nxe5 Qxe5,"Queen's Gambit Declined, Orthodox Defense, Classical Variation"
d4 Nf6 c4 g6 f3 d5,"Neo-Grünfeld Defense, Goglidze Attack"
d4 Nf6 c4 g6 Nf3 d5,"Neo-Grünfeld Defense, with Nf3"
d4 Nf6 c4 g6 g3 d5,"Neo-Grünfeld Defense, with g3"
d4 Nf6 c4 g6 g3 Bg7 Bg2 d5 cxd5 Nxd5,"Neo-Grünfeld Defense, Exchange Variation"
c4 Nf6 g3 g6 Bg2 Bg7 d4 d5 cxd5 Nxd5 Nf3,"Neo-Grünfeld Defense, Exchange Variation"
d4 Nf6 c4 g6 g3 d5 Bg2 Bg7 cxd5 Nxd5 e4 Nb6 Ne2,"Neo-Grünfeld Defense, with g3"
d4 Nf6 c4 g6 g3 d5 Bg2 Bg7 Nf3,"Neo-Grünfeld Defense, with g3"
d4 Nf6 c4 g6 Nf3 Bg7 g3 O-O Bg2 d5 cxd5 Nxd5 O-O,"Neo-Grünfeld Defense, Delayed Exchange Variation"
d4 Nf6 c4 g6 Nc3 Bg7 Nf3 O-O g3 d5 cxd5 Nxd5 Bg2 c5 O-O,"Neo-Grünfeld Defense, Delayed Exchange Variation"
d4 Nf6 Nf3 g6 c4 Bg7 g3 O-O Bg2 d5 cxd5 Nxd5 O-O c5 dxc5,"Neo-Grünfeld Defense, Delayed Exchange Variation"
d4 Nf6 c4 g6 Nf3 Bg7 g3 O-O Bg2 d5 cxd5 Nxd5 O-O Nb6,"Neo-Grünfeld Defense, Delayed Exchange Variation"
d4 Nf6 Nf3 g6 g3 Bg7 Bg2 O-O O-O d5 c4,"Neo-Grünfeld Defense, Classical Variation"
d4 Nf6 Nf3 g6 g3 Bg7 Bg2 O-O O-O d5 c4 dxc4,"Neo-Grünfeld Defense, Classical Variation, Modern Defense"
d4 Nf6 Nf3 g6 g3 Bg7 Bg2 O-O O-O d5 c4 Nc6,"Neo-Grünfeld Defense, Classical Variation, Polgar Variation"
d4 Nf6 c4 g6 Nf3 Bg7 g3 O-O Bg2 c6 O-O d5,"Neo-Grünfeld Defense, Classical Variation, Original Defense"
d4 Nf6 c4 g6 Nf3 Bg7 g3 O-O Bg2 c6 O-O d5 cxd5 cxd5,"Neo-Grünfeld Defense, Ultra-Delayed Exchange Variation"
d4 Nf6 c4 g6 Nc3 d5,Grünfeld Defense
d4 Nf6 c4 g6 Nc3 d5 g4,"Grünfeld Defense, Gibbon Gambit"
d4 Nf6 c4 g6 Nc3 d5 Bg5 Ne4 Nxe4 dxe4 Qd2 c5,"Grünfeld Defense, Lundin Variation"
d4 Nf6 c4 g6 Nc3 d5 f3,"Grünfeld Defense, Lutikov Variation"
d4 Nf6 c4 g6 Nc3 d5 f3 c5 cxd5 Nxd5 Na4,"Grünfeld Defense, Lutikov Variation, Murrey Attack"
d4 Nf6 c4 g6 Nc3 d5 Bg5,"Grünfeld Defense, Stockholm Variation"
d4 Nf6 c4 g6 Nc3 d5 h4,"Grünfeld Defense, Zaitsev Gambit"
d4 Nf6 c4 g6 Nc3 d5 Qb3,"Grünfeld Defense, Russian Variation, Accelerated Variation"
d4 Nf6 c4 g6 Nc3 d5 Bf4,"Grünfeld Defense, Brinckmann Attack"
d4 Nf6 c4 g6 Nc3 d5 Bf4 Bg7 e3 O-O,"Grünfeld Defense, Brinckmann Attack, Grünfeld Gambit"
d4 Nf6 c4 g6 Nc3 d5 Bf4 Bg7 e3 O-O Rc1 c5 dxc5 Be6,"Grünfeld Defense, Brinckmann Attack, Grünfeld Gambit, Botvinnik Variation"
d4 Nf6 c4 g6 Nc3 d5 Bf4 Bg7 e3 O-O Rc1,"Grünfeld Defense, Brinckmann Attack, Grünfeld Gambit, Capablanca Variation"
d4 Nf6 c4 g6 Nc3 d5 Bf4 Bg7 Rc1 O-O e3 c5 dxc5 Qa5,"Grünfeld Defense, Brinckmann Attack, Reshevsky Gambit"
d4 Nf6 c4 g6 Nc3 d5 Bf4 Bg7 e3 O-O cxd5 Nxd5 Nxd5 Qxd5 Bxc7,"Grünfeld Defense, Brinckmann Attack, Grünfeld Gambit Accepted"
d4 Nf6 c4 g6 Nc3 d5 cxd5 Nxd5,"Grünfeld Defense, Exchange Variation"
d4 Nf6 c4 g6 Nc3 d5 cxd5 Nxd5 e4 Nxc3 bxc3 Bg7 Nf3,"Grünfeld Defense, Exchange Variation, Modern Exchange Variation"
d4 Nf6 c4 g6 Nc3 d5 cxd5 Nxd5 e4 Nxc3 bxc3 Bg7 Nf3 c5,"Grünfeld Defense, Exchange Variation, Modern Exchange Variation"
d4 Nf6 Nf3 g6 c4 Bg7 Nc3 d5 cxd5 Nxd5 e4 Nxc3 bxc3 c5 Rb1,"Grünfeld Defense, Exchange Variation, Modern Exchange Variation"
d4 Nf6 Nf3 g6 c4 Bg7 Nc3 d5 cxd5 Nxd5 e4 Nxc3 bxc3 c5 h3,"Grünfeld Defense, Exchange Variation, Modern Exchange Variation, Kramnik's Line"
d4 Nf6 c4 g6 Nc3 d5 cxd5 Nxd5 e4 Nxc3 bxc3 Bg7 Nf3 c5 Rb1 O-O Be2 Nc6 d5 Bxc3+,"Grünfeld Defense, Exchange Variation, Modern Exchange Variation, Pawn Grab Line"
d4 Nf6 c4 g6 Nc3 d5 cxd5 Nxd5 Na4,"Grünfeld Defense, Exchange Variation, Nadanian Attack"
d4 Nf6 c4 g6 Nc3 d5 cxd5 Nxd5 e4 Nxc3 bxc3 Bg7 Bc4,"Grünfeld Defense, Exchange Variation, Classical Variation"
d4 Nf6 c4 g6 Nc3 d5 cxd5 Nxd5 e4 Nxc3 bxc3 Bg7 Bc4 O-O Ne2 Qd7,"Grünfeld Defense, Exchange Variation, Larsen Variation"
d4 Nf6 c4 g6 Nc3 d5 cxd5 Nxd5 e4 Nxc3 bxc3 Bg7 Bc4 O-O Ne2 Qd7 O-O b6,"Grünfeld Defense, Exchange Variation, Larsen Variation"
d4 Nf6 c4 g6 Nc3 d5 cxd5 Nxd5 e4 Nxc3 bxc3 Bg7 Bc4 O-O Ne2 Nc6,"Grünfeld Defense, Exchange Variation, Simagin's Improved Variation"
d4 Nf6 c4 g6 Nc3 d5 cxd5 Nxd5 e4 Nxc3 bxc3 Bg7 Bc4 O-O Ne2 b6,"Grünfeld Defense, Exchange Variation, Simagin's Lesser Variation"
d4 Nf6 c4 g6 Nc3 d5 cxd5 Nxd5 e4 Nxc3 bxc3 Bg7 Bc4 c5 Ne2 Nc6 Be3 O-O O-O Bg4 f3 Na5 Bxf7+,"Grünfeld Defense, Exchange Variation, Seville Variation"
d4 Nf6 c4 g6 Nc3 d5 cxd5 Nxd5 e4 Nxc3 bxc3 Bg7 Bc4 c5 Ne2 O-O,"Grünfeld Defense, Exchange Variation, Spassky Variation"
d4 Nf6 c4 g6 Nc3 d5 cxd5 Nxd5 e4 Nxc3 bxc3 Bg7 Bc4 c5 Ne2 Nc6 Be3 O-O O-O cxd4 cxd4,"Grünfeld Defense, Exchange Variation, Spassky Variation"
d4 Nf6 c4 g6 Nc3 d5 cxd5 Nxd5 e4 Nxc3 bxc3 Bg7 Bc4 c5 Ne2 O-O O-O Nc6 Be3 Bg4 f3 Na5 Bd3 cxd4 cxd4 Be6 d5,"Grünfeld Defense, Exchange Variation, Sokolsky Variation"
d4 Nf6 c4 g6 Nc3 d5 cxd5 Nxd5 e4 Nxc3 bxc3 Bg7 Bc4 c5 Ne2 Nc6 Be3 O-O O-O Bg4 f3 Na5 Bd3 cxd4 cxd4 Be6,"Grünfeld Defense, Exchange Variation, Spassky Variation"
d4 Nf6 c4 g6 Nc3 d5 Nf3 Bg7 Qa4+,"Grünfeld Defense, Flohr Variation"
d4 Nf6 c4 g6 Nc3 d5 Nf3,"Grünfeld Defense, Three Knights Variation"
d4 Nf6 c4 g6 Nc3 d5 Nf3 Bg7,"Grünfeld Defense, Three Knights Variation"
d4 Nf6 c4 g6 Nc3 d5 Nf3 Bg7 Bg5,"Grünfeld Defense, Three Knights Variation, Petrosian System"
d4 Nf6 c4 g6 Nc3 d5 Nf3 Bg7 Bf4,"Grünfeld Defense, Three Knights Variation, Hungarian Attack"
d4 Nf6 c4 g6 Nc3 d5 Nf3 Bg7 Bf4 O-O e3,"Grünfeld Defense, Three Knights Variation, Hungarian Variation"
d4 d5 c4 c6 Nc3 Nf6 e3 g6 Nf3 Bg7 Bd3 O-O O-O Bf5,"Grünfeld Defense, Flohr Defense"
d4 Nf6 c4 g6 Nc3 d5 Nf3 Bg7 e3 O-O b4,"Grünfeld Defense, Makogonov Variation"
d4 Nf6 c4 g6 Nc3 d5 Nf3 Bg7 e3 O-O Bd2,"Grünfeld Defense, Opocensky Variation"
d4 d5 c4 c6 Nc3 Nf6 e3 g6 Nf3 Bg7 Bd3 O-O O-O Bg4,"Grünfeld Defense, Smyslov Defense"
d4 Nf6 c4 g6 Nc3 d5 Nf3 Bg7 e3,"Grünfeld Defense, Three Knights Variation, Burille Variation"
d4 Nf6 c4 g6 Nc3 d5 Nf3 Bg7 e3 O-O Bd3,"Grünfeld Defense, Three Knights Variation, Paris Variation"
d4 Nf6 c4 g6 Nc3 d5 Nf3 Bg7 e3 O-O Qb3 e6,"Grünfeld Defense, Botvinnik Variation"
d4 Nf6 c4 g6 Nc3 d5 e3 Bg7 Qb3 dxc4 Bxc4 O-O Nf3 Nbd7 Ng5,"Grünfeld Defense, Pachman Variation"
d4 Nf6 c4 g6 Nc3 d5 Nf3 Bg7 e3 O-O Qb3,"Grünfeld Defense, Three Knights Variation, Vienna Variation"
d4 Nf6 c4 g6 Nc3 d5 Nf3 Bg7 Qb3,"Grünfeld Defense, Russian Variation"
d4 Nf6 c4 g6 Nc3 d5 Nf3 Bg7 Qb3 dxc4 Qxc4 O-O e4,"Grünfeld Defense, Russian Variation"
d4 Nf6 c4 g6 Nc3 d5 Nf3 Bg7 Qb3 dxc4 Qxc4 O-O e4 Nc6,"Grünfeld Defense, Russian Variation, Byrne Variation"
d4 Nf6 c4 g6 Nc3 d5 Nf3 Bg7 Qb3 dxc4 Qxc4 O-O e4 a6,"Grünfeld Defense, Russian Variation, Hungarian Variation"
d4 Nf6 c4 g6 Nc3 d5 Nf3 Bg7 Qb3 dxc4 Qxc4 O-O e4 b6,"Grünfeld Defense, Russian Variation, Levenfish Variation"
d4 Nf6 c4 g6 Nc3 d5 Nf3 Bg7 Qb3 dxc4 Qxc4 O-O e4 Na6,"Grünfeld Defense, Russian Variation, Prins Variation"
d4 Nf6 c4 g6 Nc3 d5 Nf3 Bg7 Qb3 dxc4 Qxc4 O-O e4 c6,"Grünfeld Defense, Russian Variation, Szabo Variation"
d4 Nf6 c4 g6 Nc3 d5 Nf3 Bg7 Qb3 dxc4 Qxc4 O-O e4 Bg4 Be3 Nfd7 Be2 Nb6 Qd3 Nc6 O-O-O,"Grünfeld Defense, Russian Variation, Keres Variation"
d4 Nf6 c4 g6 Nc3 d5 Nf3 Bg7 Qb3 dxc4 Qxc4 O-O e4 Bg4,"Grünfeld Defense, Russian Variation, Smyslov Variation"
d4 Nf6 c4 g6 Nc3 d5 Nf3 Bg7 Qb3 dxc4 Qxc4 O-O e4 Bg4 Be3 Nfd7 Qb3,"Grünfeld Defense, Russian Variation, Smyslov Variation"
d4 Nf6 c4 g6 Nc3 d5 Nf3 Bg7 Qb3 dxc4 Qxc4 O-O e4 Bg4 Be3 Nfd7 Qb3 c5,"Grünfeld Defense, Russian Variation, Yugoslav Variation"
d4 Nf6 c4 e6 g3,Catalan Opening
d4 Nf6 c4 e6 g3 d5,Catalan Opening
d4 Nf6 c4 e6 g3 e5,"Catalan Opening, Hungarian Gambit"
d4 Nf6 c4 e6 Qb3,Indian Defense
d4 Nf6 c4 e6 g4,"Indian Defense, Devin Gambit"
d4 Nf6 c4 e6 Bg5,"Indian Defense, Seirawan Attack"
d4 Nf6 c4 e6 g3 d5 Bg2,"Catalan Opening, Open Defense"
d4 Nf6 c4 e6 g3 d5 Bg2 c5 Nf3 Nc6,"Catalan Opening, Tarrasch Defense"
d4 Nf6 c4 e6 g3 d5 Bg2 dxc4,"Catalan Opening, Open Defense"
d4 Nf6 c4 e6 g3 d5 Bg2 dxc4 Qa4+ Nbd7 Qxc4,"Catalan Opening, Open Defense"
d4 Nf6 c4 e6 g3 d5 Bg2 dxc4 Qa4+ Nbd7 Qxc4 a6 Qc2,"Catalan Opening, Open Defense, Alekhine Variation"
d4 Nf6 c4 e6 g3 d5 Bg2 dxc4 Nf3,"Catalan Opening, Open Defense"
d4 Nf6 c4 e6 Nf3 d5 g3 c6 Bg2 dxc4,"Catalan Opening, Open Defense"
d4 Nf6 c4 e6 g3 d5 Bg2 dxc4 Nf3 Nc6 Qa4 Bb4+,"Catalan Opening, Open Defense, Modern Sharp Variation"
d4 Nf6 c4 e6 g3 d5 Bg2 dxc4 Nf3 Be7,"Catalan Opening, Open Defense, Classical Line"
d4 Nf6 c4 e6 Nf3 d5 g3 Be7 Bg2 O-O O-O dxc4,"Catalan Opening, Open Defense, Classical Line"
d4 Nf6 c4 e6 g3 d5 Bg2 Be7 Nf3,"Catalan Opening, Closed"
c4 e6 Nf3 d5 g3 Nf6 Bg2 Be7 d4 O-O O-O c6,"Catalan Opening, Closed"
d4 Nf6 c4 e6 Nf3 d5 g3 Bb4+ Bd2 Be7 Bg2 O-O O-O c6 Bf4 b6,"Catalan Opening, Closed"
d4 Nf6 c4 e6 g3 d5 Bg2 Be7 Nf3 O-O O-O c6 Qc2 b6 Nbd2 Bb7 e4 Na6,"Catalan Opening, Closed"
d4 Nf6 c4 e6 g3 d5 Bg2 Be7 Nf3 O-O O-O Nbd7,"Catalan Opening, Closed"
d4 Nf6 c4 e6 g3 d5 Bg2 Be7 Nf3 O-O O-O Nbd7 Nc3 c6 Qd3,"Catalan Opening, Closed, Botvinnik Variation"
d4 Nf6 c4 e6 g3 d5 Bg2 Be7 Nf3 O-O O-O Nbd7 Qc2,"Catalan Opening, Closed"
d4 Nf6 c4 e6 g3 d5 Bg2 Be7 Nf3 O-O O-O Nbd7 Qc2 c6 b3,"Catalan Opening, Closed"
d4 Nf6 c4 e6 g3 d5 Bg2 Be7 Nf3 O-O O-O Nbd7 Qc2 c6 b3 b6,"Catalan Opening, Closed"
d4 Nf6 c4 e6 g3 d5 Bg2 Be7 Nf3 O-O O-O c6 Qc2 b6 Rd1 Nbd7 Bf4,"Catalan Opening, Closed"
d4 Nf6 c4 e6 g3 d5 Bg2 Be7 Nf3 O-O O-O Nbd7 Qc2 c6 Bf4 b6 Nbd2 Bb7 e4,"Catalan Opening, Closed"
d4 Nf6 c4 e6 g3 Be7 Bg2 d5 Nf3 O-O O-O Nbd7 Qc2 c6 b3 b6 Rd1 Bb7 Nc3 b5,"Catalan Opening, Closed, Spassky Gambit"
d4 e6 c4 Nf6 Nf3 d5 g3 Be7 Bg2 O-O O-O Nbd7 Qc2 c6 Rd1 b6 a4,"Catalan Opening, Closed, Zagoryansky Variation"
d4 d5 c4 c6 Nf3 Nf6 Qc2 e6 Nbd2 Be7 g3 Nbd7 Bg2 O-O O-O b5,"Catalan Opening, Closed Variation, Rabinovich Variation"
d4 Nf6 c4 e6 Nf3 d5 g3 Be7 Bg2 O-O O-O Nbd7 Qc2 c6 Nbd2 b6,"Catalan Opening, Closed Variation, Traditional Variation"
d4 Nf6 c4 e6 Nf3 d5 g3 Be7 Bg2 O-O O-O Nbd7 Qc2 c6 Nbd2,"Catalan Opening, Closed, Main Line"
d4 Nf6 c4 e6 Nf3 d5 g3 Be7 Bg2 O-O O-O c6 Qc2 b6 Nbd2 Bb7 e4 Nbd7,"Catalan Opening, Closed, Main Line"
d4 Nf6 c4 e6 Nf3 d5 g3 Be7 Bg2 O-O O-O Nbd7 Qc2 c6 Bf4 b6 Nbd2 Bb7 e4 dxe4 Nxe4 Nxe4 Qxe4,"Catalan Opening, Closed, Main Line"
d4 Nf6 c4 e6 g3 d5 Bg2 Be7 Nf3 O-O O-O Nbd7 Qc2 c6 Nbd2 b6 b3 a5 Bb2 Ba6,"Catalan Opening, Closed, Sokolsky Variation"
d4 Nf6 c4 e6 Nf3 c5 d5 b5,Blumenfeld Countergambit
d4 Nf6 c4 e6 Nf3 c5 d5 b5 dxe6 fxe6 cxb5 d5,Blumenfeld Countergambit Accepted
d4 Nf6 c4 e6 Nf3 c5 d5 b5 Bg5,"Blumenfeld Countergambit, Duz-Khotimirsky Variation"
d4 Nf6 c4 e6 Nf3 c5 d5 b5 Bg5 exd5 cxd5 h6,"Blumenfeld Countergambit, Spielmann Variation"
d4 Nf6 c4 e6 Nf3,"Indian Defense, Anti-Nimzo-Indian"
d4 Nf6 c4 e6 Nf3 a6,"Indian Defense, Dzindzi-Indian Defense"
d4 Nf6 c4 e6 Nf3 Ne4,"Indian Defense, Döry Indian"
d4 Nf6 c4 e6 Nf3 Bb4+,Bogo-Indian Defense
d4 Nf6 c4 e6 Nf3 Bb4+ Bd2 Bxd2+,"Bogo-Indian Defense, Exchange Variation"
d4 Nf6 c4 e6 Nf3 Bb4+ Nbd2,"Bogo-Indian Defense, Grünfeld Variation"
d4 Nf6 c4 e6 Nf3 Bb4+ Bd2 Nc6,"Bogo-Indian Defense, Haiti Variation"
d4 Nf6 c4 e6 Nf3 b6 g3 Bb7 Bg2 Bb4+ Bd2 Bxd2+ Qxd2 O-O Nc3 Ne4 Qc2 Nxc3 Ng5,"Bogo-Indian Defense, Monticelli Trap"
d4 Nf6 c4 e6 Nf3 Bb4+ Nfd2,"Bogo-Indian Defense, New England Variation"
d4 Nf6 c4 e6 Nf3 Bb4+ Bd2 Qe7,"Bogo-Indian Defense, Nimzowitsch Variation"
d4 Nf6 c4 e6 Nf3 Bb4+ Bd2 Be7,"Bogo-Indian Defense, Retreat Variation"
d4 Nf6 c4 e6 g3 Bb4+ Bd2 Be7 Bg2 d5 Nf3,"Bogo-Indian Defense, Retreat Variation"
d4 Nf6 c4 e6 g3 Bb4+ Bd2 Be7 Bg2 d5 Nf3 O-O,"Bogo-Indian Defense, Retreat Variation"
d4 Nf6 c4 e6 g3 Bb4+ Bd2 Be7 Bg2 d5 Nf3 O-O O-O,"Bogo-Indian Defense, Retreat Variation"
d4 Nf6 c4 e6 g3 Bb4+ Bd2 Be7 Bg2 d5 Nf3 O-O Qc2 c6 O-O,"Bogo-Indian Defense, Retreat Variation"
d4 Nf6 c4 e6 g3 Bb4+ Bd2 Be7 Bg2 d5 Nf3 Nbd7 O-O O-O Qc2 c6,"Bogo-Indian Defense, Retreat Variation"
d4 Nf6 c4 e6 g3 Bb4+ Bd2 Be7 Bg2 d5 Nf3 Nbd7 O-O O-O Qc2 c6 b3,"Bogo-Indian Defense, Retreat Variation"
d4 Nf6 c4 e6 g3 Bb4+ Bd2 Be7 Bg2 d5 Nf3 Nbd7 O-O O-O Qc2 c6 Rc1,"Bogo-Indian Defense, Retreat Variation"
d4 Nf6 c4 e6 g3 Bb4+ Bd2 Be7 Bg2 d5 Nf3 Nbd7 O-O O-O Qc2 c6 Rd1,"Bogo-Indian Defense, Retreat Variation"
d4 Nf6 c4 e6 g3 Bb4+ Bd2 Be7 Bg2 d5 Nf3 Nbd7 O-O O-O Qc2 c6 Rd1 h6,"Bogo-Indian Defense, Retreat Variation"
d4 Nf6 c4 e6 Nf3 d5 g3 Bb4+ Bd2 Be7 Bg2 O-O O-O c6 Qc2 Nbd7 Bf4 b6 Nbd2,"Bogo-Indian Defense, Retreat Variation"
d4 Nf6 c4 e6 Nf3 d5 g3 Bb4+ Bd2 Be7 Bg2 O-O O-O c6 Qc2 Nbd7 Bf4 b6 Nbd2 Ba6,"Bogo-Indian Defense, Retreat Variation"
d4 Nf6 c4 e6 Nf3 Bb4+ Bd2 c5,"Bogo-Indian Defense, Vitolins Variation"
d4 Nf6 c4 e6 Nf3 Bb4+ Bd2 a5,"Bogo-Indian Defense, Wade-Smyslov Variation"
d4 Nf6 c4 e6 Nf3 b6,Queen's Indian Defense
d4 Nf6 c4 e6 Nf3 b6 Nc3,"Queen's Indian Defense, Kasparov Variation"
d4 Nf6 c4 e6 Nf3 b6 Nc3 Bb7 Bg5 h6 Bh4 g5 Bg3 Nh5,"Queen's Indian Defense, Kasparov Variation, Botvinnik Attack"
d4 Nf6 c4 e6 Nf3 b6 a3 Bb7 Nc3,"Queen's Indian Defense, Kasparov-Petrosian Variation"
d4 Nf6 c4 e6 Nf3 b6 a3 Bb7 Nc3 Ne4,"Queen's Indian Defense, Kasparov-Petrosian Variation, Andersson Variation"
d4 Nf6 c4 e6 Nf3 b6 a3 Bb7 Nc3 d5 cxd5 exd5,"Queen's Indian Defense, Kasparov-Petrosian Variation, Classical Variation"
d4 Nf6 c4 e6 Nf3 b6 a3 Bb7 Nc3 g6,"Queen's Indian Defense, Kasparov-Petrosian Variation, Hedgehog Variation"
d4 Nf6 c4 e6 Nf3 b6 a3 Bb7 Nc3 d5 cxd5 Nxd5 Qc2,"Queen's Indian Defense, Kasparov-Petrosian Variation, Kasparov Attack"
d4 Nf6 c4 e6 Nf3 b6 a3 Bb7 Nc3 d5,"Queen's Indian Defense, Kasparov-Petrosian Variation, Main Line"
d4 Nf6 c4 e6 Nf3 b6 a3 Bb7 Nc3 Be7,"Queen's Indian Defense, Kasparov-Petrosian Variation, Marco Defense"
d4 Nf6 c4 e6 Nf3 b6 a3 Bb7 Nc3 d5 cxd5 Nxd5,"Queen's Indian Defense, Kasparov-Petrosian Variation, Modern Variation"
d4 Nf6 c4 e6 Nf3 b6 a3 Bb7 Nc3 d5 cxd5 Nxd5 e3,"Queen's Indian Defense, Kasparov-Petrosian Variation, Petrosian Attack"
d4 Nf6 c4 e6 Nf3 b6 Nc3 Bb7 a3 d5 cxd5 Nxd5 e4,"Queen's Indian Defense, Kasparov-Petrosian Variation, Polovodin Gambit"
d4 Nf6 c4 e6 Nf3 b6 a3 Bb7 Nc3 d5 cxd5 Nxd5 Qa4+,"Queen's Indian Defense, Kasparov-Petrosian Variation, Rashkovsky Attack"
d4 Nf6 c4 e6 Nf3 b6 a3 Bb7 Nc3 d5 cxd5 Nxd5 Bd2,"Queen's Indian Defense, Kasparov-Petrosian Variation, Romanishin Attack"
d4 Nf6 c4 e6 Nf3 b6 Bf4,"Queen's Indian Defense, Miles Variation"
d4 Nf6 c4 e6 Nf3 b6 a3,"Queen's Indian Defense, Petrosian Variation"
d4 Nf6 c4 e6 Nf3 b6 a3 Ba6 Qc2 Bb7,"Queen's Indian Defense, Petrosian Variation, Farago Defense"
d4 Nf6 c4 e6 Nf3 b6 Nc3 Bb4 Bg5 h6 Bh4 Bb7,"Queen's Indian Defense, Kasparov Variation"
d4 Nf6 Nf3 e6 e3 b6 Bd3 Bb7 O-O c5 c4,"Queen's Indian Defense, with e3"
d4 Nf6 Nf3 e6 e3 b6 Bd3 Bb7 O-O c5 c4 Be7,"Queen's Indian Defense, with e3"
d4 Nf6 Nf3 e6 e3 b6 Bd3 Bb7 O-O c5 c4 g6,"Queen's Indian Defense, with e3"
d4 Nf6 Nf3 e6 e3 b6 Bd3 Bb7 O-O Be7 c4 O-O Nc3,"Queen's Indian Defense, with e3"
d4 Nf6 Nf3 e6 e3 b6 Bd3 Bb7 Nbd2 c5 b3 Be7 Bb2 d6 O-O O-O c4,"Queen's Indian Defense, with e3"
d4 Nf6 c4 e6 Nf3 d5 e3 b6 Nc3 Bb7,"Queen's Indian Defense, with e3"
d4 Nf6 c4 e6 Nf3 d5 e3 b6 Nc3 Bd6 Bd3,"Queen's Indian Defense, with e3"
d4 Nf6 c4 e6 Nf3 d5 e3 b6 Nc3 Bd6 Bd3 O-O O-O Bb7,"Queen's Indian Defense, with e3"
d4 Nf6 c4 e6 Nf3 d5 e3 Be7 Nc3 O-O b3 b6,"Queen's Indian Defense, with e3"
d4 Nf6 c4 e6 Nf3 d5 e3 Be7 b3 O-O Bd3 b6,"Queen's Indian Defense, with e3"
d4 Nf6 c4 e6 Nf3 d5 e3 Be7 b3 O-O Bb2 b6 Nbd2 Bb7 Bd3,"Queen's Indian Defense, with e3"
d4 Nf6 c4 e6 Nf3 Bb4+ Nbd2 b6 a3 Bxd2+ Qxd2 Bb7 e3,"Queen's Indian Defense, with e3"
Nf3 d5 e3 Nf6 c4 e6 Nc3 Be7 d4 O-O b3 b6 cxd5 exd5 Bb2 Bb7 Bd3,"Queen's Indian Defense, with e3"
d4 Nf6 Nf3 d5 c4 e6 e3 b6 b3 Bb7 Bd3 Nbd7 O-O Bd6 Bb2 O-O Nbd2,"Queen's Indian Defense, with e3"
d4 Nf6 c4 e6 Nf3 Bb4+ Nbd2 b6 e3 Bb7,"Queen's Indian Defense, with e3, Bb4+ Line"
d4 Nf6 c4 e6 Nf3 b6 e3 Bb7 Bd3 c5 O-O Be7 b3 O-O Bb2 cxd4 Nxd4,"Queen's Indian Defense, Averbakh Variation"
d4 Nf6 c4 e6 Nf3 b6 e3,"Queen's Indian Defense, Spassky System"
d4 Nf6 c4 e6 Nf3 b6 e3 Bb7,"Queen's Indian Defense, Spassky System"
d4 Nf6 c4 e6 Nf3 b6 e3 Bb7 Bd3,"Queen's Indian Defense, Spassky System"
d4 Nf6 c4 e6 Nf3 b6 e3 Bb7 Bd3 d5,"Queen's Indian Defense, Spassky System"
d4 Nf6 c4 e6 Nf3 b6 e3 Bb7 Bd3 c5,"Queen's Indian Defense, Spassky System3"
d4 Nf6 c4 e6 Nf3 b6 e3 Bb7 Bd3 c5 Nc3 cxd4 exd4 Be7 O-O d5 cxd5 Nxd5,"Queen's Indian Defense, Spassky System3"
d4 Nf6 c4 e6 Nf3 b6 g3 Bb7 Bg2 c5 d5 exd5 Ng5,"Queen's Indian Defense, Buerger Variation"
d4 Nf6 c4 e6 Nf3 b6 g3,"Queen's Indian Defense, Fianchetto Variation"
d4 Nf6 c4 e6 Nf3 b6 g3 Ba6 b3 Bb4+,"Queen's Indian Defense, Fianchetto Variation, Check Variation"
d4 Nf6 c4 e6 Nf3 b6 g3 Ba6 b3 Bb4+ Bd2 Be7,"Queen's Indian Defense, Fianchetto Variation, Check Variation, Intermezzo Line"
d4 Nf6 c4 e6 Nf3 b6 g3 Ba6 b3 Bb4+ Bd2 Qe7,"Queen's Indian Defense, Fianchetto Variation, Check Variation, Modern Line"
d4 Nf6 c4 e6 Nf3 b6 g3 Ba6,"Queen's Indian Defense, Fianchetto Variation, Nimzowitsch Variation"
d4 Nf6 c4 e6 Nf3 b6 g3 Ba6 Qa4,"Queen's Indian Defense, Fianchetto Variation, Nimzowitsch Variation, Nimzowitsch Attack"
d4 Nf6 c4 e6 Nf3 b6 g3 Ba6 b3,"Queen's Indian Defense, Fianchetto Variation, Nimzowitsch Variation, Quiet Line"
d4 Nf6 c4 e6 Nf3 b6 g3 Ba6 Qb3,"Queen's Indian Defense, Fianchetto Variation, Nimzowitsch Variation, Timman's Line"
d4 Nf6 c4 e6 Nf3 b6 g3 Bb7 Bg2 c5 d5 exd5 Nh4,"Queen's Indian Defense, Fianchetto Variation, Rubinstein Variation"
d4 Nf6 c4 e6 Nf3 b6 g3 Bb7 Bg2 c5,"Queen's Indian Defense, Fianchetto Variation, Sämisch Variation"
d4 Nf6 c4 e6 Nf3 b6 g3 Bb7,"Queen's Indian Defense, Fianchetto Variation, Traditional Line"
d4 Nf6 c4 e6 Nf3 b6 g3 Bb7 Bg2 Bb4+,"Queen's Indian Defense, Capablanca Variation"
d4 Nf6 c4 e6 Nf3 b6 g3 Bb7 Bg2 Bb4+ Bd2 Be7,"Queen's Indian Defense, Riumin Variation"
d4 Nf6 c4 e6 Nf3 Bb4+ Bd2 a5 g3 b6 Bg2 Bb7,"Queen's Indian Defense, Yates Variation"
d4 Nf6 c4 e6 Nf3 b6 g3 Bb7 Bg2 Be7 Nc3,"Queen's Indian Defense, Anti-Queen's Indian System"
d4 Nf6 c4 e6 Nf3 b6 g3 Bb7 Bg2 Be7 O-O,"Queen's Indian Defense, Classical Variation"
d4 Nf6 c4 e6 Nf3 b6 g3 Bb7 Bg2 Be7 O-O O-O d5 exd5 Nh4,"Queen's Indian Defense, Classical Variation, Polugaevsky Gambit"
d4 Nf6 c4 e6 Nf3 b6 g3 Bb7 Bg2 Be7 O-O O-O d5 exd5 Nd4,"Queen's Indian Defense, Classical Variation, Taimanov Gambit"
d4 Nf6 c4 e6 Nf3 b6 g3 Bb7 Bg2 Be7 O-O O-O b3,"Queen's Indian Defense, Euwe Variation"
d4 Nf6 c4 e6 Nf3 b6 g3 Bb7 Bg2 Be7 O-O O-O Re1,"Queen's Indian Defense, Fianchetto Variation, Kramnik Variation"
d4 Nf6 c4 e6 Nf3 b6 g3 Bb7 Bg2 Be7 Nc3 Ne4 Bd2,"Queen's Indian Defense, Opocensky Variation"
d4 Nf6 c4 e6 Nf3 b6 g3 Bb7 Bg2 Be7,"Queen's Indian Defense, Traditional Variation"
d4 Nf6 c4 e6 Nf3 b6 g3 Bb7 Bg2 Be7 O-O O-O Nc3 Na6,"Queen's Indian Defense, Classical Variation, Tiviakov Defense"
d4 Nf6 c4 e6 Nf3 b6 g3 Bb7 Bg2 Be7 O-O O-O Nc3,"Queen's Indian Defense, Classical Variation, Traditional Variation"
d4 Nf6 c4 e6 Nf3 b6 g3 Bb7 Bg2 Be7 O-O O-O Nc3 d5,"Queen's Indian Defense, Classical Variation, Traditional Variation, Nimzowitsch Line"
d4 Nf6 c4 e6 Nf3 b6 g3 Bb7 Bg2 Be7 O-O O-O Nc3 Ne4 Qc2 Nxc3 Qxc3,"Queen's Indian Defense, Classical Variation, Traditional Variation, Main Line"
d4 Nf6 c4 e6 Nc3 Bb4,Nimzo-Indian Defense
d4 Nf6 c4 e6 Nc3 Bb4 e4,"Nimzo-Indian Defense, Dilworth Gambit"
d4 Nf6 c4 e6 Nc3 Bb4 f3,"Nimzo-Indian Defense, Kmoch Variation"
d4 Nf6 c4 e6 Nc3 Bb4 Qd3,"Nimzo-Indian Defense, Mikenas Attack"
d4 Nf6 c4 e6 Nc3 Bb4 g3,"Nimzo-Indian Defense, Romanishin Variation"
d4 Nf6 c4 e6 Nc3 Bb4 Nf3 c5 g3 O-O Bg2,"Nimzo-Indian Defense, Romanishin Variation"
d4 Nf6 c4 e6 Nc3 Bb4 Nf3 c5 g3 cxd4 Nxd4 O-O Bg2 d5 cxd5 Nxd5,"Nimzo-Indian Defense, Romanishin Variation, English Hybrid"
d4 Nf6 c4 e6 Nc3 Bb4 Nf3,"Nimzo-Indian Defense, Three Knights Variation"
d4 Nf6 c4 e6 Nc3 Bb4 Nf3 c5 d5 Ne4,"Nimzo-Indian Defense, Three Knights Variation, Euwe Variation"
d4 Nf6 c4 e6 Nc3 Bb4 Nf3 c5 d5,"Nimzo-Indian Defense, Three Knights Variation, Korchnoi Variation"
d4 Nf6 c4 e6 Nf3 Bb4+ Nc3 c5 d5 b5,"Nimzo-Indian Defense, Three Knights Variation, Shocron Gambit"
d4 Nf6 c4 e6 Nc3 Bb4 Qb3,"Nimzo-Indian Defense, Spielmann Variation"
d4 Nf6 c4 e6 Nc3 Bb4 Qb3 c5 dxc5 Nc6 Nf3 Ne4 Bd2 Nxd2,"Nimzo-Indian Defense, Spielmann Variation, Carlsbad Variation"
d4 Nf6 c4 e6 Nc3 Bb4 Qb3 c5 dxc5 Nc6,"Nimzo-Indian Defense, Spielmann Variation, Romanovsky Gambit"
d4 Nf6 c4 e6 Nc3 Bb4 Qb3 c5 dxc5 Nc6 Nf3 Ne4 Bd2 Nxc5,"Nimzo-Indian Defense, Spielmann Variation, Stahlberg Variation"
d4 Nf6 c4 e6 Nc3 Bb4 Qb3 c5 dxc5 Nc6 Nf3 Ne4 Bd2 Nxc5 Qc2 f5 g3,"Nimzo-Indian Defense, Spielmann Variation, Stahlberg Variation"
d4 Nf6 c4 e6 Nc3 Bb4 a3,"Nimzo-Indian Defense, Sämisch Variation"
d4 Nf6 c4 e6 Nc3 Bb4 f3 d5 a3 Bxc3+ bxc3 c5 e3 O-O cxd5 Nxd5,"Nimzo-Indian Defense, Sämisch Variation, Botvinnik Variation"
d4 Nf6 c4 e6 Nc3 Bb4 f3 d5 a3 Bxc3+ bxc3 c5 cxd5,"Nimzo-Indian Defense, Sämisch Variation"
d4 Nf6 c4 e6 Nc3 Bb4 f3 d5 a3 Bxc3+ bxc3 c5 cxd5 Nxd5 dxc5,"Nimzo-Indian Defense, Sämisch Variation, Keres Variation"
d4 Nf6 c4 e6 Nc3 Bb4 f3 d5 a3 Bxc3+ bxc3 c5 cxd5 Nxd5 dxc5 f5,"Nimzo-Indian Defense, Sämisch Variation, Romanovsky Variation"
d4 Nf6 c4 e6 Nc3 Bb4 a3 Bxc3+ bxc3 c5 e3,"Nimzo-Indian Defense, Sämisch Variation"
d4 Nf6 c4 e6 Nc3 Bb4 a3 Bxc3+ bxc3 c5 e3 b6,"Nimzo-Indian Defense, Sämisch Variation, O'Kelly Variation"
d4 Nf6 c4 e6 Nc3 Bb4 a3 Bxc3+ bxc3 O-O,"Nimzo-Indian Defense, Sämisch Variation"
d4 Nf6 c4 e6 Nc3 Bb4 e3 O-O a3 Bxc3+ bxc3,"Nimzo-Indian Defense, Sämisch Variation"
d4 Nf6 c4 e6 Nc3 Bb4 e3 c5 Bd3 Nc6 a3 Bxc3+ bxc3 O-O,"Nimzo-Indian Defense, Sämisch Variation"
d4 Nf6 c4 e6 Nc3 Bb4 e3 c5 Bd3 Nc6 a3 Bxc3+ bxc3 O-O Ne2 b6 e4 Ne8,"Nimzo-Indian Defense, Sämisch Variation, Capablanca Variation"
d4 Nf6 c4 e6 Nc3 Bb4 Bg5,"Nimzo-Indian Defense, Leningrad Variation"
d4 Nf6 c4 e6 Nc3 Bb4 Bg5 h6 Bh4 c5 d5 b5,"Nimzo-Indian Defense, Leningrad Variation, Averbakh Gambit"
d4 Nf6 c4 e6 Nc3 Bb4 Bg5 h6 Bh4 c5 d5 d6,"Nimzo-Indian Defense, Leningrad Variation, Benoni Defense"
d4 Nf6 c4 e6 Nc3 Bb4 Qc2,"Nimzo-Indian Defense, Classical Variation"
d4 Nf6 c4 e6 Nc3 Bb4 Qc2 O-O a3 Bxc3+ Qxc3 b6,"Nimzo-Indian Defense, Classical Variation, Keres Defense"
d4 Nf6 c4 e6 Nc3 Bb4 Qc2 O-O a3 Bxc3+ Qxc3 b5,"Nimzo-Indian Defense, Classical Variation, Vitolins-Adorjan Gambit"
d4 Nf6 c4 e6 Nc3 Bb4 Qc2 Nc6 Nf3 d6,"Nimzo-Indian Defense, Classical Variation, Milner-Barry Variation"
d4 Nf6 c4 e6 Nc3 Bb4 Qc2 Nc6,"Nimzo-Indian Defense, Classical Variation, Zurich Variation"
d4 Nf6 c4 e6 Nc3 Bb4 Qc2 d5 cxd5 Qxd5 Nf3 Qf5 Qd1 e5,"Nimzo-Indian Defense, Classical Variation, Belyavsky Gambit"
d4 Nf6 c4 e6 Nc3 Bb4 Qc2 d5,"Nimzo-Indian Defense, Classical Variation, Noa Variation"
d4 Nf6 c4 e6 Nc3 Bb4 Qc2 d5 cxd5 exd5,"Nimzo-Indian Defense, Classical Variation, Noa Variation"
d4 Nf6 c4 e6 Nc3 Bb4 Qc2 d5 a3,"Nimzo-Indian Defense, Classical Variation, Noa Variation"
d4 Nf6 c4 e6 Nc3 Bb4 Qc2 d5 a3 Bxc3+ Qxc3 Nc6,"Nimzo-Indian Defense, Classical Variation, Noa Variation, Botvinnik Variation"
d4 Nf6 c4 e6 Nc3 Bb4 Qc2 d5 a3 Bxc3+ Qxc3 Ne4,"Nimzo-Indian Defense, Classical Variation, Noa Variation, Main Line"
d4 Nf6 c4 e6 Nc3 Bb4 Qc2 d5 a3 Bxc3+ Qxc3 c5,"Nimzo-Indian Defense, Classical Variation, Romanishin Gambit"
d4 Nf6 c4 e6 Nc3 Bb4 Qc2 d5 a3 Bxc3+ Qxc3 Ne4 Qc2 c5,"Nimzo-Indian Defense, Classical Variation, Modern Variation"
d4 Nf6 c4 e6 Nc3 Bb4 Qc2 d5 a3 Bxc3+ Qxc3 Ne4 Qc2,"Nimzo-Indian Defense, Classical Variation, Noa Variation"
d4 Nf6 c4 e6 Nc3 Bb4 Qc2 d5 a3 Bxc3+ Qxc3 Ne4 Qc2 Nc6 e3 e5,"Nimzo-Indian Defense, Classical Variation, Noa Variation, San Remo Variation"
d4 Nf6 c4 e6 Nc3 Bb4 Qc2 c5,"Nimzo-Indian Defense, Classical Variation, Berlin Variation"
d4 Nf6 c4 e6 Nc3 Bb4 Qc2 O-O e3 d5 Nf3 c5,"Nimzo-Indian Defense, Classical Variation, Berlin Variation"
d4 Nf6 c4 e6 Nc3 Bb4 Qc2 c5 dxc5 Bxc3+,"Nimzo-Indian Defense, Classical Variation, Berlin Variation, Steiner Variation"
d4 Nf6 c4 e6 Nc3 Bb4 Qc2 c5 dxc5 O-O a3 Bxc5 Nf3 b6,"Nimzo-Indian Defense, Classical Variation, Berlin Variation, Macieja System"
d4 Nf6 c4 e6 Nc3 Bb4 Qc2 c5 dxc5 O-O,"Nimzo-Indian Defense, Classical Variation, Berlin Variation, Pirc Variation"
d4 Nf6 c4 e6 Nc3 Bb4 e3,"Nimzo-Indian Defense, Rubinstein System"
d4 Nf6 c4 e6 Nc3 Bb4 e3 Nc6,"Nimzo-Indian Defense, Rubinstein System, Taimanov Variation"
d4 Nf6 c4 e6 Nc3 Bb4 e3 c5,"Nimzo-Indian Defense, Rubinstein System"
d4 Nf6 c4 e6 Nc3 Bb4 e3 c5 Bd3 Nc6 Nf3 Bxc3+ bxc3 d6,"Nimzo-Indian Defense, Rubinstein System, Hübner Variation"
d4 Nf6 c4 e6 Nc3 Bb4 e3 c5 Bd3 Nc6 Nf3 Bxc3+ bxc3 d6 O-O O-O,"Nimzo-Indian Defense, Rubinstein System, Hübner Variation"
d4 Nf6 c4 e6 Nc3 Bb4 e3 c5 Ne2,"Nimzo-Indian Defense, Rubinstein System, Rubinstein Variation"
d4 Nf6 c4 e6 Nc3 Bb4 e3 c5 Ne2 cxd4 exd4 O-O a3,"Nimzo-Indian Defense, Rubinstein System, Rubinstein Variation, Main Line"
d4 Nf6 c4 e6 Nc3 Bb4 e3 c5 Ne2 cxd4 exd4 O-O c5,"Nimzo-Indian Defense, Rubinstein System, Rubinstein Variation, Sherbakov Attack"
d4 Nf6 c4 e6 Nc3 Bb4 e3 b6,"Nimzo-Indian Defense, St. Petersburg Variation"
d4 Nf6 c4 e6 Nc3 Bb4 e3 b6 Bd3 Bb7 Nf3,"Nimzo-Indian Defense, St. Petersburg Variation"
d4 Nf6 c4 e6 Nc3 Bb4 e3 b6 Bd3 Bb7 Nf3 O-O,"Nimzo-Indian Defense, St. Petersburg Variation"
d4 Nf6 c4 e6 Nc3 Bb4 e3 b6 Bd3 Bb7 Nf3 O-O O-O,"Nimzo-Indian Defense, St. Petersburg Variation"
d4 Nf6 c4 e6 Nc3 Bb4 e3 b6 Bd3 Bb7 Nf3 O-O O-O c5,"Nimzo-Indian Defense, St. Petersburg Variation"
d4 Nf6 c4 e6 Nc3 Bb4 e3 b6 Bd3 Bb7 Nf3 O-O O-O c5 Na4 cxd4 a3 Be7,"Nimzo-Indian Defense, St. Petersburg Variation"
d4 Nf6 c4 e6 Nc3 Bb4 e3 Ne4 Qc2 f5 Nf3 b6 Bd3 Bb7,"Nimzo-Indian Defense, St. Petersburg Variation"
d4 Nf6 c4 e6 Nc3 Bb4 e3 O-O Bd3 c5 Nf3 b6 O-O Bb7 Na4 Qe7,"Nimzo-Indian Defense, St. Petersburg Variation"
d4 Nf6 c4 e6 Nc3 Bb4 Nf3 Bxc3+ bxc3 b6 e3 Bb7 Bd3 O-O O-O,"Nimzo-Indian Defense, St. Petersburg Variation"
d4 Nf6 c4 e6 Nc3 Bb4 Nf3 b6 e3 Ne4 Qc2,"Nimzo-Indian Defense, St. Petersburg Variation"
d4 Nf6 c4 e6 Nc3 Bb4 Nf3 b6 e3 Ne4 Qc2 Bb7 Bd3 Bxc3+ bxc3 f5 O-O,"Nimzo-Indian Defense, St. Petersburg Variation"
d4 Nf6 c4 e6 Nc3 Bb4 e3 b6 Bd3 Bb7 Nf3 Ne4,"Nimzo-Indian Defense, St. Petersburg Variation, with Ne4"
d4 Nf6 c4 e6 Nc3 Bb4 e3 b6 Ne2,"Nimzo-Indian Defense, St. Petersburg Variation"
d4 Nf6 c4 e6 Nc3 Bb4 e3 b6 Ne2 Ne4,"Nimzo-Indian Defense, St. Petersburg Variation, American Variation"
d4 Nf6 c4 e6 Nc3 Bb4 e3 b6 Ne2 c5 a3 Ba5,"Nimzo-Indian Defense, St. Petersburg Variation, Romanishin-Psakhis Variation"
d4 Nf6 c4 e6 Nc3 Bb4 e3 b6 Ne2 Ba6,"Nimzo-Indian Defense, St. Petersburg Variation, Fischer Variation"
d4 Nf6 c4 e6 Nc3 Bb4 e3 O-O,"Nimzo-Indian Defense, Normal Variation"
d4 Nf6 c4 e6 Nc3 Bb4 e3 O-O Ne2,"Nimzo-Indian Defense, Reshevsky Variation"
d4 Nf6 c4 e6 Nc3 Bb4 e3 O-O Ne2 d5 a3 Bd6,"Nimzo-Indian Defense, Simagin Variation"
d4 Nf6 c4 e6 Nc3 Bb4 e3 O-O Bd3,"Nimzo-Indian Defense, Normal Variation"
d4 Nf6 c4 e6 Nc3 Bb4 e3 O-O Bd3 d5,"Nimzo-Indian Defense, Normal Variation, Classical Defense"
d4 Nf6 c4 e6 Nc3 Bb4 e3 O-O Bd3 d5 Nf3 Nc6 O-O,"Nimzo-Indian Defense, Ragozin Defense"
d4 Nf6 c4 e6 Nc3 Bb4 e3 O-O Bd3 d5 a3 Bxc3+ bxc3,"Nimzo-Indian Defense, Normal Variation, Botvinnik System"
d4 Nf6 c4 e6 Nc3 Bb4 e3 O-O Nf3,Nimzo-Indian Defense
d4 Nf6 c4 e6 Nc3 Bb4 e3 O-O Nf3 d5,"Nimzo-Indian Defense, Normal Variation, Ragozin Variation"
d4 Nf6 c4 e6 Nc3 Bb4 e3 O-O Nf3 d5 a3,"Nimzo-Indian Defense, Normal Variation, Sämisch Deferred"
d4 Nf6 c4 e6 Nc3 Bb4 e3 O-O Bd3 d5 Nf3 Nc6 O-O dxc4,"Nimzo-Indian Defense, Ragozin Variation"
d4 Nf6 c4 e6 Nc3 Bb4 e3 O-O Bd3 d5 Nf3 b6,"Nimzo-Indian Defense, Normal Variation, Schlechter Defense"
d4 Nf6 c4 e6 Nc3 Bb4 e3 b6 Bd3 Bb7 Nf3 O-O O-O d5,"Nimzo-Indian Defense, Normal Variation, Schlechter Defense"
d4 Nf6 c4 e6 Nc3 Bb4 e3 O-O Bd3 d5 Nf3 c5,"Nimzo-Indian Defense, Normal Variation, Gligoric System"
d4 Nf6 c4 e6 Nc3 Bb4 e3 O-O Bd3 d5 Nf3 c5 O-O Nbd7,"Nimzo-Indian Defense, Normal Variation, Gligoric System"
d4 Nf6 c4 e6 Nc3 Bb4 e3 O-O Bd3 d5 Nf3 c5 O-O b6,"Nimzo-Indian Defense, Normal Variation, Gligoric System, Keres Variation"
d4 Nf6 c4 e6 Nc3 Bb4 e3 O-O Bd3 d5 Nf3 c5 O-O dxc4 Bxc4,"Nimzo-Indian Defense, Normal Variation, Gligoric System, Exchange Variation"
d4 Nf6 c4 e6 Nc3 Bb4 e3 O-O Bd3 d5 Nf3 c5 O-O dxc4 Bxc4 cxd4 exd4,"Nimzo-Indian Defense, Normal Variation, Gligoric System, Exchange Variation"
d4 Nf6 c4 e6 Nc3 Bb4 e3 O-O Bd3 d5 Nf3 c5 O-O dxc4 Bxc4 Qe7,"Nimzo-Indian Defense, Normal Variation, Gligoric System, Smyslov Variation"
d4 Nf6 c4 e6 Nc3 Bb4 e3 O-O Bd3 d5 Nf3 c5 O-O dxc4 Bxc4 Nbd7,"Nimzo-Indian Defense, Normal Variation, Gligoric System, Bronstein Variation"
d4 Nf6 c4 e6 Nc3 Bb4 e3 O-O Bd3 d5 Nf3 c5 O-O Nc6,"Nimzo-Indian Defense, Normal Variation, Gligoric System, Bernstein Defense"
d4 Nf6 c4 e6 Nc3 Bb4 e3 O-O Bd3 d5 Nf3 c5 O-O Nc6 a3 dxc4 Bxc4 cxd4,"Nimzo-Indian Defense, Normal Variation, Gligoric System, Bernstein Defense"
d4 Nf6 c4 e6 Nc3 Bb4 e3 O-O Bd3 d5 Nf3 c5 O-O Nc6 a3 Bxc3 bxc3,"Nimzo-Indian Defense, Normal Variation, Bernstein Defense, Exchange Line"
d4 Nf6 c4 e6 Nc3 Bb4 e3 O-O Bd3 d5 Nf3 c5 O-O Nc6 a3 Bxc3 bxc3 dxc4 Bxc4,"Nimzo-Indian Defense, Normal Variation, Bernstein Defense"
d4 Nf6 c4 e6 Nc3 Bb4 e3 O-O Bd3 d5 a3 Bxc3+ bxc3 dxc4 Bxc4 c5 Nf3 Nc6 O-O Qc7 Qc2,"Nimzo-Indian Defense, Normal Variation, Bernstein Defense"
d4 Nf6 c4 g6 g3 Bg7 Bg2 d5,"Grünfeld Defense, Counterthrust Variation"
d4 Nf6 c4 g6 d5 b5,"Indian Defense, Anti-Grünfeld, Adorjan Gambit"
d4 Nf6 c4 g6 d5,"Indian Defense, Anti-Grünfeld, Advance Variation"
d4 Nf6 c4 g6 f3,"Indian Defense, Anti-Grünfeld, Alekhine Variation"
d4 Nf6 c4 g6 f3 e5,"Indian Defense, Anti-Grünfeld, Alekhine Variation, Leko Gambit"
d4 Nf6 c4 g6 h4,"Indian Defense, Anti-Grünfeld, Basman-Williams Attack"
d4 Nf6 c4 g6,"Indian Defense, West Indian Defense"
d4 Nf6 c4 g6 Nf3 Bg7 g3,"King's Indian Defense, Fianchetto Variation"
d4 Nf6 c4 g6 g3,"King's Indian Defense, Fianchetto Variation, Immediate Fianchetto"
d4 Nf6 Nf3 g6 c4,"King's Indian Defense, Normal Variation, King's Knight Variation"
d4 Nf6 c4 g6 Nf3 Bg7 b4,"King's Indian Defense, Santasiere Variation"
d4 Nf6 c4 g6 Nc3 Bg7 Nf3 O-O e3 d6 Be2 c6,"King's Indian Defense, Semi-Classical Variation, Benoni Variation"
d4 Nf6 Nf3 g6 c4 Bg7 Nc3 O-O e3 d6 Be2 Nc6,"King's Indian Defense, Semi-Classical Variation, Hollywood Variation"
d4 Nf6 c4 g6 Qc2,"Queen's Pawn, Mengarini Attack"
d4 Nf6 c4 g6 Nc3,King's Indian Defense
d4 Nf6 c4 g6 Nc3 Bg7 Nf3 d6 g3 O-O Bg2 c6 O-O Qb6,"King's Indian Defense, Fianchetto Variation, Benjamin Defense"
d4 Nf6 c4 g6 Nc3 Bg7 Nf3 O-O e3 d6 Be2,"King's Indian Defense, Semi-Classical Variation"
d4 Nf6 c4 g6 Nc3 Bg7 Nf3 O-O e3 d6 Be2 Nbd7 O-O e5 dxe5 dxe5,"King's Indian Defense, Semi-Classical Variation, Exchange Variation"
d4 Nf6 c4 g6 Nc3 Bg7 Nf3 O-O e3 d6 Be2 Nbd7 O-O e5 b4,"King's Indian Defense, Semi-Classical Variation, Queenside Storm Line"
d4 Nf6 c4 g6 Nc3 Bg7 Nf3 d6 Bg5,"King's Indian Defense, Smyslov Variation"
d4 Nf6 c4 g6 g3 Bg7 Bg2 O-O Nc3 d6 Nf3 Nc6,"King's Indian Defense, Fianchetto Variation, Carlsbad Variation"
d4 Nf6 c4 g6 Nc3 Bg7 Nf3 d6 g3,"King's Indian Defense, Fianchetto Variation, Delayed Fianchetto"
d4 Nf6 c4 g6 Nf3 Bg7 g3 O-O Bg2 d6 O-O c6 Nc3 Qa5,"King's Indian Defense, Fianchetto Variation, Kavalek Defense"
d4 Nf6 c4 g6 Nc3 Bg7 Nf3 d6 g3 O-O Bg2 c6 O-O Bf5,"King's Indian Defense, Fianchetto Variation, Larsen Defense"
d4 Nf6 c4 g6 g3 Bg7 Bg2 O-O Nc3 d6 Nf3 Nc6 O-O Bf5,"King's Indian Defense, Fianchetto Variation, Lesser Simagin (Spassky)"
d4 Nf6 c4 g6 Nc3 Bg7 Nf3 d6 g3 O-O Bg2 Nc6 O-O Bg4,"King's Indian Defense, Fianchetto Variation, Simagin Variation"
d4 Nf6 c4 g6 Nf3 Bg7 g3 O-O Bg2 d6 O-O Nc6 Nc3 e5,"King's Indian Defense, Fianchetto Variation, Uhlmann-Szabo System"
d4 Nf6 c4 g6 Nf3 Bg7 g3 O-O Bg2 d6 O-O Nc6 Nc3 a6,"King's Indian Defense, Fianchetto Variation, Panno Variation"
d4 Nf6 c4 g6 Nf3 Bg7 g3 O-O Bg2 d6 O-O Nc6 Nc3 a6 d5 Na5 Nd2 c5 Qc2 e5,"King's Indian Defense, Fianchetto Variation, Panno Variation, Blockade Line"
d4 Nf6 c4 g6 Nf3 Bg7 g3 O-O Bg2 d6 O-O Nc6 Nc3 a6 d5 Na5 Nd2 c5 Qc2 Rb8 b3 b5 Bb2 bxc4 bxc4 Bh6,"King's Indian Defense, Fianchetto Variation, Panno Variation, Donner Line"
d4 Nf6 c4 g6 Nf3 Bg7 g3 O-O Bg2 d6 O-O Nc6 Nc3 a6 h3 Rb8 Be3 b5 Nd2,"King's Indian Defense, Fianchetto Variation, Panno Variation, Korchnoi Line"
d4 Nf6 c4 g6 Nf3 Bg7 g3 d6 Bg2 O-O O-O Nbd7 Nc3 e5 b3,"King's Indian Defense, Fianchetto Variation, Double Fianchetto Attack"
d4 Nf6 c4 g6 Nf3 Bg7 g3 d6 Bg2 O-O O-O Nbd7 Nc3 a6,"King's Indian Defense, Fianchetto Variation, Hungarian Variation"
d4 Nf6 c4 g6 Nf3 Bg7 g3 c5 Bg2 Qa5+,"King's Indian Defense, Fianchetto Variation, Pterodactyl Variation"
d4 Nf6 c4 g6 Nf3 Bg7 g3 d6 Bg2 O-O O-O c5,"King's Indian Defense, Fianchetto Variation, Yugoslav System"
d4 Nf6 c4 g6 g3 Bg7 Bg2 O-O Nc3 d6 Nf3 c5,"King's Indian Defense, Fianchetto Variation, Yugoslav Variation, Rare Line"
d4 Nf6 c4 g6 Nf3 Bg7 g3 O-O Bg2 d6 O-O c5 Nc3,"King's Indian Defense, Fianchetto Variation, Yugoslav Variation"
d4 Nf6 c4 g6 Nf3 Bg7 g3 O-O Bg2 d6 O-O c5 Nc3 Nc6 dxc5 dxc5,"King's Indian Defense, Fianchetto Variation, Yugoslav Variation, Exchange Line"
d4 Nf6 c4 g6 Nf3 Bg7 g3 O-O Bg2 d6 O-O c5 Nc3 Nc6 d5,"King's Indian Defense, Fianchetto Variation, Yugoslav Variation, Advance Line"
d4 Nf6 c4 g6 Nf3 Bg7 g3 O-O Bg2 d6 O-O Nbd7 Nc3 e5,"King's Indian Defense, Fianchetto Variation, Classical Fianchetto"
d4 Nf6 c4 g6 g3 Bg7 Bg2 O-O Nc3 d6 Nf3 Nbd7,"King's Indian Defense, Fianchetto Variation, Debrecen Defense"
d4 Nf6 c4 g6 Nf3 Bg7 g3 O-O Bg2 d6 O-O Nbd7 Nc3 e5 e4,"King's Indian Defense, Fianchetto Variation, Classical Variation"
d4 Nf6 c4 g6 Nc3 Bg7 Nf3 d6 g3 O-O Bg2 Nbd7 O-O e5 e4 Re8 h3 exd4 Nxd4 Nc5 Re1 a5,"King's Indian Defense, Fianchetto Variation, Long Variation"
d4 Nf6 c4 g6 Nf3 Bg7 g3 O-O Bg2 d6 O-O Nbd7 Nc3 e5 e4 c6 h3,"King's Indian Defense, Fianchetto Variation, Classical Main Line"
d4 Nf6 c4 g6 Nc3 Bg7 e4 d6 Bg5,"King's Indian Defense, Accelerated Averbakh Variation"
d4 Nf6 c4 g6 Nc3 Bg7 e4 d6 Nge2,"King's Indian Defense, Kramer Variation"
d4 Nf6 c4 g6 Nc3 Bg7 e4,"King's Indian Defense, Normal Variation"
d4 Nf6 c4 g6 Nc3 Bg7 e4 d6,"King's Indian Defense, Normal Variation"
d4 Nf6 c4 g6 Nc3 Bg7 e4 d6 h3 O-O Be3,"King's Indian Defense, Karpov System"
d4 Nf6 c4 g6 Nc3 Bg7 e4 d6 h3,"King's Indian Defense, Makogonov Variation"
d4 Nf6 c4 g6 Nc3 Bg7 e4 d6 g3,"King's Indian Defense, Normal Variation, Deferred Fianchetto"
d4 Nf6 c4 g6 Nc3 Bg7 e4 d6 g3 O-O Bg2 e5 Nge2,"King's Indian Defense, Pomar System"
d4 Nf6 c4 g6 Nc3 Bg7 e4 d6 Be2 O-O Bg5,"King's Indian Defense, Averbakh Variation"
d4 Nf6 c4 g6 Nc3 Bg7 e4 d6 Be2 O-O Bg5 h6,"King's Indian Defense, Averbakh Variation, Flexible Defense"
d4 Nf6 c4 g6 Nc3 Bg7 e4 d6 Be2 O-O Bg5 Nbd7,"King's Indian Defense, Averbakh Variation, Geller Defense"
d4 Nf6 c4 g6 Nc3 Bg7 e4 d6 Be2 O-O Bg5 Na6,"King's Indian Defense, Averbakh Variation, Modern Defense"
d4 Nf6 c4 g6 Nc3 Bg7 e4 d6 Be2 O-O Bg5 Na6 Qd2 c6,"King's Indian Defense, Averbakh Variation, Modern Defense, Burgess Line"
d4 Nf6 c4 g6 Nc3 Bg7 e4 d6 Be2 O-O Bg5 Nc6,"King's Indian Defense, Averbakh Variation, Nc6 Defense"
d4 Nf6 c4 g6 Nc3 Bg7 e4 d6 Be2 O-O Bg5 a6,"King's Indian Defense, Averbakh Variation, Spanish Defense"
d4 Nf6 c4 g6 Nc3 Bg7 e4 d6 Be2,"King's Indian Defense, Normal Variation, Standard Development"
d4 Nf6 c4 g6 Nc3 Bg7 e4 d6 Be2 O-O Be3,"King's Indian Defense, Semi-Averbakh System"
d4 Nf6 c4 g6 Nc3 Bg7 e4 d6 Be2 O-O Bg5 c5,"King's Indian Defense, Averbakh Variation, Benoni Defense"
d4 Nf6 c4 g6 Nc3 Bg7 e4 d6 Be2 O-O Bg5 c5 d5,"King's Indian Defense, Averbakh Variation, Benoni Defense, Advance Variation"
d4 Nf6 c4 g6 Nc3 Bg7 e4 d6 Be2 O-O Bg5 c5 dxc5,"King's Indian Defense, Averbakh Variation, Benoni Defense, Exchange Variation"
d4 Nf6 c4 g6 Nc3 Bg7 e4 d6 Be2 O-O Bg5 c5 d5 e6,"King's Indian Defense, Averbakh Variation, Main Line"
d4 Nf6 c4 g6 Nc3 Bg7 e4 d6 f4,"King's Indian Defense, Four Pawns Attack"
d4 Nf6 c4 g6 Nc3 Bg7 e4 d6 f4 O-O Nf3 c5 d5,"King's Indian Defense, Four Pawns Attack, Dynamic Attack"
d4 Nf6 c4 g6 Nc3 Bg7 e4 d6 f4 Na6,"King's Indian Defense, Four Pawns Attack, Modern Defense"
d4 Nf6 c4 g6 Nc3 Bg7 e4 d6 Be2 O-O f4,"King's Indian Defense, Four Pawns Attack"
d4 Nf6 c4 g6 Nc3 Bg7 e4 d6 f4 O-O Nf3 c5 d5 e6 Be2 exd5 e5,"King's Indian Defense, Four Pawns Attack, Florentine Gambit"
d4 Nf6 c4 g6 Nc3 Bg7 e4 d6 f4 O-O Nf3 c5 d5 e6 Be2,"King's Indian Defense, Four Pawns Attack, Normal Attack"
d4 Nf6 c4 g6 Nc3 Bg7 e4 d6 f4 O-O Be2 c5 d5 e6 dxe6 fxe6 g4 Nc6 h4,"King's Indian Defense, Six Pawns Attack"
d4 Nf6 c4 g6 Nc3 Bg7 e4 d6 f4 O-O Nf3 c5 Be2,"King's Indian Defense, Four Pawns Attack, Fluid Attack"
d4 Nf6 c4 g6 Nc3 Bg7 e4 d6 f4 O-O Nf3 c5 Be2 cxd4 Nxd4 Nc6 Be3,"King's Indian Defense, Four Pawns Attack, Exchange Variation"
d4 Nf6 c4 g6 Nc3 Bg7 e4 d6 f3,"King's Indian Defense, Sämisch Variation"
d4 Nf6 c4 g6 Nc3 Bg7 e4 d6 f3 O-O Bg5,"King's Indian Defense, Steiner Attack"
d4 Nf6 c4 g6 Nc3 Bg7 e4 d6 f3 O-O Bg5 c5 d5 h6 Bf4,"King's Indian Defense, Steiner Attack"
d4 Nf6 c4 g6 Nc3 Bg7 e4 d6 f3 O-O Bg5 c5 d5 e6 Qd2 exd5 Nxd5,"King's Indian Defense, Steiner Attack"
d4 Nf6 c4 g6 Nc3 Bg7 e4 d6 f3 O-O Bg5 c5 d5 e6 Qd2 h6 Bxh6,"King's Indian Defense, Steiner Attack"
d4 Nf6 c4 g6 Nc3 Bg7 e4 d6 f3 O-O Nge2,"King's Indian Defense, Sämisch Variation, Bobotsov-Korchnoi-Petrosian Variation"
d4 Nf6 c4 g6 Nc3 Bg7 e4 d6 f3 O-O Be3 c6 Bd3 a6,"King's Indian Defense, Sämisch Variation, Byrne Defense"
d4 Nf6 c4 g6 Nc3 Bg7 e4 d6 f3 O-O,"King's Indian Defense, Sämisch Variation, Normal Defense"
d4 Nf6 c4 g6 Nc3 Bg7 e4 d6 f3 O-O Be3 c5,"King's Indian Defense, Sämisch Variation, Sämisch Gambit"
d4 Nf6 c4 g6 Nc3 Bg7 e4 d6 f3 O-O Be3 c5 dxc5 dxc5 Qxd8 Rxd8 Bxc5,"King's Indian Defense, Sämisch Variation, Sämisch Gambit Accepted"
d4 Nf6 c4 g6 Nc3 Bg7 e4 d6 f3 O-O Be3 b6,"King's Indian Defense, Sämisch Variation, Double Fianchetto"
d4 Nf6 c4 g6 Nc3 Bg7 e4 d6 f3 O-O Be3 Nc6 Nge2 a6,"King's Indian Defense, Sämisch Variation, Panno Formation"
d4 Nf6 c4 g6 Nc3 Bg7 e4 d6 f3 O-O Be3 Nc6 Nge2 Rb8,"King's Indian Defense, Sämisch Variation, Ruban Variation"
d4 Nf6 c4 g6 Nc3 Bg7 e4 d6 f3 O-O Be3 Nc6,"King's Indian Defense, Sämisch Variation, Yates Defense"
d4 Nf6 c4 g6 Nc3 Bg7 e4 d6 f3 O-O Be3 Nc6 Nge2 a6 Qd2 Rb8,"King's Indian Defense, Sämisch Variation, Panno Main Line"
d4 Nf6 c4 g6 Nc3 Bg7 e4 d6 f3 O-O Be3 e5,"King's Indian Defense, Sämisch Variation, Orthodox Variation"
d4 Nf6 c4 g6 Nc3 Bg7 e4 d6 f3 O-O Be3 e5 Nge2 c6,"King's Indian Defense, Sämisch Variation"
d4 Nf6 c4 g6 Nc3 Bg7 e4 d6 f3 O-O Be3 e5 d5 Nh5 Qd2 Qh4+ g3 Nxg3 Qf2 Nxf1 Qxh4 Nxe3 Ke2,"King's Indian Defense, Sämisch Variation, Bronstein Defense"
d4 Nf6 c4 g6 Nc3 Bg7 e4 d6 f3 O-O Be3 e5 d5,"King's Indian Defense, Sämisch Variation, Closed Variation"
d4 Nf6 c4 g6 Nc3 Bg7 e4 d6 f3 O-O Be3 e5 d5 Nh5 Qd2 Qh4+ g3 Nxg3 Qf2 Nxf1 Qxh4 Nxe3 Ke2 Nxc4,"King's Indian Defense, Sämisch Variation, Orthodox Variation, Bronstein Variation"
d4 Nf6 c4 g6 Nc3 Bg7 e4 d6 f3 O-O Be3 e5 d5 c6,"King's Indian Defense, Sämisch Variation, Closed Variation"
d4 Nf6 c4 g6 Nc3 Bg7 e4 d6 f3 O-O Be3 e5 Nge2 c6 d5 cxd5,"King's Indian Defense, Sämisch Variation, Closed Variation, Main Line"
d4 Nf6 c4 g6 Nc3 Bg7 e4 d6 Nf3 O-O Be3,"King's Indian Defense, Larsen Variation"
d4 Nf6 c4 g6 Nc3 Bg7 e4 d6 Nf3,"King's Indian Defense, Normal Variation, Rare Defenses"
d4 Nf6 c4 g6 Nc3 Bg7 e4 d6 Nf3 O-O Bg5,"King's Indian Defense, Zinnowitz Variation"
d4 Nf6 c4 g6 Nc3 Bg7 e4 d6 Nf3 O-O Be2 Na6,"King's Indian Defense, Kazakh Variation"
d4 Nf6 c4 g6 Nc3 Bg7 e4 d6 Nf3 O-O Be2,"King's Indian Defense, Orthodox Variation"
d4 Nf6 c4 g6 Nc3 Bg7 e4 d6 Nf3 O-O Be2 e5 dxe5,"King's Indian Defense, Exchange Variation"
d4 Nf6 c4 g6 Nc3 Bg7 e4 d6 Nf3 O-O Be2 e5,"King's Indian Defense, Orthodox Variation"
d4 Nf6 c4 g6 Nc3 Bg7 e4 d6 Nf3 O-O Be2 e5 Be3,"King's Indian Defense, Orthodox Variation, Gligoric-Taimanov System"
d4 Nf6 c4 g6 Nc3 Bg7 e4 d6 Nf3 O-O Be2 e5 d5,"King's Indian Defense, Petrosian Variation"
d4 Nf6 c4 g6 Nc3 Bg7 e4 d6 Nf3 O-O Be2 e5 d5 a5,"King's Indian Defense, Petrosian Variation, Stein Defense"
d4 Nf6 c4 g6 Nc3 Bg7 e4 d6 Nf3 O-O Be2 e5 d5 Nbd7 Bg5 h6 Bh4 g5 Bg3 Nh5 h4,"King's Indian Defense, Petrosian Variation, Keres Defense"
d4 Nf6 c4 g6 Nc3 Bg7 e4 d6 Nf3 O-O Be2 e5 d5 Nbd7,"King's Indian Defense, Petrosian Variation, Normal Defense"
d4 Nf6 c4 g6 Nc3 Bg7 e4 d6 Nf3 O-O Be2 e5 O-O,"King's Indian Defense, Orthodox Variation"
d4 Nf6 c4 g6 Nc3 Bg7 e4 d6 Nf3 O-O Be2 e5 O-O c6,"King's Indian Defense, Orthodox Variation, Donner Defense"
d4 Nf6 c4 g6 Nc3 Bg7 e4 d6 Nf3 O-O Be2 e5 O-O Na6,"King's Indian Defense, Orthodox Variation, Glek Defense"
d4 Nf6 c4 d6 Nc3 Nbd7 e4 e5 Nf3 g6 Be2 Bg7 O-O O-O,"King's Indian Defense, Orthodox Variation, Positional Defense"
d4 Nf6 c4 g6 Nc3 Bg7 e4 d6 Nf3 O-O Be2 Nbd7 O-O e5 d5,"King's Indian Defense, Orthodox Variation, Positional Defense, Closed Line"
d4 Nf6 c4 g6 Nc3 Bg7 e4 d6 Nf3 O-O Be2 e5 O-O a5,"King's Indian Defense, Orthodox Variation, Ukrainian Defense"
d4 Nf6 c4 g6 Nc3 Bg7 e4 d6 Nf3 O-O Be2 e5 O-O Nbd7 Re1,"King's Indian Defense, Orthodox Variation"
d4 Nf6 c4 g6 Nc3 Bg7 e4 d6 Nf3 O-O Be2 e5 O-O Nbd7 Re1 c6 Bf1 a5,"King's Indian Defense, Orthodox Variation, Positional Defense, Main Line"
d4 Nf6 c4 g6 Nc3 Bg7 e4 d6 Nf3 O-O Be2 e5 O-O Nc6,"King's Indian Defense, Orthodox Variation, Aronin-Taimanov Defense"
d4 Nf6 c4 g6 Nc3 Bg7 e4 d6 Nf3 O-O Be2 e5 O-O Nc6 d5 Ne7 b4,"King's Indian Defense, Orthodox Variation, Bayonet Attack"
d4 Nf6 c4 g6 Nc3 Bg7 e4 d6 Nf3 O-O Be2 e5 O-O Nc6 d5 Ne7 b4 Nh5 Re1,"King's Indian Defense, Orthodox Variation, Bayonet Attack, Sokolov's Line"
d4 Nf6 c4 g6 Nc3 Bg7 e4 d6 Nf3 O-O Be2 e5 O-O Nc6 d5 Ne7 b4 Nh5 Qc2,"King's Indian Defense, Orthodox Variation, Bayonet Attack, Yepishin's Line"
d4 Nf6 c4 g6 Nc3 Bg7 e4 d6 Nf3 O-O Be2 e5 O-O Nc6 d5 Ne7 Bd2,"King's Indian Defense, Orthodox Variation, Korchnoi Attack"
d4 Nf6 c4 g6 Nc3 Bg7 e4 d6 Nf3 O-O Be2 e5 O-O Nc6 d5 Ne7 Nd2,"King's Indian Defense, Orthodox Variation, Modern System"
d4 Nf6 c4 g6 Nc3 Bg7 e4 d6 Nf3 O-O Be2 e5 O-O Nc6 d5 Ne7 Ne1,"King's Indian Defense, Orthodox Variation, Classical System"
d4 Nf6 c4 g6 Nc3 Bg7 e4 d6 Nf3 O-O Be2 e5 O-O Nc6 d5 Ne7 Ne1 Nd7 Be3 f5 f3 f4 Bf2 g5 Rc1 Ng6 c5,"King's Indian Defense, Orthodox Variation, Classical System, Kozul Gambit"
d4 Nf6 c4 g6 Nc3 Bg7 e4 d6 Nf3 O-O Be2 e5 O-O Nc6 d5 Ne7 Ne1 Nd7 Be3,"King's Indian Defense, Orthodox Variation, Classical System, Neo-Classical Line"
d4 Nf6 c4 g6 Nc3 Bg7 e4 d6 Nf3 O-O Be2 e5 O-O Nc6 d5 Ne7 Ne1 Nd7 f3 f5 g4,"King's Indian Defense, Orthodox Variation, Classical System, Benko Attack"
d4 Nf6 c4 g6 Nc3 Bg7 e4 d6 Nf3 O-O Be2 e5 O-O Nc6 d5 Ne7 Ne1 Nd7 f3 f5,"King's Indian Defense, Orthodox Variation, Classical System, Traditional Line"
